x_star,y_star,c_avant,c_apres_ref,c_apres_pinn
0.000000000000000000e+00,0.000000000000000000e+00,1.011736297497563448e-02,1.011736297497563448e-02,1.845000684261322021e-02
2.008032128514056214e-02,0.000000000000000000e+00,2.039019688254969931e-02,5.928282014361832553e-02,6.088648736476898193e-02
4.016064257028112428e-02,0.000000000000000000e+00,3.023546388991696365e-02,1.043344795567171107e-01,1.024264544248580933e-01
6.024096385542168641e-02,0.000000000000000000e+00,3.979210946061579462e-02,1.457506797373340490e-01,1.419169157743453979e-01
8.032128514056224855e-02,0.000000000000000000e+00,4.914056923356013157e-02,1.836053720091002650e-01,1.787708252668380737e-01
1.004016064257028107e-01,0.000000000000000000e+00,5.832726839672509878e-02,2.179701903087175319e-01,2.127472013235092163e-01
1.204819277108433728e-01,0.000000000000000000e+00,6.737844185463509605e-02,2.489835607595593803e-01,2.438029497861862183e-01
1.405622489959839350e-01,0.000000000000000000e+00,7.630814659953541468e-02,2.768420325289139283e-01,2.720151543617248535e-01
1.606425702811244971e-01,0.000000000000000000e+00,8.512303323355566165e-02,3.017776560089731608e-01,2.975232005119323730e-01
1.807228915662650592e-01,0.000000000000000000e+00,9.382525914552808377e-02,3.240377454209064645e-01,3.205004334449768066e-01
2.008032128514056214e-01,0.000000000000000000e+00,1.024143059346367818e-01,3.438702549195570279e-01,3.411321043968200684e-01
2.208835341365461835e-01,0.000000000000000000e+00,1.108881326521415772e-01,3.615143342051710951e-01,3.596079945564270020e-01
2.409638554216867457e-01,0.000000000000000000e+00,1.192439157531313687e-01,3.771948153226826195e-01,3.761120438575744629e-01
2.610441767068273355e-01,0.000000000000000000e+00,1.274785256712651638e-01,3.911194290220053049e-01,3.908241391181945801e-01
2.811244979919678699e-01,0.000000000000000000e+00,1.355888320622086196e-01,4.034778102043362069e-01,4.039126038551330566e-01
3.012048192771084043e-01,0.000000000000000000e+00,1.435718957262043793e-01,4.144416186579964467e-01,4.155363440513610840e-01
3.212851405622489942e-01,0.000000000000000000e+00,1.514250846665651795e-01,4.241653160260655531e-01,4.258432984352111816e-01
3.413654618473895841e-01,0.000000000000000000e+00,1.591461389999548615e-01,4.327872970239579065e-01,4.349696040153503418e-01
3.614457831325301185e-01,0.000000000000000000e+00,1.667332013346666253e-01,4.404311820735932193e-01,4.430409073829650879e-01
3.815261044176706529e-01,0.000000000000000000e+00,1.741848239605526261e-01,4.472071519592552558e-01,4.501703381538391113e-01
4.016064257028112428e-01,0.000000000000000000e+00,1.814999606869008575e-01,4.532132533897234583e-01,4.564613699913024902e-01
4.216867469879518326e-01,0.000000000000000000e+00,1.886779487860929527e-01,4.585366354868112837e-01,4.620084166526794434e-01
4.417670682730923670e-01,0.000000000000000000e+00,1.957184848609580252e-01,4.632546969287671956e-01,4.668943285942077637e-01
4.618473895582329014e-01,0.000000000000000000e+00,2.026215973072727217e-01,4.674361356900703646e-01,4.711946845054626465e-01
4.819277108433734913e-01,0.000000000000000000e+00,2.093876172324415363e-01,4.711419006798445719e-01,4.749774336814880371e-01
5.020080321285140812e-01,0.000000000000000000e+00,2.160171491137533317e-01,4.744260488380531160e-01,4.783017039299011230e-01
5.220883534136546711e-01,0.000000000000000000e+00,2.225110420655933285e-01,4.773365135455881481e-01,4.812216162681579590e-01
5.421686746987951500e-01,0.000000000000000000e+00,2.288703622874287413e-01,4.799157912825817718e-01,4.837847352027893066e-01
5.622489959839357399e-01,0.000000000000000000e+00,2.350963670505576975e-01,4.822015538052445982e-01,4.860334992408752441e-01
5.823293172690763297e-01,0.000000000000000000e+00,2.411904804284759896e-01,4.842271930090882304e-01,4.880051016807556152e-01
6.024096385542168086e-01,0.000000000000000000e+00,2.471542708668295063e-01,4.860223052974589897e-01,4.897330403327941895e-01
6.224899598393573985e-01,0.000000000000000000e+00,2.529894306124292891e-01,4.876131217987091371e-01,4.912468791007995605e-01
6.425702811244979884e-01,0.000000000000000000e+00,2.586977569680626310e-01,4.890228902467137484e-01,4.925723671913146973e-01
6.626506024096385783e-01,0.000000000000000000e+00,2.642811353045087519e-01,4.902722138020202958e-01,4.937327504158020020e-01
6.827309236947791682e-01,0.000000000000000000e+00,2.697415237385679121e-01,4.913793515702792880e-01,4.947485327720642090e-01
7.028112449799196471e-01,0.000000000000000000e+00,2.750809393725876517e-01,4.923604850846658998e-01,4.956374764442443848e-01
7.228915662650602370e-01,0.000000000000000000e+00,2.803014459843105044e-01,4.932299545664774465e-01,4.964153170585632324e-01
7.429718875502008268e-01,0.000000000000000000e+00,2.854051430539864542e-01,4.940004683652416406e-01,4.970956444740295410e-01
7.630522088353413057e-01,0.000000000000000000e+00,2.903941560171286462e-01,4.946832886062379475e-01,4.976913332939147949e-01
7.831325301204818956e-01,0.000000000000000000e+00,2.952706276350026693e-01,4.952883957375007196e-01,4.982128739356994629e-01
8.032128514056224855e-01,0.000000000000000000e+00,3.000367103801320767e-01,4.958246343676368517e-01,4.986700415611267090e-01
8.232931726907630754e-01,0.000000000000000000e+00,3.046945597401946593e-01,4.962998425172579497e-01,4.990705847740173340e-01
8.433734939759036653e-01,0.000000000000000000e+00,3.092463283502641103e-01,4.967209661675600074e-01,4.994223713874816895e-01
8.634538152610441442e-01,0.000000000000000000e+00,3.136941608701029338e-01,4.970941607767172532e-01,4.997312426567077637e-01
8.835341365461847341e-01,0.000000000000000000e+00,3.180401895299301840e-01,4.974248812455769886e-01,5.000033974647521973e-01
9.036144578313253239e-01,0.000000000000000000e+00,3.222865302746156235e-01,4.977179616461528955e-01,5.002428889274597168e-01
9.236947791164658028e-01,0.000000000000000000e+00,3.264352794424968951e-01,4.979776858773177772e-01,5.004546046257019043e-01
9.437751004016063927e-01,0.000000000000000000e+00,3.304885109209100835e-01,4.982078502798338304e-01,5.006428360939025879e-01
9.638554216867469826e-01,0.000000000000000000e+00,3.344482737260348615e-01,4.984118191255488273e-01,5.008097290992736816e-01
9.839357429718875725e-01,0.000000000000000000e+00,3.383165899597693205e-01,4.985925737915785083e-01,5.009589791297912598e-01
1.004016064257028162e+00,0.000000000000000000e+00,3.420954531010601540e-01,4.987527563380761420e-01,5.010928511619567871e-01
1.024096385542168752e+00,0.000000000000000000e+00,3.457868265934315177e-01,4.988947081264547001e-01,5.012132525444030762e-01
1.044176706827309342e+00,0.000000000000000000e+00,3.493926426944021779e-01,4.990205040424671168e-01,5.013224482536315918e-01
1.064257028112449710e+00,0.000000000000000000e+00,3.529148015560624185e-01,4.991319828243348522e-01,5.014215111732482910e-01
1.084337349397590300e+00,0.000000000000000000e+00,3.563551705093329081e-01,4.992307739391964039e-01,5.015121102333068848e-01
1.104417670682730890e+00,0.000000000000000000e+00,3.597155835273658786e-01,4.993183214007076431e-01,5.015966296195983887e-01
1.124497991967871480e+00,0.000000000000000000e+00,3.629978408461986827e-01,4.993959048759187280e-01,5.016747117042541504e-01
1.144578313253012070e+00,0.000000000000000000e+00,3.662037087231533317e-01,4.994646583899380876e-01,5.017477869987487793e-01
1.164658634538152659e+00,0.000000000000000000e+00,3.693349193156216237e-01,4.995255869017782846e-01,5.018168091773986816e-01
1.184738955823293249e+00,0.000000000000000000e+00,3.723931706647937157e-01,4.995795809936715015e-01,5.018828511238098145e-01
1.204819277108433617e+00,0.000000000000000000e+00,3.753801267706135536e-01,4.996274298885598486e-01,5.019456744194030762e-01
1.224899598393574207e+00,0.000000000000000000e+00,3.782974177457839038e-01,4.996698329860357335e-01,5.020069479942321777e-01
1.244979919678714797e+00,0.000000000000000000e+00,3.811466400380209563e-01,4.997074100853504675e-01,5.020657181739807129e-01
1.265060240963855387e+00,0.000000000000000000e+00,3.839293567109905436e-01,4.997407104449196891e-01,5.021230578422546387e-01
1.285140562248995977e+00,0.000000000000000000e+00,3.866470977754518090e-01,4.997702208107433486e-01,5.021799206733703613e-01
1.305220883534136567e+00,0.000000000000000000e+00,3.893013605631158724e-01,4.997963725310934358e-01,5.022358298301696777e-01
1.325301204819277157e+00,0.000000000000000000e+00,3.918936101365961266e-01,4.998195478614616549e-01,5.022916197776794434e-01
1.345381526104417746e+00,0.000000000000000000e+00,3.944252797296046165e-01,4.998400855519259944e-01,5.023471713066101074e-01
1.365461847389558336e+00,0.000000000000000000e+00,3.968977712122362389e-01,4.998582857986063610e-01,5.024022459983825684e-01
1.385542168674698704e+00,0.000000000000000000e+00,3.993124555768008399e-01,4.998744146315828862e-01,5.024576783180236816e-01
1.405622489959839294e+00,0.000000000000000000e+00,4.016706734402036849e-01,4.998887078034146558e-01,5.025134682655334473e-01
1.425702811244979884e+00,0.000000000000000000e+00,4.039737355593632784e-01,4.999013742350968958e-01,5.025696158409118652e-01
1.445783132530120474e+00,0.000000000000000000e+00,4.062229233565826103e-01,4.999125990698256583e-01,5.026263594627380371e-01
1.465863453815261064e+00,0.000000000000000000e+00,4.084194894521750441e-01,4.999225463792058566e-01,5.026838183403015137e-01
1.485943775100401654e+00,0.000000000000000000e+00,4.105646582019810142e-01,4.999313615614597306e-01,5.027413964271545410e-01
1.506024096385542244e+00,0.000000000000000000e+00,4.126596262377139057e-01,4.999391734666895903e-01,5.028000473976135254e-01
1.526104417670682611e+00,0.000000000000000000e+00,4.147055630083399391e-01,4.999460962802586006e-01,5.028594136238098145e-01
1.546184738955823201e+00,0.000000000000000000e+00,4.167036113209299231e-01,4.999522311918199180e-01,5.029191374778747559e-01
1.566265060240963791e+00,0.000000000000000000e+00,4.186548878796320650e-01,4.999576678743897773e-01,5.029801726341247559e-01
1.586345381526104381e+00,0.000000000000000000e+00,4.205604838215983854e-01,4.999624857950835666e-01,5.030414462089538574e-01
1.606425702811244971e+00,0.000000000000000000e+00,4.224214652488585409e-01,4.999667553766737327e-01,5.031037926673889160e-01
1.626506024096385561e+00,0.000000000000000000e+00,4.242388737552833522e-01,4.999705390269480465e-01,5.031670928001403809e-01
1.646586345381526151e+00,0.000000000000000000e+00,4.260137269479021271e-01,4.999738920509144147e-01,5.032308697700500488e-01
1.666666666666666741e+00,0.000000000000000000e+00,4.277470189619552166e-01,4.999768634591853500e-01,5.032958388328552246e-01
1.686746987951807331e+00,0.000000000000000000e+00,4.294397209691590556e-01,4.999794966843579269e-01,5.033610463142395020e-01
1.706827309236947698e+00,0.000000000000000000e+00,4.310927816787495370e-01,4.999818302158612893e-01,5.034272074699401855e-01
1.726907630522088288e+00,0.000000000000000000e+00,4.327071278309456703e-01,4.999838981625503997e-01,5.034942030906677246e-01
1.746987951807228878e+00,0.000000000000000000e+00,4.342836646825438685e-01,4.999857307512693971e-01,5.035615563392639160e-01
1.767068273092369468e+00,0.000000000000000000e+00,4.358232764844124918e-01,4.999873547686732311e-01,5.036296248435974121e-01
1.787148594377510058e+00,0.000000000000000000e+00,4.373268269507066264e-01,4.999887939527630776e-01,5.036986470222473145e-01
1.807228915662650648e+00,0.000000000000000000e+00,4.387951597196711462e-01,4.999900693398616758e-01,5.037681460380554199e-01
1.827309236947791238e+00,0.000000000000000000e+00,4.402290988059386345e-01,4.999911995720973112e-01,5.038382411003112793e-01
1.847389558232931606e+00,0.000000000000000000e+00,4.416294490442633225e-01,4.999922011698930135e-01,5.039083361625671387e-01
1.867469879518072196e+00,0.000000000000000000e+00,4.429969965246631780e-01,4.999930887734424512e-01,5.039792656898498535e-01
1.887550200803212785e+00,0.000000000000000000e+00,4.443325090189688686e-01,4.999938753567040872e-01,5.040510296821594238e-01
1.907630522088353375e+00,0.000000000000000000e+00,4.456367363987999708e-01,4.999945724170392070e-01,5.041226744651794434e-01
1.927710843373493965e+00,0.000000000000000000e+00,4.469104110450097256e-01,4.999951901432664880e-01,5.041946768760681152e-01
1.947791164658634555e+00,0.000000000000000000e+00,4.481542482486565726e-01,4.999957375645910362e-01,5.042675137519836426e-01
1.967871485943775145e+00,0.000000000000000000e+00,4.493689466035747926e-01,4.999962226825823142e-01,5.043404698371887207e-01
1.987951807228915735e+00,0.000000000000000000e+00,4.505551883906291910e-01,4.999966525881322510e-01,5.044130682945251465e-01
2.008032128514056325e+00,0.000000000000000000e+00,4.517136399537488578e-01,4.999970335651007791e-01,5.044862627983093262e-01
2.028112449799196693e+00,0.000000000000000000e+00,4.528449520678468621e-01,4.999973711821675271e-01,5.045598149299621582e-01
2.048192771084337505e+00,0.000000000000000000e+00,4.539497602987339619e-01,4.999976703742264328e-01,5.046336054801940918e-01
2.068273092369477872e+00,0.000000000000000000e+00,4.550286853551487876e-01,4.999979355145198756e-01,5.047077536582946777e-01
2.088353413654618684e+00,0.000000000000000000e+00,4.560823334330244005e-01,4.999981704785609327e-01,5.047814249992370605e-01
2.108433734939759052e+00,0.000000000000000000e+00,4.571112965521197946e-01,4.999983787007813985e-01,5.048550963401794434e-01
2.128514056224899420e+00,0.000000000000000000e+00,4.581161528851475095e-01,4.999985632247317402e-01,5.049291253089904785e-01
2.148594377510040232e+00,0.000000000000000000e+00,4.590974670795277546e-01,4.999987267475689001e-01,5.050030350685119629e-01
2.168674698795180600e+00,0.000000000000000000e+00,4.600557905719069307e-01,4.999988716594800375e-01,5.050765872001647949e-01
2.188755020080321412e+00,0.000000000000000000e+00,4.609916618955727796e-01,4.999990000786189714e-01,5.051504969596862793e-01
2.208835341365461780e+00,0.000000000000000000e+00,4.619056069809054921e-01,4.999991138820678582e-01,5.052245259284973145e-01
2.228915662650602592e+00,0.000000000000000000e+00,4.627981394489982803e-01,4.999992147332733561e-01,5.052980780601501465e-01
2.248995983935742959e+00,0.000000000000000000e+00,4.636697608985870800e-01,4.999993041063615085e-01,5.053712725639343262e-01
2.269076305220883327e+00,0.000000000000000000e+00,4.645209611864219990e-01,4.999993833076842309e-01,5.054442286491394043e-01
2.289156626506024139e+00,0.000000000000000000e+00,4.653522187012178457e-01,4.999994534949146474e-01,5.055175423622131348e-01
2.309236947791164507e+00,0.000000000000000000e+00,4.661640006313161333e-01,4.999995156939681662e-01,5.055901408195495605e-01
2.329317269076305319e+00,0.000000000000000000e+00,4.669567632261915624e-01,4.999995708139983730e-01,5.056625008583068848e-01
2.349397590361445687e+00,0.000000000000000000e+00,4.677309520519352115e-01,4.999996196606857346e-01,5.057348608970642090e-01
2.369477911646586499e+00,0.000000000000000000e+00,4.684870022408420542e-01,4.999996629480145116e-01,5.058063864707946777e-01
2.389558232931726867e+00,0.000000000000000000e+00,4.692253387352326444e-01,4.999997013087085218e-01,5.058780312538146973e-01
2.409638554216867234e+00,0.000000000000000000e+00,4.699463765256332026e-01,4.999997353034800196e-01,5.059493184089660645e-01
2.429718875502008046e+00,0.000000000000000000e+00,4.706505208834396159e-01,4.999997654292250293e-01,5.060200095176696777e-01
2.449799196787148414e+00,0.000000000000000000e+00,4.713381675881864186e-01,4.999997921262867018e-01,5.060903429985046387e-01
2.469879518072289226e+00,0.000000000000000000e+00,4.720097031495415485e-01,4.999998157848919433e-01,5.061601996421813965e-01
2.489959839357429594e+00,0.000000000000000000e+00,4.726655050241440059e-01,4.999998367508546870e-01,5.062298178672790527e-01
2.510040160642570406e+00,0.000000000000000000e+00,4.733059418274006003e-01,4.999998553306308491e-01,5.062986016273498535e-01
2.530120481927710774e+00,0.000000000000000000e+00,4.739313735403560268e-01,4.999998717957982453e-01,5.063673853874206543e-01
2.550200803212851586e+00,0.000000000000000000e+00,4.745421517117467958e-01,4.999998863870254162e-01,5.064355731010437012e-01
2.570281124497991954e+00,0.000000000000000000e+00,4.751386196553484820e-01,4.999998993175900908e-01,5.065031647682189941e-01
2.590361445783132321e+00,0.000000000000000000e+00,4.757211126427242642e-01,4.999999107764960815e-01,5.065705180168151855e-01
2.610441767068273133e+00,0.000000000000000000e+00,4.762899580914786712e-01,4.999999209312367410e-01,5.066367983818054199e-01
2.630522088353413501e+00,0.000000000000000000e+00,4.768454757491203955e-01,4.999999299302420042e-01,5.067031979560852051e-01
2.650602409638554313e+00,0.000000000000000000e+00,4.773879778726337619e-01,4.999999379050488746e-01,5.067686438560485840e-01
2.670682730923694681e+00,0.000000000000000000e+00,4.779177694038586610e-01,4.999999449722237754e-01,5.068338513374328613e-01
2.690763052208835493e+00,0.000000000000000000e+00,4.784351481407742579e-01,4.999999512350665198e-01,5.068983435630798340e-01
2.710843373493975861e+00,0.000000000000000000e+00,4.789404049047822909e-01,4.999999567851200477e-01,5.069622397422790527e-01
2.730923694779116673e+00,0.000000000000000000e+00,4.794338237040804973e-01,4.999999617035088550e-01,5.070258975028991699e-01
2.751004016064257041e+00,0.000000000000000000e+00,4.799156818932183710e-01,4.999999660621239905e-01,5.070887207984924316e-01
2.771084337349397408e+00,0.000000000000000000e+00,4.803862503289226815e-01,4.999999699246745477e-01,5.071510672569274902e-01
2.791164658634538220e+00,0.000000000000000000e+00,4.808457935222790747e-01,4.999999733476190866e-01,5.072126984596252441e-01
2.811244979919678588e+00,0.000000000000000000e+00,4.812945697873550754e-01,4.999999763809902520e-01,5.072740912437438965e-01
2.831325301204819400e+00,0.000000000000000000e+00,4.817328313863459832e-01,4.999999790691260215e-01,5.073342919349670410e-01
2.851405622489959768e+00,0.000000000000000000e+00,4.821608246713252055e-01,4.999999814513184648e-01,5.073944926261901855e-01
2.871485943775100580e+00,0.000000000000000000e+00,4.825787902226784665e-01,4.999999835623879507e-01,5.074536204338073730e-01
2.891566265060240948e+00,0.000000000000000000e+00,4.829869629842968859e-01,4.999999854331916849e-01,5.075125098228454590e-01
2.911646586345381316e+00,0.000000000000000000e+00,4.833855723956078099e-01,4.999999870910747379e-01,5.075710415840148926e-01
2.931726907630522128e+00,0.000000000000000000e+00,4.837748425205131153e-01,4.999999885602702809e-01,5.076286196708679199e-01
2.951807228915662495e+00,0.000000000000000000e+00,4.841549921733102613e-01,4.999999898622533023e-01,5.076857209205627441e-01
2.971887550200803307e+00,0.000000000000000000e+00,4.845262350416643105e-01,4.999999910160543015e-01,5.077417492866516113e-01
2.991967871485943675e+00,0.000000000000000000e+00,4.848887798067011423e-01,4.999999920385383434e-01,5.077980160713195801e-01
3.012048192771084487e+00,0.000000000000000000e+00,4.852428302602875831e-01,4.999999929446510283e-01,5.078532099723815918e-01
3.032128514056224855e+00,0.000000000000000000e+00,4.855885854195650109e-01,4.999999937476369283e-01,5.079075694084167480e-01
3.052208835341365223e+00,0.000000000000000000e+00,4.859262396387996064e-01,4.999999944592330436e-01,5.079618096351623535e-01
3.072289156626506035e+00,0.000000000000000000e+00,4.862559827186130890e-01,4.999999950898407208e-01,5.080148577690124512e-01
3.092369477911646403e+00,0.000000000000000000e+00,4.865780000126537774e-01,4.999999956486774755e-01,5.080681443214416504e-01
3.112449799196787215e+00,0.000000000000000000e+00,4.868924725317676505e-01,4.999999961439116070e-01,5.081202387809753418e-01
3.132530120481927582e+00,0.000000000000000000e+00,4.871995770457285824e-01,4.999999965827817694e-01,5.081722140312194824e-01
3.152610441767068394e+00,0.000000000000000000e+00,4.874994861825837078e-01,4.999999969717031645e-01,5.082228779792785645e-01
3.172690763052208762e+00,0.000000000000000000e+00,4.877923685256690955e-01,4.999999973163603006e-01,5.082738995552062988e-01
3.192771084337349574e+00,0.000000000000000000e+00,4.880783887083511852e-01,4.999999976217912034e-01,5.083234906196594238e-01
3.212851405622489942e+00,0.000000000000000000e+00,4.883577075065450024e-01,4.999999978924603017e-01,5.083730816841125488e-01
3.232931726907630310e+00,0.000000000000000000e+00,4.886304819290623880e-01,4.999999981323238196e-01,5.084220767021179199e-01
3.253012048192771122e+00,0.000000000000000000e+00,4.888968653058383684e-01,4.999999983448878971e-01,5.084701180458068848e-01
3.273092369477911490e+00,0.000000000000000000e+00,4.891570073740872382e-01,4.999999985332597707e-01,5.085179209709167480e-01
3.293172690763052302e+00,0.000000000000000000e+00,4.894110543624334286e-01,4.999999987001927382e-01,5.085652470588684082e-01
3.313253012048192669e+00,0.000000000000000000e+00,4.896591490730649032e-01,4.999999988481266811e-01,5.086117386817932129e-01
3.333333333333333481e+00,0.000000000000000000e+00,4.899014309619542096e-01,4.999999989792239807e-01,5.086579918861389160e-01
3.353413654618473849e+00,0.000000000000000000e+00,4.901380362171909311e-01,4.999999990954008822e-01,5.087032914161682129e-01
3.373493975903614661e+00,0.000000000000000000e+00,4.903690978354677266e-01,4.999999991983551939e-01,5.087483525276184082e-01
3.393574297188755029e+00,0.000000000000000000e+00,4.905947456967624798e-01,4.999999992895921563e-01,5.087929368019104004e-01
3.413654618473895397e+00,0.000000000000000000e+00,4.908151066372554716e-01,4.999999993704450363e-01,5.088365674018859863e-01
3.433734939759036209e+00,0.000000000000000000e+00,4.910303045205211547e-01,4.999999994420959437e-01,5.088800787925720215e-01
3.453815261044176577e+00,0.000000000000000000e+00,4.912404603070325004e-01,4.999999995055922075e-01,5.089231133460998535e-01
3.473895582329317389e+00,0.000000000000000000e+00,4.914456921220122232e-01,4.999999995618617521e-01,5.089656710624694824e-01
3.493975903614457756e+00,0.000000000000000000e+00,4.916461153216685198e-01,4.999999996117271417e-01,5.090072751045227051e-01
3.514056224899598568e+00,0.000000000000000000e+00,4.918418425578459652e-01,4.999999996559171267e-01,5.090486407279968262e-01
3.534136546184738936e+00,0.000000000000000000e+00,4.920329838411252599e-01,4.999999996950777459e-01,5.090897679328918457e-01
3.554216867469879304e+00,0.000000000000000000e+00,4.922196466024004735e-01,4.999999997297813747e-01,5.091300606727600098e-01
3.574297188755020116e+00,0.000000000000000000e+00,4.924019357529633711e-01,4.999999997605352742e-01,5.091696381568908691e-01
3.594377510040160484e+00,0.000000000000000000e+00,4.925799537431214126e-01,4.999999997877891400e-01,5.092093348503112793e-01
3.614457831325301296e+00,0.000000000000000000e+00,4.927538006193726283e-01,4.999999998119410982e-01,5.092481970787048340e-01
3.634538152610441664e+00,0.000000000000000000e+00,4.929235740801612420e-01,4.999999998333443663e-01,5.092864632606506348e-01
3.654618473895582476e+00,0.000000000000000000e+00,4.930893695302329682e-01,4.999999998523116385e-01,5.093247294425964355e-01
3.674698795180722843e+00,0.000000000000000000e+00,4.932512801336081387e-01,4.999999998691202485e-01,5.093622803688049316e-01
3.694779116465863211e+00,0.000000000000000000e+00,4.934093968651857565e-01,4.999999998840158333e-01,5.093994736671447754e-01
3.714859437751004023e+00,0.000000000000000000e+00,4.935638085609900250e-01,4.999999998972162740e-01,5.094364285469055176e-01
3.734939759036144391e+00,0.000000000000000000e+00,4.937146019670670682e-01,4.999999999089140834e-01,5.094725489616394043e-01
3.755020080321285203e+00,0.000000000000000000e+00,4.938618617870331740e-01,4.999999999192805133e-01,5.095083117485046387e-01
3.775100401606425571e+00,0.000000000000000000e+00,4.940056707282739490e-01,4.999999999284671648e-01,5.095435976982116699e-01
3.795180722891566383e+00,0.000000000000000000e+00,4.941461095467861164e-01,4.999999999366082082e-01,5.095785260200500488e-01
3.815261044176706751e+00,0.000000000000000000e+00,4.942832570906489087e-01,4.999999999438226594e-01,5.096133351325988770e-01
3.835341365461847563e+00,0.000000000000000000e+00,4.944171903421027969e-01,4.999999999502162118e-01,5.096473097801208496e-01
3.855421686746987930e+00,0.000000000000000000e+00,4.945479844582073015e-01,4.999999999558818464e-01,5.096809267997741699e-01
3.875502008032128298e+00,0.000000000000000000e+00,4.946757128100378043e-01,4.999999999609029411e-01,5.097145438194274902e-01
3.895582329317269110e+00,0.000000000000000000e+00,4.948004470203729022e-01,4.999999999653524374e-01,5.097472071647644043e-01
3.915662650602409478e+00,0.000000000000000000e+00,4.949222569998065757e-01,4.999999999692955055e-01,5.097797513008117676e-01
3.935742971887550290e+00,0.000000000000000000e+00,4.950412109812110661e-01,4.999999999727898770e-01,5.098118185997009277e-01
3.955823293172690658e+00,0.000000000000000000e+00,4.951573755524520948e-01,4.999999999758864555e-01,5.098438858985900879e-01
3.975903614457831470e+00,0.000000000000000000e+00,4.952708156872440148e-01,4.999999999786304827e-01,5.098751187324523926e-01
3.995983935742971838e+00,0.000000000000000000e+00,4.953815947740056735e-01,4.999999999810622042e-01,5.099059939384460449e-01
4.016064257028112650e+00,0.000000000000000000e+00,4.954897746425531158e-01,4.999999999832172026e-01,5.099362730979919434e-01
4.036144578313252573e+00,0.000000000000000000e+00,4.955954155884315648e-01,4.999999999851269528e-01,5.099669098854064941e-01
4.056224899598393385e+00,0.000000000000000000e+00,4.956985763946575863e-01,4.999999999868193212e-01,5.099969506263732910e-01
4.076305220883534197e+00,0.000000000000000000e+00,4.957993143505938782e-01,4.999999999883189550e-01,5.100268721580505371e-01
4.096385542168675009e+00,0.000000000000000000e+00,4.958976852676370006e-01,4.999999999896481140e-01,5.100554823875427246e-01
4.116465863453814933e+00,0.000000000000000000e+00,4.959937434913354593e-01,4.999999999908259496e-01,5.100844502449035645e-01
4.136546184738955745e+00,0.000000000000000000e+00,4.960875419094957772e-01,4.999999999918699478e-01,5.101131796836853027e-01
4.156626506024096557e+00,0.000000000000000000e+00,4.961791319557520841e-01,4.999999999927949856e-01,5.101413130760192871e-01
4.176706827309237369e+00,0.000000000000000000e+00,4.962685636079903206e-01,4.999999999936146078e-01,5.101694464683532715e-01
4.196787148594377292e+00,0.000000000000000000e+00,4.963558853809122429e-01,4.999999999943409712e-01,5.101971030235290527e-01
4.216867469879518104e+00,0.000000000000000000e+00,4.964411443119072787e-01,4.999999999949847340e-01,5.102245211601257324e-01
4.236947791164658916e+00,0.000000000000000000e+00,4.965243859392607928e-01,4.999999999955552221e-01,5.102513432502746582e-01
4.257028112449798840e+00,0.000000000000000000e+00,4.966056542715671651e-01,4.999999999960606512e-01,5.102780461311340332e-01
4.277108433734939652e+00,0.000000000000000000e+00,4.966849917470319009e-01,4.999999999965085706e-01,5.103042721748352051e-01
4.297188755020080464e+00,0.000000000000000000e+00,4.967624391811336637e-01,4.999999999969055864e-01,5.103304982185363770e-01
4.317269076305221276e+00,0.000000000000000000e+00,4.968380357008702064e-01,4.999999999972574161e-01,5.103562474250793457e-01
4.337349397590361200e+00,0.000000000000000000e+00,4.969118186635309575e-01,4.999999999975692222e-01,5.103815197944641113e-01
4.357429718875502012e+00,0.000000000000000000e+00,4.969838235576124474e-01,4.999999999978456122e-01,5.104067921638488770e-01
4.377510040160642824e+00,0.000000000000000000e+00,4.970540838831253860e-01,4.999999999980907495e-01,5.104315876960754395e-01
4.397590361445782747e+00,0.000000000000000000e+00,4.971226310081177102e-01,4.999999999983079091e-01,5.104567408561706543e-01
4.417670682730923559e+00,0.000000000000000000e+00,4.971894939977579142e-01,4.999999999985002552e-01,5.104804635047912598e-01
4.437751004016064371e+00,0.000000000000000000e+00,4.972546994117876817e-01,4.999999999986706190e-01,5.105050206184387207e-01
4.457831325301205183e+00,0.000000000000000000e+00,4.973182710655426608e-01,4.999999999988216093e-01,5.105287432670593262e-01
4.477911646586345107e+00,0.000000000000000000e+00,4.973802297490733104e-01,4.999999999989555022e-01,5.105522274971008301e-01
4.497991967871485919e+00,0.000000000000000000e+00,4.974405928981587288e-01,4.999999999990741295e-01,5.105754733085632324e-01
4.518072289156626731e+00,0.000000000000000000e+00,4.974993742102107874e-01,4.999999999991789901e-01,5.105988383293151855e-01
4.538152610441766655e+00,0.000000000000000000e+00,4.975565831972220687e-01,4.999999999992720268e-01,5.106216073036193848e-01
4.558232931726907466e+00,0.000000000000000000e+00,4.976122246670389160e-01,4.999999999993544608e-01,5.106444954872131348e-01
4.578313253012048278e+00,0.000000000000000000e+00,4.976662981233853089e-01,4.999999999994276800e-01,5.106663107872009277e-01
4.598393574297189090e+00,0.000000000000000000e+00,4.977187970742676937e-01,4.999999999994926281e-01,5.106887221336364746e-01
4.618473895582329014e+00,0.000000000000000000e+00,4.977697082377590676e-01,4.999999999995500266e-01,5.107105374336242676e-01
4.638554216867469826e+00,0.000000000000000000e+00,4.978190106337962995e-01,4.999999999996007638e-01,5.107324719429016113e-01
4.658634538152610638e+00,0.000000000000000000e+00,4.978666745507360769e-01,4.999999999996457278e-01,5.107535719871520996e-01
4.678714859437750562e+00,0.000000000000000000e+00,4.979126603762439318e-01,4.999999999996854738e-01,5.107743144035339355e-01
4.698795180722891374e+00,0.000000000000000000e+00,4.979569172840158098e-01,4.999999999997207789e-01,5.107955336570739746e-01
4.718875502008032186e+00,0.000000000000000000e+00,4.979993817713784798e-01,4.999999999997519207e-01,5.108166337013244629e-01
4.738955823293172998e+00,0.000000000000000000e+00,4.980399760487044802e-01,4.999999999997793432e-01,5.108371376991271973e-01
4.759036144578312921e+00,0.000000000000000000e+00,4.980786062908365008e-01,4.999999999998038236e-01,5.108572840690612793e-01
4.779116465863453733e+00,0.000000000000000000e+00,4.981151607747564269e-01,4.999999999998253064e-01,5.108771920204162598e-01
4.799196787148594545e+00,0.000000000000000000e+00,4.981495079485553923e-01,4.999999999998440137e-01,5.108973383903503418e-01
4.819277108433734469e+00,0.000000000000000000e+00,4.981814945071272316e-01,4.999999999998603895e-01,5.109174847602844238e-01
4.839357429718875281e+00,0.000000000000000000e+00,4.982109435938799624e-01,4.999999999998749334e-01,5.109366774559020996e-01
4.859437751004016093e+00,0.000000000000000000e+00,4.982376533107761296e-01,4.999999999998874789e-01,5.109562277793884277e-01
4.879518072289156905e+00,0.000000000000000000e+00,4.982613958094389006e-01,4.999999999998981370e-01,5.109750628471374512e-01
4.899598393574296828e+00,0.000000000000000000e+00,4.982819173662977885e-01,4.999999999999070188e-01,5.109940171241760254e-01
4.919678714859437640e+00,0.000000000000000000e+00,4.982989400340482322e-01,4.999999999999142908e-01,5.110130906105041504e-01
4.939759036144578452e+00,0.000000000000000000e+00,4.983121657412549199e-01,4.999999999999198419e-01,5.110315680503845215e-01
4.959839357429719264e+00,0.000000000000000000e+00,4.983212841346120192e-01,4.999999999999235611e-01,5.110500454902648926e-01
4.979919678714859188e+00,0.000000000000000000e+00,4.983259861183602091e-01,4.999999999999254485e-01,5.110681653022766113e-01
5.000000000000000000e+00,0.000000000000000000e+00,4.983259861183602091e-01,4.999999999999254485e-01,5.110865235328674316e-01
0.000000000000000000e+00,4.166666666666666435e-02,1.011736297497563448e-02,1.011736297497563448e-02,1.696948707103729248e-02
2.008032128514056214e-02,4.166666666666666435e-02,2.039019688254969931e-02,5.928282014361832553e-02,6.086365878582000732e-02
4.016064257028112428e-02,4.166666666666666435e-02,3.023546388991696365e-02,1.043344795567171107e-01,1.033136099576950073e-01
6.024096385542168641e-02,4.166666666666666435e-02,3.979210946061579462e-02,1.457506797373340490e-01,1.433212012052536011e-01
8.032128514056224855e-02,4.166666666666666435e-02,4.914056923356013157e-02,1.836053720091002650e-01,1.804146021604537964e-01
1.004016064257028107e-01,4.166666666666666435e-02,5.832726839672509878e-02,2.179701903087175319e-01,2.144389599561691284e-01
1.204819277108433728e-01,4.166666666666666435e-02,6.737844185463509605e-02,2.489835607595593803e-01,2.454179972410202026e-01
1.405622489959839350e-01,4.166666666666666435e-02,7.630814659953541468e-02,2.768420325289139283e-01,2.734784483909606934e-01
1.606425702811244971e-01,4.166666666666666435e-02,8.512303323355566165e-02,3.017776560089731608e-01,2.987959980964660645e-01
1.807228915662650592e-01,4.166666666666666435e-02,9.382525914552808377e-02,3.240377454209064645e-01,3.215665221214294434e-01
2.008032128514056214e-01,4.166666666666666435e-02,1.024143059346367818e-01,3.438702549195570279e-01,3.419932723045349121e-01
2.208835341365461835e-01,4.166666666666666435e-02,1.108881326521415772e-01,3.615143342051710951e-01,3.602756857872009277e-01
2.409638554216867457e-01,4.166666666666666435e-02,1.192439157531313687e-01,3.771948153226826195e-01,3.766054511070251465e-01
2.610441767068273355e-01,4.166666666666666435e-02,1.274785256712651638e-01,3.911194290220053049e-01,3.911647200584411621e-01
2.811244979919678699e-01,4.166666666666666435e-02,1.355888320622086196e-01,4.034778102043362069e-01,4.041237235069274902e-01
3.012048192771084043e-01,4.166666666666666435e-02,1.435718957262043793e-01,4.144416186579964467e-01,4.156398177146911621e-01
3.212851405622489942e-01,4.166666666666666435e-02,1.514250846665651795e-01,4.241653160260655531e-01,4.258610606193542480e-01
3.413654618473895841e-01,4.166666666666666435e-02,1.591461389999548615e-01,4.327872970239579065e-01,4.349197745323181152e-01
3.614457831325301185e-01,4.166666666666666435e-02,1.667332013346666253e-01,4.404311820735932193e-01,4.429401755332946777e-01
3.815261044176706529e-01,4.166666666666666435e-02,1.741848239605526261e-01,4.472071519592552558e-01,4.500325322151184082e-01
4.016064257028112428e-01,4.166666666666666435e-02,1.814999606869008575e-01,4.532132533897234583e-01,4.562990069389343262e-01
4.216867469879518326e-01,4.166666666666666435e-02,1.886779487860929527e-01,4.585366354868112837e-01,4.618306756019592285e-01
4.417670682730923670e-01,4.166666666666666435e-02,1.957184848609580252e-01,4.632546969287671956e-01,4.667087197303771973e-01
4.618473895582329014e-01,4.166666666666666435e-02,2.026215973072727217e-01,4.674361356900703646e-01,4.710075259208679199e-01
4.819277108433734913e-01,4.166666666666666435e-02,2.093876172324415363e-01,4.711419006798445719e-01,4.747928977012634277e-01
5.020080321285140812e-01,4.166666666666666435e-02,2.160171491137533317e-01,4.744260488380531160e-01,4.781236052513122559e-01
5.220883534136546711e-01,4.166666666666666435e-02,2.225110420655933285e-01,4.773365135455881481e-01,4.810530543327331543e-01
5.421686746987951500e-01,4.166666666666666435e-02,2.288703622874287413e-01,4.799157912825817718e-01,4.836267828941345215e-01
5.622489959839357399e-01,4.166666666666666435e-02,2.350963670505576975e-01,4.822015538052445982e-01,4.858871102333068848e-01
5.823293172690763297e-01,4.166666666666666435e-02,2.411904804284759896e-01,4.842271930090882304e-01,4.878714680671691895e-01
6.024096385542168086e-01,4.166666666666666435e-02,2.471542708668295063e-01,4.860223052974589897e-01,4.896122813224792480e-01
6.224899598393573985e-01,4.166666666666666435e-02,2.529894306124292891e-01,4.876131217987091371e-01,4.911386370658874512e-01
6.425702811244979884e-01,4.166666666666666435e-02,2.586977569680626310e-01,4.890228902467137484e-01,4.924767613410949707e-01
6.626506024096385783e-01,4.166666666666666435e-02,2.642811353045087519e-01,4.902722138020202958e-01,4.936489462852478027e-01
6.827309236947791682e-01,4.166666666666666435e-02,2.697415237385679121e-01,4.913793515702792880e-01,4.946764111518859863e-01
7.028112449799196471e-01,4.166666666666666435e-02,2.750809393725876517e-01,4.923604850846658998e-01,4.955756068229675293e-01
7.228915662650602370e-01,4.166666666666666435e-02,2.803014459843105044e-01,4.932299545664774465e-01,4.963636994361877441e-01
7.429718875502008268e-01,4.166666666666666435e-02,2.854051430539864542e-01,4.940004683652416406e-01,4.970534443855285645e-01
7.630522088353413057e-01,4.166666666666666435e-02,2.903941560171286462e-01,4.946832886062379475e-01,4.976577162742614746e-01
7.831325301204818956e-01,4.166666666666666435e-02,2.952706276350026693e-01,4.952883957375007196e-01,4.981867671012878418e-01
8.032128514056224855e-01,4.166666666666666435e-02,3.000367103801320767e-01,4.958246343676368517e-01,4.986512064933776855e-01
8.232931726907630754e-01,4.166666666666666435e-02,3.046945597401946593e-01,4.962998425172579497e-01,4.990580677986145020e-01
8.433734939759036653e-01,4.166666666666666435e-02,3.092463283502641103e-01,4.967209661675600074e-01,4.994154572486877441e-01
8.634538152610441442e-01,4.166666666666666435e-02,3.136941608701029338e-01,4.970941607767172532e-01,4.997293353080749512e-01
8.835341365461847341e-01,4.166666666666666435e-02,3.180401895299301840e-01,4.974248812455769886e-01,5.000054240226745605e-01
9.036144578313253239e-01,4.166666666666666435e-02,3.222865302746156235e-01,4.977179616461528955e-01,5.002488493919372559e-01
9.236947791164658028e-01,4.166666666666666435e-02,3.264352794424968951e-01,4.979776858773177772e-01,5.004641413688659668e-01
9.437751004016063927e-01,4.166666666666666435e-02,3.304885109209100835e-01,4.982078502798338304e-01,5.006548762321472168e-01
9.638554216867469826e-01,4.166666666666666435e-02,3.344482737260348615e-01,4.984118191255488273e-01,5.008241534233093262e-01
9.839357429718875725e-01,4.166666666666666435e-02,3.383165899597693205e-01,4.985925737915785083e-01,5.009745955467224121e-01
1.004016064257028162e+00,4.166666666666666435e-02,3.420954531010601540e-01,4.987527563380761420e-01,5.011101365089416504e-01
1.024096385542168752e+00,4.166666666666666435e-02,3.457868265934315177e-01,4.988947081264547001e-01,5.012313723564147949e-01
1.044176706827309342e+00,4.166666666666666435e-02,3.493926426944021779e-01,4.990205040424671168e-01,5.013410449028015137e-01
1.064257028112449710e+00,4.166666666666666435e-02,3.529148015560624185e-01,4.991319828243348522e-01,5.014409422874450684e-01
1.084337349397590300e+00,4.166666666666666435e-02,3.563551705093329081e-01,4.992307739391964039e-01,5.015320181846618652e-01
1.104417670682730890e+00,4.166666666666666435e-02,3.597155835273658786e-01,4.993183214007076431e-01,5.016160607337951660e-01
1.124497991967871480e+00,4.166666666666666435e-02,3.629978408461986827e-01,4.993959048759187280e-01,5.016943812370300293e-01
1.144578313253012070e+00,4.166666666666666435e-02,3.662037087231533317e-01,4.994646583899380876e-01,5.017670989036560059e-01
1.164658634538152659e+00,4.166666666666666435e-02,3.693349193156216237e-01,4.995255869017782846e-01,5.018357634544372559e-01
1.184738955823293249e+00,4.166666666666666435e-02,3.723931706647937157e-01,4.995795809936715015e-01,5.019009709358215332e-01
1.204819277108433617e+00,4.166666666666666435e-02,3.753801267706135536e-01,4.996274298885598486e-01,5.019631981849670410e-01
1.224899598393574207e+00,4.166666666666666435e-02,3.782974177457839038e-01,4.996698329860357335e-01,5.020231604576110840e-01
1.244979919678714797e+00,4.166666666666666435e-02,3.811466400380209563e-01,4.997074100853504675e-01,5.020815730094909668e-01
1.265060240963855387e+00,4.166666666666666435e-02,3.839293567109905436e-01,4.997407104449196891e-01,5.021381974220275879e-01
1.285140562248995977e+00,4.166666666666666435e-02,3.866470977754518090e-01,4.997702208107433486e-01,5.021938681602478027e-01
1.305220883534136567e+00,4.166666666666666435e-02,3.893013605631158724e-01,4.997963725310934358e-01,5.022489428520202637e-01
1.325301204819277157e+00,4.166666666666666435e-02,3.918936101365961266e-01,4.998195478614616549e-01,5.023034214973449707e-01
1.345381526104417746e+00,4.166666666666666435e-02,3.944252797296046165e-01,4.998400855519259944e-01,5.023573040962219238e-01
1.365461847389558336e+00,4.166666666666666435e-02,3.968977712122362389e-01,4.998582857986063610e-01,5.024119019508361816e-01
1.385542168674698704e+00,4.166666666666666435e-02,3.993124555768008399e-01,4.998744146315828862e-01,5.024663805961608887e-01
1.405622489959839294e+00,4.166666666666666435e-02,4.016706734402036849e-01,4.998887078034146558e-01,5.025207400321960449e-01
1.425702811244979884e+00,4.166666666666666435e-02,4.039737355593632784e-01,4.999013742350968958e-01,5.025758147239685059e-01
1.445783132530120474e+00,4.166666666666666435e-02,4.062229233565826103e-01,4.999125990698256583e-01,5.026311278343200684e-01
1.465863453815261064e+00,4.166666666666666435e-02,4.084194894521750441e-01,4.999225463792058566e-01,5.026876330375671387e-01
1.485943775100401654e+00,4.166666666666666435e-02,4.105646582019810142e-01,4.999313615614597306e-01,5.027444958686828613e-01
1.506024096385542244e+00,4.166666666666666435e-02,4.126596262377139057e-01,4.999391734666895903e-01,5.028020739555358887e-01
1.526104417670682611e+00,4.166666666666666435e-02,4.147055630083399391e-01,4.999460962802586006e-01,5.028602480888366699e-01
1.546184738955823201e+00,4.166666666666666435e-02,4.167036113209299231e-01,4.999522311918199180e-01,5.029193758964538574e-01
1.566265060240963791e+00,4.166666666666666435e-02,4.186548878796320650e-01,4.999576678743897773e-01,5.029787421226501465e-01
1.586345381526104381e+00,4.166666666666666435e-02,4.205604838215983854e-01,4.999624857950835666e-01,5.030393004417419434e-01
1.606425702811244971e+00,4.166666666666666435e-02,4.224214652488585409e-01,4.999667553766737327e-01,5.031005740165710449e-01
1.626506024096385561e+00,4.166666666666666435e-02,4.242388737552833522e-01,4.999705390269480465e-01,5.031625628471374512e-01
1.646586345381526151e+00,4.166666666666666435e-02,4.260137269479021271e-01,4.999738920509144147e-01,5.032255053520202637e-01
1.666666666666666741e+00,4.166666666666666435e-02,4.277470189619552166e-01,4.999768634591853500e-01,5.032891631126403809e-01
1.686746987951807331e+00,4.166666666666666435e-02,4.294397209691590556e-01,4.999794966843579269e-01,5.033530592918395996e-01
1.706827309236947698e+00,4.166666666666666435e-02,4.310927816787495370e-01,4.999818302158612893e-01,5.034183859825134277e-01
1.726907630522088288e+00,4.166666666666666435e-02,4.327071278309456703e-01,4.999838981625503997e-01,5.034841895103454590e-01
1.746987951807228878e+00,4.166666666666666435e-02,4.342836646825438685e-01,4.999857307512693971e-01,5.035508275032043457e-01
1.767068273092369468e+00,4.166666666666666435e-02,4.358232764844124918e-01,4.999873547686732311e-01,5.036177039146423340e-01
1.787148594377510058e+00,4.166666666666666435e-02,4.373268269507066264e-01,4.999887939527630776e-01,5.036850571632385254e-01
1.807228915662650648e+00,4.166666666666666435e-02,4.387951597196711462e-01,4.999900693398616758e-01,5.037534832954406738e-01
1.827309236947791238e+00,4.166666666666666435e-02,4.402290988059386345e-01,4.999911995720973112e-01,5.038223862648010254e-01
1.847389558232931606e+00,4.166666666666666435e-02,4.416294490442633225e-01,4.999922011698930135e-01,5.038917660713195801e-01
1.867469879518072196e+00,4.166666666666666435e-02,4.429969965246631780e-01,4.999930887734424512e-01,5.039613842964172363e-01
1.887550200803212785e+00,4.166666666666666435e-02,4.443325090189688686e-01,4.999938753567040872e-01,5.040315985679626465e-01
1.907630522088353375e+00,4.166666666666666435e-02,4.456367363987999708e-01,4.999945724170392070e-01,5.041020512580871582e-01
1.927710843373493965e+00,4.166666666666666435e-02,4.469104110450097256e-01,4.999951901432664880e-01,5.041734576225280762e-01
1.947791164658634555e+00,4.166666666666666435e-02,4.481542482486565726e-01,4.999957375645910362e-01,5.042448639869689941e-01
1.967871485943775145e+00,4.166666666666666435e-02,4.493689466035747926e-01,4.999962226825823142e-01,5.043162703514099121e-01
1.987951807228915735e+00,4.166666666666666435e-02,4.505551883906291910e-01,4.999966525881322510e-01,5.043883919715881348e-01
2.008032128514056325e+00,4.166666666666666435e-02,4.517136399537488578e-01,4.999970335651007791e-01,5.044605135917663574e-01
2.028112449799196693e+00,4.166666666666666435e-02,4.528449520678468621e-01,4.999973711821675271e-01,5.045327544212341309e-01
2.048192771084337505e+00,4.166666666666666435e-02,4.539497602987339619e-01,4.999976703742264328e-01,5.046051144599914551e-01
2.068273092369477872e+00,4.166666666666666435e-02,4.550286853551487876e-01,4.999979355145198756e-01,5.046778321266174316e-01
2.088353413654618684e+00,4.166666666666666435e-02,4.560823334330244005e-01,4.999981704785609327e-01,5.047506690025329590e-01
2.108433734939759052e+00,4.166666666666666435e-02,4.571112965521197946e-01,4.999983787007813985e-01,5.048232674598693848e-01
2.128514056224899420e+00,4.166666666666666435e-02,4.581161528851475095e-01,4.999985632247317402e-01,5.048961043357849121e-01
2.148594377510040232e+00,4.166666666666666435e-02,4.590974670795277546e-01,4.999987267475689001e-01,5.049688220024108887e-01
2.168674698795180600e+00,4.166666666666666435e-02,4.600557905719069307e-01,4.999988716594800375e-01,5.050414204597473145e-01
2.188755020080321412e+00,4.166666666666666435e-02,4.609916618955727796e-01,4.999990000786189714e-01,5.051140189170837402e-01
2.208835341365461780e+00,4.166666666666666435e-02,4.619056069809054921e-01,4.999991138820678582e-01,5.051864981651306152e-01
2.228915662650602592e+00,4.166666666666666435e-02,4.627981394489982803e-01,4.999992147332733561e-01,5.052589774131774902e-01
2.248995983935742959e+00,4.166666666666666435e-02,4.636697608985870800e-01,4.999993041063615085e-01,5.053313374519348145e-01
2.269076305220883327e+00,4.166666666666666435e-02,4.645209611864219990e-01,4.999993833076842309e-01,5.054032206535339355e-01
2.289156626506024139e+00,4.166666666666666435e-02,4.653522187012178457e-01,4.999994534949146474e-01,5.054752230644226074e-01
2.309236947791164507e+00,4.166666666666666435e-02,4.661640006313161333e-01,4.999995156939681662e-01,5.055463910102844238e-01
2.329317269076305319e+00,4.166666666666666435e-02,4.669567632261915624e-01,4.999995708139983730e-01,5.056179165840148926e-01
2.349397590361445687e+00,4.166666666666666435e-02,4.677309520519352115e-01,4.999996196606857346e-01,5.056890845298767090e-01
2.369477911646586499e+00,4.166666666666666435e-02,4.684870022408420542e-01,4.999996629480145116e-01,5.057598948478698730e-01
2.389558232931726867e+00,4.166666666666666435e-02,4.692253387352326444e-01,4.999997013087085218e-01,5.058303475379943848e-01
2.409638554216867234e+00,4.166666666666666435e-02,4.699463765256332026e-01,4.999997353034800196e-01,5.059006810188293457e-01
2.429718875502008046e+00,4.166666666666666435e-02,4.706505208834396159e-01,4.999997654292250293e-01,5.059701800346374512e-01
2.449799196787148414e+00,4.166666666666666435e-02,4.713381675881864186e-01,4.999997921262867018e-01,5.060394406318664551e-01
2.469879518072289226e+00,4.166666666666666435e-02,4.720097031495415485e-01,4.999998157848919433e-01,5.061087012290954590e-01
2.489959839357429594e+00,4.166666666666666435e-02,4.726655050241440059e-01,4.999998367508546870e-01,5.061771273612976074e-01
2.510040160642570406e+00,4.166666666666666435e-02,4.733059418274006003e-01,4.999998553306308491e-01,5.062453150749206543e-01
2.530120481927710774e+00,4.166666666666666435e-02,4.739313735403560268e-01,4.999998717957982453e-01,5.063129067420959473e-01
2.550200803212851586e+00,4.166666666666666435e-02,4.745421517117467958e-01,4.999998863870254162e-01,5.063804984092712402e-01
2.570281124497991954e+00,4.166666666666666435e-02,4.751386196553484820e-01,4.999998993175900908e-01,5.064473748207092285e-01
2.590361445783132321e+00,4.166666666666666435e-02,4.757211126427242642e-01,4.999999107764960815e-01,5.065132975578308105e-01
2.610441767068273133e+00,4.166666666666666435e-02,4.762899580914786712e-01,4.999999209312367410e-01,5.065793395042419434e-01
2.630522088353413501e+00,4.166666666666666435e-02,4.768454757491203955e-01,4.999999299302420042e-01,5.066446661949157715e-01
2.650602409638554313e+00,4.166666666666666435e-02,4.773879778726337619e-01,4.999999379050488746e-01,5.067095160484313965e-01
2.670682730923694681e+00,4.166666666666666435e-02,4.779177694038586610e-01,4.999999449722237754e-01,5.067742466926574707e-01
2.690763052208835493e+00,4.166666666666666435e-02,4.784351481407742579e-01,4.999999512350665198e-01,5.068373084068298340e-01
2.710843373493975861e+00,4.166666666666666435e-02,4.789404049047822909e-01,4.999999567851200477e-01,5.069007277488708496e-01
2.730923694779116673e+00,4.166666666666666435e-02,4.794338237040804973e-01,4.999999617035088550e-01,5.069635510444641113e-01
2.751004016064257041e+00,4.166666666666666435e-02,4.799156818932183710e-01,4.999999660621239905e-01,5.070257782936096191e-01
2.771084337349397408e+00,4.166666666666666435e-02,4.803862503289226815e-01,4.999999699246745477e-01,5.070876479148864746e-01
2.791164658634538220e+00,4.166666666666666435e-02,4.808457935222790747e-01,4.999999733476190866e-01,5.071486830711364746e-01
2.811244979919678588e+00,4.166666666666666435e-02,4.812945697873550754e-01,4.999999763809902520e-01,5.072088837623596191e-01
2.831325301204819400e+00,4.166666666666666435e-02,4.817328313863459832e-01,4.999999790691260215e-01,5.072686076164245605e-01
2.851405622489959768e+00,4.166666666666666435e-02,4.821608246713252055e-01,4.999999814513184648e-01,5.073283314704895020e-01
2.871485943775100580e+00,4.166666666666666435e-02,4.825787902226784665e-01,4.999999835623879507e-01,5.073871016502380371e-01
2.891566265060240948e+00,4.166666666666666435e-02,4.829869629842968859e-01,4.999999854331916849e-01,5.074455142021179199e-01
2.911646586345381316e+00,4.166666666666666435e-02,4.833855723956078099e-01,4.999999870910747379e-01,5.075027346611022949e-01
2.931726907630522128e+00,4.166666666666666435e-02,4.837748425205131153e-01,4.999999885602702809e-01,5.075600743293762207e-01
2.951807228915662495e+00,4.166666666666666435e-02,4.841549921733102613e-01,4.999999898622533023e-01,5.076164603233337402e-01
2.971887550200803307e+00,4.166666666666666435e-02,4.845262350416643105e-01,4.999999910160543015e-01,5.076726078987121582e-01
2.991967871485943675e+00,4.166666666666666435e-02,4.848887798067011423e-01,4.999999920385383434e-01,5.077279210090637207e-01
3.012048192771084487e+00,4.166666666666666435e-02,4.852428302602875831e-01,4.999999929446510283e-01,5.077825188636779785e-01
3.032128514056224855e+00,4.166666666666666435e-02,4.855885854195650109e-01,4.999999937476369283e-01,5.078368782997131348e-01
3.052208835341365223e+00,4.166666666666666435e-02,4.859262396387996064e-01,4.999999944592330436e-01,5.078905224800109863e-01
3.072289156626506035e+00,4.166666666666666435e-02,4.862559827186130890e-01,4.999999950898407208e-01,5.079435706138610840e-01
3.092369477911646403e+00,4.166666666666666435e-02,4.865780000126537774e-01,4.999999956486774755e-01,5.079960227012634277e-01
3.112449799196787215e+00,4.166666666666666435e-02,4.868924725317676505e-01,4.999999961439116070e-01,5.080479979515075684e-01
3.132530120481927582e+00,4.166666666666666435e-02,4.871995770457285824e-01,4.999999965827817694e-01,5.080994963645935059e-01
3.152610441767068394e+00,4.166666666666666435e-02,4.874994861825837078e-01,4.999999969717031645e-01,5.081501603126525879e-01
3.172690763052208762e+00,4.166666666666666435e-02,4.877923685256690955e-01,4.999999973163603006e-01,5.082004666328430176e-01
3.192771084337349574e+00,4.166666666666666435e-02,4.880783887083511852e-01,4.999999976217912034e-01,5.082504153251647949e-01
3.212851405622489942e+00,4.166666666666666435e-02,4.883577075065450024e-01,4.999999978924603017e-01,5.082991719245910645e-01
3.232931726907630310e+00,4.166666666666666435e-02,4.886304819290623880e-01,4.999999981323238196e-01,5.083479285240173340e-01
3.253012048192771122e+00,4.166666666666666435e-02,4.888968653058383684e-01,4.999999983448878971e-01,5.083958506584167480e-01
3.273092369477911490e+00,4.166666666666666435e-02,4.891570073740872382e-01,4.999999985332597707e-01,5.084434151649475098e-01
3.293172690763052302e+00,4.166666666666666435e-02,4.894110543624334286e-01,4.999999987001927382e-01,5.084902644157409668e-01
3.313253012048192669e+00,4.166666666666666435e-02,4.896591490730649032e-01,4.999999988481266811e-01,5.085366368293762207e-01
3.333333333333333481e+00,4.166666666666666435e-02,4.899014309619542096e-01,4.999999989792239807e-01,5.085822939872741699e-01
3.353413654618473849e+00,4.166666666666666435e-02,4.901380362171909311e-01,4.999999990954008822e-01,5.086277127265930176e-01
3.373493975903614661e+00,4.166666666666666435e-02,4.903690978354677266e-01,4.999999991983551939e-01,5.086726546287536621e-01
3.393574297188755029e+00,4.166666666666666435e-02,4.905947456967624798e-01,4.999999992895921563e-01,5.087170004844665527e-01
3.413654618473895397e+00,4.166666666666666435e-02,4.908151066372554716e-01,4.999999993704450363e-01,5.087606310844421387e-01
3.433734939759036209e+00,4.166666666666666435e-02,4.910303045205211547e-01,4.999999994420959437e-01,5.088037848472595215e-01
3.453815261044176577e+00,4.166666666666666435e-02,4.912404603070325004e-01,4.999999995055922075e-01,5.088463425636291504e-01
3.473895582329317389e+00,4.166666666666666435e-02,4.914456921220122232e-01,4.999999995618617521e-01,5.088887810707092285e-01
3.493975903614457756e+00,4.166666666666666435e-02,4.916461153216685198e-01,4.999999996117271417e-01,5.089307427406311035e-01
3.514056224899598568e+00,4.166666666666666435e-02,4.918418425578459652e-01,4.999999996559171267e-01,5.089717507362365723e-01
3.534136546184738936e+00,4.166666666666666435e-02,4.920329838411252599e-01,4.999999996950777459e-01,5.090126395225524902e-01
3.554216867469879304e+00,4.166666666666666435e-02,4.922196466024004735e-01,4.999999997297813747e-01,5.090531706809997559e-01
3.574297188755020116e+00,4.166666666666666435e-02,4.924019357529633711e-01,4.999999997605352742e-01,5.090928673744201660e-01
3.594377510040160484e+00,4.166666666666666435e-02,4.925799537431214126e-01,4.999999997877891400e-01,5.091324448585510254e-01
3.614457831325301296e+00,4.166666666666666435e-02,4.927538006193726283e-01,4.999999998119410982e-01,5.091708302497863770e-01
3.634538152610441664e+00,4.166666666666666435e-02,4.929235740801612420e-01,4.999999998333443663e-01,5.092094540596008301e-01
3.654618473895582476e+00,4.166666666666666435e-02,4.930893695302329682e-01,4.999999998523116385e-01,5.092476010322570801e-01
3.674698795180722843e+00,4.166666666666666435e-02,4.932512801336081387e-01,4.999999998691202485e-01,5.092851519584655762e-01
3.694779116465863211e+00,4.166666666666666435e-02,4.934093968651857565e-01,4.999999998840158333e-01,5.093219876289367676e-01
3.714859437751004023e+00,4.166666666666666435e-02,4.935638085609900250e-01,4.999999998972162740e-01,5.093588232994079590e-01
3.734939759036144391e+00,4.166666666666666435e-02,4.937146019670670682e-01,4.999999999089140834e-01,5.093948245048522949e-01
3.755020080321285203e+00,4.166666666666666435e-02,4.938618617870331740e-01,4.999999999192805133e-01,5.094309449195861816e-01
3.775100401606425571e+00,4.166666666666666435e-02,4.940056707282739490e-01,4.999999999284671648e-01,5.094661116600036621e-01
3.795180722891566383e+00,4.166666666666666435e-02,4.941461095467861164e-01,4.999999999366082082e-01,5.095011591911315918e-01
3.815261044176706751e+00,4.166666666666666435e-02,4.942832570906489087e-01,4.999999999438226594e-01,5.095354914665222168e-01
3.835341365461847563e+00,4.166666666666666435e-02,4.944171903421027969e-01,4.999999999502162118e-01,5.095695853233337402e-01
3.855421686746987930e+00,4.166666666666666435e-02,4.945479844582073015e-01,4.999999999558818464e-01,5.096034407615661621e-01
3.875502008032128298e+00,4.166666666666666435e-02,4.946757128100378043e-01,4.999999999609029411e-01,5.096365809440612793e-01
3.895582329317269110e+00,4.166666666666666435e-02,4.948004470203729022e-01,4.999999999653524374e-01,5.096697211265563965e-01
3.915662650602409478e+00,4.166666666666666435e-02,4.949222569998065757e-01,4.999999999692955055e-01,5.097020268440246582e-01
3.935742971887550290e+00,4.166666666666666435e-02,4.950412109812110661e-01,4.999999999727898770e-01,5.097339749336242676e-01
3.955823293172690658e+00,4.166666666666666435e-02,4.951573755524520948e-01,4.999999999758864555e-01,5.097660422325134277e-01
3.975903614457831470e+00,4.166666666666666435e-02,4.952708156872440148e-01,4.999999999786304827e-01,5.097978711128234863e-01
3.995983935742971838e+00,4.166666666666666435e-02,4.953815947740056735e-01,4.999999999810622042e-01,5.098287463188171387e-01
4.016064257028112650e+00,4.166666666666666435e-02,4.954897746425531158e-01,4.999999999832172026e-01,5.098595023155212402e-01
4.036144578313252573e+00,4.166666666666666435e-02,4.955954155884315648e-01,4.999999999851269528e-01,5.098899006843566895e-01
4.056224899598393385e+00,4.166666666666666435e-02,4.956985763946575863e-01,4.999999999868193212e-01,5.099195837974548340e-01
4.076305220883534197e+00,4.166666666666666435e-02,4.957993143505938782e-01,4.999999999883189550e-01,5.099492669105529785e-01
4.096385542168675009e+00,4.166666666666666435e-02,4.958976852676370006e-01,4.999999999896481140e-01,5.099787116050720215e-01
4.116465863453814933e+00,4.166666666666666435e-02,4.959937434913354593e-01,4.999999999908259496e-01,5.100075602531433105e-01
4.136546184738955745e+00,4.166666666666666435e-02,4.960875419094957772e-01,4.999999999918699478e-01,5.100361704826354980e-01
4.156626506024096557e+00,4.166666666666666435e-02,4.961791319557520841e-01,4.999999999927949856e-01,5.100643038749694824e-01
4.176706827309237369e+00,4.166666666666666435e-02,4.962685636079903206e-01,4.999999999936146078e-01,5.100925564765930176e-01
4.196787148594377292e+00,4.166666666666666435e-02,4.963558853809122429e-01,4.999999999943409712e-01,5.101199746131896973e-01
4.216867469879518104e+00,4.166666666666666435e-02,4.964411443119072787e-01,4.999999999949847340e-01,5.101470351219177246e-01
4.236947791164658916e+00,4.166666666666666435e-02,4.965243859392607928e-01,4.999999999955552221e-01,5.101744532585144043e-01
4.257028112449798840e+00,4.166666666666666435e-02,4.966056542715671651e-01,4.999999999960606512e-01,5.102011561393737793e-01
4.277108433734939652e+00,4.166666666666666435e-02,4.966849917470319009e-01,4.999999999965085706e-01,5.102276206016540527e-01
4.297188755020080464e+00,4.166666666666666435e-02,4.967624391811336637e-01,4.999999999969055864e-01,5.102533698081970215e-01
4.317269076305221276e+00,4.166666666666666435e-02,4.968380357008702064e-01,4.999999999972574161e-01,5.102792382240295410e-01
4.337349397590361200e+00,4.166666666666666435e-02,4.969118186635309575e-01,4.999999999975692222e-01,5.103052258491516113e-01
4.357429718875502012e+00,4.166666666666666435e-02,4.969838235576124474e-01,4.999999999978456122e-01,5.103300213813781738e-01
4.377510040160642824e+00,4.166666666666666435e-02,4.970540838831253860e-01,4.999999999980907495e-01,5.103551745414733887e-01
4.397590361445782747e+00,4.166666666666666435e-02,4.971226310081177102e-01,4.999999999983079091e-01,5.103798508644104004e-01
4.417670682730923559e+00,4.166666666666666435e-02,4.971894939977579142e-01,4.999999999985002552e-01,5.104044079780578613e-01
4.437751004016064371e+00,4.166666666666666435e-02,4.972546994117876817e-01,4.999999999986706190e-01,5.104284882545471191e-01
4.457831325301205183e+00,4.166666666666666435e-02,4.973182710655426608e-01,4.999999999988216093e-01,5.104526877403259277e-01
4.477911646586345107e+00,4.166666666666666435e-02,4.973802297490733104e-01,4.999999999989555022e-01,5.104761719703674316e-01
4.497991967871485919e+00,4.166666666666666435e-02,4.974405928981587288e-01,4.999999999990741295e-01,5.104992985725402832e-01
4.518072289156626731e+00,4.166666666666666435e-02,4.974993742102107874e-01,4.999999999991789901e-01,5.105224251747131348e-01
4.538152610441766655e+00,4.166666666666666435e-02,4.975565831972220687e-01,4.999999999992720268e-01,5.105453133583068848e-01
4.558232931726907466e+00,4.166666666666666435e-02,4.976122246670389160e-01,4.999999999993544608e-01,5.105678439140319824e-01
4.578313253012048278e+00,4.166666666666666435e-02,4.976662981233853089e-01,4.999999999994276800e-01,5.105902552604675293e-01
4.598393574297189090e+00,4.166666666666666435e-02,4.977187970742676937e-01,4.999999999994926281e-01,5.106125473976135254e-01
4.618473895582329014e+00,4.166666666666666435e-02,4.977697082377590676e-01,4.999999999995500266e-01,5.106346011161804199e-01
4.638554216867469826e+00,4.166666666666666435e-02,4.978190106337962995e-01,4.999999999996007638e-01,5.106560587882995605e-01
4.658634538152610638e+00,4.166666666666666435e-02,4.978666745507360769e-01,4.999999999996457278e-01,5.106775164604187012e-01
4.678714859437750562e+00,4.166666666666666435e-02,4.979126603762439318e-01,4.999999999996854738e-01,5.106989741325378418e-01
4.698795180722891374e+00,4.166666666666666435e-02,4.979569172840158098e-01,4.999999999997207789e-01,5.107199549674987793e-01
4.718875502008032186e+00,4.166666666666666435e-02,4.979993817713784798e-01,4.999999999997519207e-01,5.107406973838806152e-01
4.738955823293172998e+00,4.166666666666666435e-02,4.980399760487044802e-01,4.999999999997793432e-01,5.107615590095520020e-01
4.759036144578312921e+00,4.166666666666666435e-02,4.980786062908365008e-01,4.999999999998038236e-01,5.107815861701965332e-01
4.779116465863453733e+00,4.166666666666666435e-02,4.981151607747564269e-01,4.999999999998253064e-01,5.108019709587097168e-01
4.799196787148594545e+00,4.166666666666666435e-02,4.981495079485553923e-01,4.999999999998440137e-01,5.108218789100646973e-01
4.819277108433734469e+00,4.166666666666666435e-02,4.981814945071272316e-01,4.999999999998603895e-01,5.108416676521301270e-01
4.839357429718875281e+00,4.166666666666666435e-02,4.982109435938799624e-01,4.999999999998749334e-01,5.108614563941955566e-01
4.859437751004016093e+00,4.166666666666666435e-02,4.982376533107761296e-01,4.999999999998874789e-01,5.108805298805236816e-01
4.879518072289156905e+00,4.166666666666666435e-02,4.982613958094389006e-01,4.999999999998981370e-01,5.108998417854309082e-01
4.899598393574296828e+00,4.166666666666666435e-02,4.982819173662977885e-01,4.999999999999070188e-01,5.109185576438903809e-01
4.919678714859437640e+00,4.166666666666666435e-02,4.982989400340482322e-01,4.999999999999142908e-01,5.109373927116394043e-01
4.939759036144578452e+00,4.166666666666666435e-02,4.983121657412549199e-01,4.999999999999198419e-01,5.109562277793884277e-01
4.959839357429719264e+00,4.166666666666666435e-02,4.983212841346120192e-01,4.999999999999235611e-01,5.109745860099792480e-01
4.979919678714859188e+00,4.166666666666666435e-02,4.983259861183602091e-01,4.999999999999254485e-01,5.109929442405700684e-01
5.000000000000000000e+00,4.166666666666666435e-02,4.983259861183602091e-01,4.999999999999254485e-01,5.110108256340026855e-01
0.000000000000000000e+00,8.333333333333332871e-02,1.526715388037444381e-02,1.526715388037444381e-02,1.650892198085784912e-02
2.008032128514056214e-02,8.333333333333332871e-02,2.435905193599893076e-02,6.276989405726693394e-02,6.279979646205902100e-02
4.016064257028112428e-02,8.333333333333332871e-02,3.351750577813331772e-02,1.074575937990456254e-01,1.066132038831710815e-01
6.024096385542168641e-02,8.333333333333332871e-02,4.266804067679366708e-02,1.487398621284617972e-01,1.473005264997482300e-01
8.032128514056224855e-02,8.333333333333332871e-02,5.177348744421740590e-02,1.864637845563145435e-01,1.846274584531784058e-01
1.004016064257028107e-01,8.333333333333332871e-02,6.081372189319782240e-02,2.206637400279558014e-01,2.186029404401779175e-01
1.204819277108433728e-01,8.333333333333332871e-02,6.977629845222649285e-02,2.514845498411462099e-01,2.493613213300704956e-01
1.405622489959839350e-01,8.333333333333332871e-02,7.865220719864468579e-02,2.791364432460071709e-01,2.771045565605163574e-01
1.606425702811244971e-01,8.333333333333332871e-02,8.743402152979480590e-02,3.038632816788472968e-01,3.020572066307067871e-01
1.807228915662650592e-01,8.333333333333332871e-02,9.611514296669962376e-02,3.259206452052162972e-01,3.244499564170837402e-01
2.008032128514056214e-01,8.333333333333332871e-02,1.046895334197281147e-01,3.455615875487012545e-01,3.445053696632385254e-01
2.208835341365461835e-01,8.333333333333332871e-02,1.131516506051655352e-01,3.630279976623295712e-01,3.624376654624938965e-01
2.409638554216867457e-01,8.333333333333332871e-02,1.214964569192003019e-01,3.785458350351693646e-01,3.784466385841369629e-01
2.610441767068273355e-01,8.333333333333332871e-02,1.297194451425160988e-01,3.923229228942800018e-01,3.927173018455505371e-01
2.811244979919678699e-01,8.333333333333332871e-02,1.378166584230078318e-01,4.045483626142384326e-01,4.054220318794250488e-01
3.012048192771084043e-01,8.333333333333332871e-02,1.457846974502094162e-01,4.153929303968934561e-01,4.167172312736511230e-01
3.212851405622489942e-01,8.333333333333332871e-02,1.536207143820755294e-01,4.250100337580363097e-01,4.267483353614807129e-01
3.413654618473895841e-01,8.333333333333332871e-02,1.613223956172641638e-01,4.335369557008952324e-01,4.356456398963928223e-01
3.614457831325301185e-01,8.333333333333332871e-02,1.688879361789457911e-01,4.410962157884903423e-01,4.435299038887023926e-01
3.815261044176706529e-01,8.333333333333332871e-02,1.763160083613528606e-01,4.477969441620770485e-01,4.505093693733215332e-01
4.016064257028112428e-01,8.333333333333332871e-02,1.836057268882509419e-01,4.537362078672580457e-01,4.566816687583923340e-01
4.216867469879518326e-01,8.333333333333332871e-02,1.907566123685965065e-01,4.590002564642446936e-01,4.621354937553405762e-01
4.417670682730923670e-01,8.333333333333332871e-02,1.977685544029900155e-01,4.636656711949824761e-01,4.669510722160339355e-01
4.618473895582329014e-01,8.333333333333332871e-02,2.046417753279751728e-01,4.678004125764745336e-01,4.711987376213073730e-01
4.819277108433734913e-01,8.333333333333332871e-02,2.113767952891136837e-01,4.714647675835553220e-01,4.749433398246765137e-01
5.020080321285140812e-01,8.333333333333332871e-02,2.179743991020761662e-01,4.747122011453742130e-01,4.782413840293884277e-01
5.220883534136546711e-01,8.333333333333332871e-02,2.244356051839589417e-01,4.775901185271069771e-01,4.811453223228454590e-01
5.421686746987951500e-01,8.333333333333332871e-02,2.307616367044835193e-01,4.801405459586114421e-01,4.836991429328918457e-01
5.622489959839357399e-01,8.333333333333332871e-02,2.369538950094619845e-01,4.824007370249907556e-01,4.859443306922912598e-01
5.823293172690763297e-01,8.333333333333332871e-02,2.430139352991287360e-01,4.844037121169348925e-01,4.879166483879089355e-01
6.024096385542168086e-01,8.333333333333332871e-02,2.489434444952901004e-01,4.861787378188994202e-01,4.896489977836608887e-01
6.224899598393573985e-01,8.333333333333332871e-02,2.547442211986527538e-01,4.877517525946677979e-01,4.911687970161437988e-01
6.425702811244979884e-01,8.333333333333332871e-02,2.604181576171666901e-01,4.891457445760625800e-01,4.925028681755065918e-01
6.626506024096385783e-01,8.333333333333332871e-02,2.659672233346493941e-01,4.903810867091388803e-01,4.936721920967102051e-01
6.827309236947791682e-01,8.333333333333332871e-02,2.713934507839399490e-01,4.914758339845042290e-01,4.946982264518737793e-01
7.028112449799196471e-01,8.333333333333332871e-02,2.766989222885326560e-01,4.924459869856607219e-01,4.955964684486389160e-01
7.228915662650602370e-01,8.333333333333332871e-02,2.818857585396414844e-01,4.933057255364717286e-01,4.963844418525695801e-01
7.429718875502008268e-01,8.333333333333332871e-02,2.869561083809036295e-01,4.940676158171994348e-01,4.970747828483581543e-01
7.630522088353413057e-01,8.333333333333332871e-02,2.919121397796347051e-01,4.947427939470945280e-01,4.976794123649597168e-01
7.831325301204818956e-01,8.333333333333332871e-02,2.967560318711128242e-01,4.953411286980329842e-01,4.982098937034606934e-01
8.032128514056224855e-01,8.333333333333332871e-02,3.014899679703587632e-01,4.958713657054092394e-01,4.986748099327087402e-01
8.232931726907630754e-01,8.333333333333332871e-02,3.061161294539768152e-01,4.963412552763818986e-01,4.990823864936828613e-01
8.433734939759036653e-01,8.333333333333332871e-02,3.106366904226083303e-01,4.967576656586034090e-01,4.994406104087829590e-01
8.634538152610441442e-01,8.333333333333332871e-02,3.150538130622665967e-01,4.971266834218361907e-01,4.997552037239074707e-01
8.835341365461847341e-01,8.333333333333332871e-02,3.193696436301706187e-01,4.974537024176445832e-01,5.000320076942443848e-01
9.036144578313253239e-01,8.333333333333332871e-02,3.235863089976152018e-01,4.977435026161355913e-01,5.002761483192443848e-01
9.236947791164658028e-01,8.333333333333332871e-02,3.277059136888659241e-01,4.980003199712356721e-01,5.004915595054626465e-01
9.437751004016063927e-01,8.333333333333332871e-02,3.317305373610414665e-01,4.982279083351645044e-01,5.006822943687438965e-01
9.638554216867469826e-01,8.333333333333332871e-02,3.356622326754474805e-01,4.984295943267404994e-01,5.008520483970642090e-01
9.839357429718875725e-01,8.333333333333332871e-02,3.395030235158582599e-01,4.986083259552969715e-01,5.010027289390563965e-01
1.004016064257028162e+00,8.333333333333332871e-02,3.432549035138373617e-01,4.987667157107854576e-01,5.011376738548278809e-01
1.024096385542168752e+00,8.333333333333332871e-02,3.469198348453582104e-01,4.989070787498169346e-01,5.012587904930114746e-01
1.044176706827309342e+00,8.333333333333332871e-02,3.504997472667699676e-01,4.990314667357383938e-01,5.013681054115295410e-01
1.064257028112449710e+00,8.333333333333332871e-02,3.539965373615648336e-01,4.991416978273393590e-01,5.014670491218566895e-01
1.084337349397590300e+00,8.333333333333332871e-02,3.574120679724880345e-01,4.992393832545063415e-01,5.015581250190734863e-01
1.104417670682730890e+00,8.333333333333332871e-02,3.607481677962963706e-01,4.993259508692593496e-01,5.016412138938903809e-01
1.124497991967871480e+00,8.333333333333332871e-02,3.640066311209680383e-01,4.994026660164008757e-01,5.017186999320983887e-01
1.144578313253012070e+00,8.333333333333332871e-02,3.671892176873908786e-01,4.994706500288369488e-01,5.017907023429870605e-01
1.164658634538152659e+00,8.333333333333332871e-02,3.702976526595632145e-01,4.995308966179056731e-01,5.018586516380310059e-01
1.184738955823293249e+00,8.333333333333332871e-02,3.733336266891238986e-01,4.995842863982874471e-01,5.019227862358093262e-01
1.204819277108433617e+00,8.333333333333332871e-02,3.762987960616344663e-01,4.996315997598027026e-01,5.019840598106384277e-01
1.224899598393574207e+00,8.333333333333332871e-02,3.791947829134558190e-01,4.996735282742403306e-01,5.020430684089660645e-01
1.244979919678714797e+00,8.333333333333332871e-02,3.820231755093440040e-01,4.997106848039487570e-01,5.021004080772399902e-01
1.265060240963855387e+00,8.333333333333332871e-02,3.847855285720193086e-01,4.997436124599458074e-01,5.021558403968811035e-01
1.285140562248995977e+00,8.333333333333332871e-02,3.874833636559754102e-01,4.997727925404836791e-01,5.022105574607849121e-01
1.305220883534136567e+00,8.333333333333332871e-02,3.901181695587006559e-01,4.997986515661077545e-01,5.022645592689514160e-01
1.325301204819277157e+00,8.333333333333332871e-02,3.926914027632772419e-01,4.998215675140380565e-01,5.023182034492492676e-01
1.345381526104417746e+00,8.333333333333332871e-02,3.952044879070438221e-01,4.998418753430014516e-01,5.023716092109680176e-01
1.365461847389558336e+00,8.333333333333332871e-02,3.976588182716361830e-01,4.998598718892692250e-01,5.024246573448181152e-01
1.385542168674698704e+00,8.333333333333332871e-02,4.000557562902843922e-01,4.998758202054652822e-01,5.024777054786682129e-01
1.405622489959839294e+00,8.333333333333332871e-02,4.023966340687458176e-01,4.998899534055641358e-01,5.025309920310974121e-01
1.425702811244979884e+00,8.333333333333332871e-02,4.046827539166946153e-01,4.999024780722798877e-01,5.025855898857116699e-01
1.445783132530120474e+00,8.333333333333332871e-02,4.069153888867842461e-01,4.999135772766528096e-01,5.026397109031677246e-01
1.465863453815261064e+00,8.333333333333332871e-02,4.090957833189458048e-01,4.999234132539689957e-01,5.026949048042297363e-01
1.485943775100401654e+00,8.333333333333332871e-02,4.112251533877962495e-01,4.999321297751280757e-01,5.027502179145812988e-01
1.506024096385542244e+00,8.333333333333332871e-02,4.133046876513039591e-01,4.999398542481188201e-01,5.028069615364074707e-01
1.526104417670682611e+00,8.333333333333332871e-02,4.153355475991014623e-01,4.999466995803213964e-01,5.028639435768127441e-01
1.546184738955823201e+00,8.333333333333332871e-02,4.173188681990496751e-01,4.999527658288563381e-01,5.029215216636657715e-01
1.566265060240963791e+00,8.333333333333332871e-02,4.192557584408484472e-01,4.999581416631034836e-01,5.029802918434143066e-01
1.586345381526104381e+00,8.333333333333332871e-02,4.211473018756567432e-01,4.999629056607680089e-01,5.030393004417419434e-01
1.606425702811244971e+00,8.333333333333332871e-02,4.229945571508318958e-01,4.999671274564381207e-01,5.030998587608337402e-01
1.626506024096385561e+00,8.333333333333332871e-02,4.247985585390318120e-01,4.999708687594225376e-01,5.031604170799255371e-01
1.646586345381526151e+00,8.333333333333332871e-02,4.265603164610359821e-01,4.999741842557455795e-01,5.032221674919128418e-01
1.666666666666666741e+00,8.333333333333332871e-02,4.282808180017463884e-01,4.999771224074842646e-01,5.032848715782165527e-01
1.686746987951807331e+00,8.333333333333332871e-02,4.299610274189172854e-01,4.999797261611302335e-01,5.033479332923889160e-01
1.706827309236947698e+00,8.333333333333332871e-02,4.316018866442423163e-01,4.999820335753320522e-01,5.034118294715881348e-01
1.726907630522088288e+00,8.333333333333332871e-02,4.332043157764974839e-01,4.999840783771922759e-01,5.034765601158142090e-01
1.746987951807228878e+00,8.333333333333332871e-02,4.347692135664990021e-01,4.999858904552508254e-01,5.035417675971984863e-01
1.767068273092369468e+00,8.333333333333332871e-02,4.362974578936887893e-01,4.999874962963616887e-01,5.036075711250305176e-01
1.787148594377510058e+00,8.333333333333332871e-02,4.377899062342082703e-01,4.999889193728460635e-01,5.036744475364685059e-01
1.807228915662650648e+00,8.333333333333332871e-02,4.392473961203598454e-01,4.999901804855844123e-01,5.037414431571960449e-01
1.827309236947791238e+00,8.333333333333332871e-02,4.406707455913947968e-01,4.999912980680589758e-01,5.038084387779235840e-01
1.847389558232931606e+00,8.333333333333332871e-02,4.420607536355943279e-01,4.999922884557930769e-01,5.038771033287048340e-01
1.867469879518072196e+00,8.333333333333332871e-02,4.434182006236390694e-01,4.999931661251250103e-01,5.039455294609069824e-01
1.887550200803212785e+00,8.333333333333332871e-02,4.447438487332868728e-01,4.999939439048063372e-01,5.040146708488464355e-01
1.907630522088353375e+00,8.333333333333332871e-02,4.460384423653971919e-01,4.999946331635176100e-01,5.040841698646545410e-01
1.927710843373493965e+00,8.333333333333332871e-02,4.473027085513592294e-01,4.999952439760425027e-01,5.041541457176208496e-01
1.947791164658634555e+00,8.333333333333332871e-02,4.485373573519957913e-01,4.999957852705297912e-01,5.042235255241394043e-01
1.967871485943775145e+00,8.333333333333332871e-02,4.497430822480276702e-01,4.999962649589938524e-01,5.042946934700012207e-01
1.987951807228915735e+00,8.333333333333332871e-02,4.509205605221937585e-01,4.999966900529639879e-01,5.043653845787048340e-01
2.008032128514056325e+00,8.333333333333332871e-02,4.520704536331329182e-01,4.999970667659702772e-01,5.044364333152770996e-01
2.028112449799196693e+00,8.333333333333332871e-02,4.531934075811391849e-01,4.999974006043663710e-01,5.045074820518493652e-01
2.048192771084337505e+00,8.333333333333332871e-02,4.542900532659098212e-01,4.999976964478144437e-01,5.045786499977111816e-01
2.068273092369477872e+00,8.333333333333332871e-02,4.553610068364112862e-01,4.999979586206103610e-01,5.046500563621520996e-01
2.088353413654618684e+00,8.333333333333332871e-02,4.564068700329895756e-01,4.999981909548918968e-01,5.047213435173034668e-01
2.108433734939759052e+00,8.333333333333332871e-02,4.574282305218599909e-01,4.999983968466520379e-01,5.047935843467712402e-01
2.128514056224899420e+00,8.333333333333332871e-02,4.584256622221069555e-01,4.999985793053772776e-01,5.048647522926330566e-01
2.148594377510040232e+00,8.333333333333332871e-02,4.593997256253329331e-01,4.999987409980377051e-01,5.049365162849426270e-01
2.168674698795180600e+00,8.333333333333332871e-02,4.603509681080931171e-01,4.999988842880687678e-01,5.050081610679626465e-01
2.188755020080321412e+00,8.333333333333332871e-02,4.612799242372528363e-01,4.999990112699178035e-01,5.050792098045349121e-01
2.208835341365461780e+00,8.333333333333332871e-02,4.621871160684078439e-01,4.999991237996581628e-01,5.051507353782653809e-01
2.228915662650602592e+00,8.333333333333332871e-02,4.630730534375039897e-01,4.999992235221188963e-01,5.052219033241271973e-01
2.248995983935742959e+00,8.333333333333332871e-02,4.639382342457955555e-01,4.999993118949274673e-01,5.052930712699890137e-01
2.269076305220883327e+00,8.333333333333332871e-02,4.647831447382773651e-01,4.999993902098148757e-01,5.053640007972717285e-01
2.289156626506024139e+00,8.333333333333332871e-02,4.656082597757289498e-01,4.999994596114972767e-01,5.054349303245544434e-01
2.309236947791164507e+00,8.333333333333332871e-02,4.664140431005025511e-01,4.999995211144078189e-01,5.055053830146789551e-01
2.329317269076305319e+00,8.333333333333332871e-02,4.672009475961903524e-01,4.999995756175247275e-01,5.055759549140930176e-01
2.349397590361445687e+00,8.333333333333332871e-02,4.679694155413013368e-01,4.999996239175112933e-01,5.056459307670593262e-01
2.369477911646586499e+00,8.333333333333332871e-02,4.687198788570779984e-01,4.999996667203605027e-01,5.057153105735778809e-01
2.389558232931726867e+00,8.333333333333332871e-02,4.694527593495805284e-01,4.999997046517147270e-01,5.057849287986755371e-01
2.409638554216867234e+00,8.333333333333332871e-02,4.701684689461645972e-01,4.999997382660107403e-01,5.058537125587463379e-01
2.429718875502008046e+00,8.333333333333332871e-02,4.708674099264766877e-01,4.999997680545830714e-01,5.059226155281066895e-01
2.449799196787148414e+00,8.333333333333332871e-02,4.715499751480893287e-01,4.999997944528465355e-01,5.059912800788879395e-01
2.469879518072289226e+00,8.333333333333332871e-02,4.722165482668951308e-01,4.999998178466604215e-01,5.060593485832214355e-01
2.489959839357429594e+00,8.333333333333332871e-02,4.728675039523778656e-01,4.999998385779683141e-01,5.061268210411071777e-01
2.510040160642570406e+00,8.333333333333332871e-02,4.735032080978759383e-01,4.999998569497963730e-01,5.061940550804138184e-01
2.530120481927710774e+00,8.333333333333332871e-02,4.741240180259515546e-01,4.999998732306826232e-01,5.062606930732727051e-01
2.550200803212851586e+00,8.333333333333332871e-02,4.747302826889760463e-01,4.999998876586022045e-01,5.063272118568420410e-01
2.570281124497991954e+00,8.333333333333332871e-02,4.753223428650418803e-01,4.999999004444456996e-01,5.063928961753845215e-01
2.590361445783132321e+00,8.333333333333332871e-02,4.759005313493056555e-01,4.999999117751016131e-01,5.064585804939270020e-01
2.610441767068273133e+00,8.333333333333332871e-02,4.764651731408683366e-01,4.999999218161885750e-01,5.065235495567321777e-01
2.630522088353413501e+00,8.333333333333332871e-02,4.770165856252949199e-01,4.999999307144752381e-01,5.065882802009582520e-01
2.650602409638554313e+00,8.333333333333332871e-02,4.775550787528723418e-01,4.999999386000266721e-01,5.066525340080261230e-01
2.670682730923694681e+00,8.333333333333332871e-02,4.780809552127058826e-01,4.999999455881044552e-01,5.067157149314880371e-01
2.690763052208835493e+00,8.333333333333332871e-02,4.785945106027481022e-01,4.999999517808523808e-01,5.067787766456604004e-01
2.710843373493975861e+00,8.333333333333332871e-02,4.790960335958545646e-01,4.999999572687887084e-01,5.068415999412536621e-01
2.730923694779116673e+00,8.333333333333332871e-02,4.795858061019599994e-01,4.999999621321300491e-01,5.069034695625305176e-01
2.751004016064257041e+00,8.333333333333332871e-02,4.800641034264614415e-01,4.999999664419628731e-01,5.069652199745178223e-01
2.771084337349397408e+00,8.333333333333332871e-02,4.805311944248991107e-01,4.999999702612830665e-01,5.070261359214782715e-01
2.791164658634538220e+00,8.333333333333332871e-02,4.809873416540199065e-01,4.999999736459174171e-01,5.070863366127014160e-01
2.811244979919678588e+00,8.333333333333332871e-02,4.814328015193068411e-01,4.999999766453384620e-01,5.071459412574768066e-01
2.831325301204819400e+00,8.333333333333332871e-02,4.818678244190574000e-01,4.999999793033880757e-01,5.072054266929626465e-01
2.851405622489959768e+00,8.333333333333332871e-02,4.822926548850908768e-01,4.999999816589186241e-01,5.072643160820007324e-01
2.871485943775100580e+00,8.333333333333332871e-02,4.827075317201625082e-01,4.999999837463607322e-01,5.073224902153015137e-01
2.891566265060240948e+00,8.333333333333332871e-02,4.831126881321619049e-01,4.999999855962261042e-01,5.073801875114440918e-01
2.911646586345381316e+00,8.333333333333332871e-02,4.835083518651702716e-01,4.999999872355538333e-01,5.074375271797180176e-01
2.931726907630522128e+00,8.333333333333332871e-02,4.838947453274494159e-01,4.999999886883058631e-01,5.074939131736755371e-01
2.951807228915662495e+00,8.333333333333332871e-02,4.842720857164340420e-01,4.999999899757167632e-01,5.075499415397644043e-01
2.971887550200803307e+00,8.333333333333332871e-02,4.846405851407979970e-01,4.999999911166042033e-01,5.076052546501159668e-01
2.991967871485943675e+00,8.333333333333332871e-02,4.850004507396611375e-01,4.999999921276444548e-01,5.076603293418884277e-01
3.012048192771084487e+00,8.333333333333332871e-02,4.853518847990053731e-01,4.999999930236158074e-01,5.077146887779235840e-01
3.032128514056224855e+00,8.333333333333332871e-02,4.856950848653631692e-01,4.999999938176145076e-01,5.077685713768005371e-01
3.052208835341365223e+00,8.333333333333332871e-02,4.860302438568433470e-01,4.999999945212462160e-01,5.078218579292297363e-01
3.072289156626506035e+00,8.333333333333332871e-02,4.863575501715557414e-01,4.999999951447960389e-01,5.078744292259216309e-01
3.092369477911646403e+00,8.333333333333332871e-02,4.866771877934957247e-01,4.999999956973782411e-01,5.079267621040344238e-01
3.112449799196787215e+00,8.333333333333332871e-02,4.869893363959468813e-01,4.999999961870696952e-01,5.079780220985412598e-01
3.132530120481927582e+00,8.333333333333332871e-02,4.872941714424606774e-01,4.999999966210279534e-01,5.080289244651794434e-01
3.152610441767068394e+00,8.333333333333332871e-02,4.875918642854695229e-01,4.999999970055964971e-01,5.080792307853698730e-01
3.172690763052208762e+00,8.333333333333332871e-02,4.878825822625870168e-01,4.999999973463962744e-01,5.081294178962707520e-01
3.192771084337349574e+00,8.333333333333332871e-02,4.881664887906505546e-01,4.999999976484086894e-01,5.081785321235656738e-01
3.212851405622489942e+00,8.333333333333332871e-02,4.884437434575582548e-01,4.999999979160483776e-01,5.082275271415710449e-01
3.232931726907630310e+00,8.333333333333332871e-02,4.887145021119504440e-01,4.999999981532272098e-01,5.082758069038391113e-01
3.253012048192771122e+00,8.333333333333332871e-02,4.889789169507874900e-01,4.999999983634122458e-01,5.083233714103698730e-01
3.273092369477911490e+00,8.333333333333332871e-02,4.892371366048703929e-01,4.999999985496758059e-01,5.083710551261901855e-01
3.293172690763052302e+00,8.333333333333332871e-02,4.894893062223530378e-01,4.999999987147404346e-01,5.084175467491149902e-01
3.313253012048192669e+00,8.333333333333332871e-02,4.897355675502916283e-01,4.999999988610187018e-01,5.084634423255920410e-01
3.333333333333333481e+00,8.333333333333332871e-02,4.899760590142762662e-01,4.999999989906487863e-01,5.085090994834899902e-01
3.353413654618473849e+00,8.333333333333332871e-02,4.902109157961881958e-01,4.999999991055253945e-01,5.085547566413879395e-01
3.373493975903614661e+00,8.333333333333332871e-02,4.904402699101256813e-01,4.999999992073274058e-01,5.085989832878112793e-01
3.393574297188755029e+00,8.333333333333332871e-02,4.906642502765389824e-01,4.999999992975432406e-01,5.086430907249450684e-01
3.413654618473895397e+00,8.333333333333332871e-02,4.908829827946150637e-01,4.999999993774912332e-01,5.086867213249206543e-01
3.433734939759036209e+00,8.333333333333332871e-02,4.910965904129505621e-01,4.999999994483402266e-01,5.087298750877380371e-01
3.453815261044176577e+00,8.333333333333332871e-02,4.913051931985497056e-01,4.999999995111257256e-01,5.087721943855285645e-01
3.473895582329317389e+00,8.333333333333332871e-02,4.915089084041848744e-01,4.999999995667654962e-01,5.088142752647399902e-01
3.493975903614457756e+00,8.333333333333332871e-02,4.917078505341530015e-01,4.999999996160727767e-01,5.088562369346618652e-01
3.514056224899598568e+00,8.333333333333332871e-02,4.919021314084620622e-01,4.999999996597682128e-01,5.088970065116882324e-01
3.534136546184738936e+00,8.333333333333332871e-02,4.920918602254789054e-01,4.999999996984905715e-01,5.089377760887145996e-01
3.554216867469879304e+00,8.333333333333332871e-02,4.922771436230695685e-01,4.999999997328057333e-01,5.089784264564514160e-01
3.574297188755020116e+00,8.333333333333332871e-02,4.924580857382596655e-01,4.999999997632155191e-01,5.090180039405822754e-01
3.594377510040160484e+00,8.333333333333332871e-02,4.926347882654424359e-01,4.999999997901644067e-01,5.090567469596862793e-01
3.614457831325301296e+00,8.333333333333332871e-02,4.928073505131592702e-01,4.999999998140460256e-01,5.090958476066589355e-01
3.634538152610441664e+00,8.333333333333332871e-02,4.929758694594751356e-01,4.999999998352096520e-01,5.091341137886047363e-01
3.654618473895582476e+00,8.333333333333332871e-02,4.931404398059699989e-01,4.999999998539646495e-01,5.091719031333923340e-01
3.674698795180722843e+00,8.333333333333332871e-02,4.933011540303637865e-01,4.999999998705851323e-01,5.092093348503112793e-01
3.694779116465863211e+00,8.333333333333332871e-02,4.934581024377902025e-01,4.999999998853141281e-01,5.092465281486511230e-01
3.714859437751004023e+00,8.333333333333332871e-02,4.936113732107316743e-01,4.999999998983666316e-01,5.092832446098327637e-01
3.734939759036144391e+00,8.333333333333332871e-02,4.937610524576233062e-01,4.999999999099336012e-01,5.093194842338562012e-01
3.755020080321285203e+00,8.333333333333332871e-02,4.939072242601308949e-01,4.999999999201840684e-01,5.093548893928527832e-01
3.775100401606425571e+00,8.333333333333332871e-02,4.940499707191032264e-01,4.999999999292678021e-01,5.093904137611389160e-01
3.795180722891566383e+00,8.333333333333332871e-02,4.941893719991914957e-01,4.999999999373176962e-01,5.094251036643981934e-01
3.815261044176706751e+00,8.333333333333332871e-02,4.943255063721280762e-01,4.999999999444514343e-01,5.094600319862365723e-01
3.835341365461847563e+00,8.333333333333332871e-02,4.944584502586433228e-01,4.999999999507733772e-01,5.094935297966003418e-01
3.855421686746987930e+00,8.333333333333332871e-02,4.945882782689965396e-01,4.999999999563756736e-01,5.095276236534118652e-01
3.875502008032128298e+00,8.333333333333332871e-02,4.947150632420866945e-01,4.999999999613404800e-01,5.095606446266174316e-01
3.895582329317269110e+00,8.333333333333332871e-02,4.948388762830968068e-01,4.999999999657402938e-01,5.095933079719543457e-01
3.915662650602409478e+00,8.333333333333332871e-02,4.949597867996157197e-01,4.999999999696392305e-01,5.096262097358703613e-01
3.935742971887550290e+00,8.333333333333332871e-02,4.950778625361670904e-01,4.999999999730944666e-01,5.096582770347595215e-01
3.955823293172690658e+00,8.333333333333332871e-02,4.951931696070571709e-01,4.999999999761564062e-01,5.096898674964904785e-01
3.975903614457831470e+00,8.333333333333332871e-02,4.953057725274386258e-01,4.999999999788696803e-01,5.097209811210632324e-01
3.995983935742971838e+00,8.333333333333332871e-02,4.954157342424611588e-01,4.999999999812742568e-01,5.097525715827941895e-01
4.016064257028112650e+00,8.333333333333332871e-02,4.955231161543594554e-01,4.999999999834051634e-01,5.097829699516296387e-01
4.036144578313252573e+00,8.333333333333332871e-02,4.956279781472959223e-01,4.999999999852934862e-01,5.098137259483337402e-01
4.056224899598393385e+00,8.333333333333332871e-02,4.957303786097448928e-01,4.999999999869668699e-01,5.098430514335632324e-01
4.076305220883534197e+00,8.333333333333332871e-02,4.958303744541647795e-01,4.999999999884497393e-01,5.098732113838195801e-01
4.096385542168675009e+00,8.333333333333332871e-02,4.959280211336587474e-01,4.999999999897639658e-01,5.099025368690490723e-01
4.116465863453814933e+00,8.333333333333332871e-02,4.960233726552717437e-01,4.999999999909287007e-01,5.099316239356994629e-01
4.136546184738955745e+00,8.333333333333332871e-02,4.961164815895116598e-01,4.999999999919609306e-01,5.099596381187438965e-01
4.156626506024096557e+00,8.333333333333332871e-02,4.962073990756084019e-01,4.999999999928755878e-01,5.099881291389465332e-01
4.176706827309237369e+00,8.333333333333332871e-02,4.962961748219439917e-01,4.999999999936860506e-01,5.100160241127014160e-01
4.196787148594377292e+00,8.333333333333332871e-02,4.963828571009891166e-01,4.999999999944043649e-01,5.100440382957458496e-01
4.216867469879518104e+00,8.333333333333332871e-02,4.964674927379694735e-01,4.999999999950409113e-01,5.100709795951843262e-01
4.236947791164658916e+00,8.333333333333332871e-02,4.965501270923564081e-01,4.999999999956050156e-01,5.100982785224914551e-01
4.257028112449798840e+00,8.333333333333332871e-02,4.966308040311241401e-01,4.999999999961048935e-01,5.101251006126403809e-01
4.277108433734939652e+00,8.333333333333332871e-02,4.967095658925429480e-01,4.999999999965477615e-01,5.101513266563415527e-01
4.297188755020080464e+00,8.333333333333332871e-02,4.967864534390726838e-01,4.999999999969402809e-01,5.101775527000427246e-01
4.317269076305221276e+00,8.333333333333332871e-02,4.968615057976908944e-01,4.999999999972881692e-01,5.102033019065856934e-01
4.337349397590361200e+00,8.333333333333332871e-02,4.969347603857159346e-01,4.999999999975965337e-01,5.102288126945495605e-01
4.357429718875502012e+00,8.333333333333332871e-02,4.970062528198769813e-01,4.999999999978698706e-01,5.102539658546447754e-01
4.377510040160642824e+00,8.333333333333332871e-02,4.970760168060222028e-01,4.999999999981122323e-01,5.102788805961608887e-01
4.397590361445782747e+00,8.333333333333332871e-02,4.971440840064459410e-01,4.999999999983268939e-01,5.103035569190979004e-01
4.417670682730923559e+00,8.333333333333332871e-02,4.972104838813461436e-01,4.999999999985170196e-01,5.103282332420349121e-01
4.437751004016064371e+00,8.333333333333332871e-02,4.972752435003831017e-01,4.999999999986855514e-01,5.103523135185241699e-01
4.457831325301205183e+00,8.333333333333332871e-02,4.973383873197032012e-01,4.999999999988347654e-01,5.103766322135925293e-01
4.477911646586345107e+00,8.333333333333332871e-02,4.973999369191006159e-01,4.999999999989672150e-01,5.104003548622131348e-01
4.497991967871485919e+00,8.333333333333332871e-02,4.974599106932167114e-01,4.999999999990845101e-01,5.104234814643859863e-01
4.518072289156626731e+00,8.333333333333332871e-02,4.975183234898136186e-01,4.999999999991882604e-01,5.104467272758483887e-01
4.538152610441766655e+00,8.333333333333332871e-02,4.975751861872121928e-01,4.999999999992803534e-01,5.104696154594421387e-01
4.558232931726907466e+00,8.333333333333332871e-02,4.976305052019479036e-01,4.999999999993617883e-01,5.104923844337463379e-01
4.578313253012048278e+00,8.333333333333332871e-02,4.976842819165999687e-01,4.999999999994341748e-01,5.105147957801818848e-01
4.598393574297189090e+00,8.333333333333332871e-02,4.977365120166004075e-01,4.999999999994984012e-01,5.105372071266174316e-01
4.618473895582329014e+00,8.333333333333332871e-02,4.977871847236791103e-01,4.999999999995551336e-01,5.105587840080261230e-01
4.638554216867469826e+00,8.333333333333332871e-02,4.978362819125148886e-01,4.999999999996053157e-01,5.105804800987243652e-01
4.658634538152610638e+00,8.333333333333332871e-02,4.978837770962351028e-01,4.999999999996497246e-01,5.106016993522644043e-01
4.678714859437750562e+00,8.333333333333332871e-02,4.979296342657918428e-01,4.999999999996890820e-01,5.106233954429626465e-01
4.698795180722891374e+00,8.333333333333332871e-02,4.979738065681518222e-01,4.999999999997239430e-01,5.106441378593444824e-01
4.718875502008032186e+00,8.333333333333332871e-02,4.980162348089721136e-01,4.999999999997548072e-01,5.106654763221740723e-01
4.738955823293172998e+00,8.333333333333332871e-02,4.980568457674257044e-01,4.999999999997819522e-01,5.106858611106872559e-01
4.759036144578312921e+00,8.333333333333332871e-02,4.980955503146786700e-01,4.999999999998061551e-01,5.107063651084899902e-01
4.779116465863453733e+00,8.333333333333332871e-02,4.981322413340120159e-01,4.999999999998273603e-01,5.107262730598449707e-01
4.799196787148594545e+00,8.333333333333332871e-02,4.981667914508057238e-01,4.999999999998459566e-01,5.107461810111999512e-01
4.819277108433734469e+00,8.333333333333332871e-02,4.981990505959896787e-01,4.999999999998621658e-01,5.107664465904235840e-01
4.839357429718875281e+00,8.333333333333332871e-02,4.982288434488939544e-01,4.999999999998764322e-01,5.107857584953308105e-01
4.859437751004016093e+00,8.333333333333332871e-02,4.982559668368522487e-01,4.999999999998888667e-01,5.108056664466857910e-01
4.879518072289156905e+00,8.333333333333332871e-02,4.982801872116241482e-01,4.999999999998994693e-01,5.108243823051452637e-01
4.899598393574296828e+00,8.333333333333332871e-02,4.983012383782615129e-01,4.999999999999082401e-01,5.108433365821838379e-01
4.919678714859437640e+00,8.333333333333332871e-02,4.983188197193342273e-01,4.999999999999155675e-01,5.108626484870910645e-01
4.939759036144578452e+00,8.333333333333332871e-02,4.983325952279709092e-01,4.999999999999210076e-01,5.108808875083923340e-01
4.959839357429719264e+00,8.333333333333332871e-02,4.983421937100598886e-01,4.999999999999247824e-01,5.108993649482727051e-01
4.979919678714859188e+00,8.333333333333332871e-02,4.983472104685449655e-01,4.999999999999266698e-01,5.109178423881530762e-01
5.000000000000000000e+00,8.333333333333332871e-02,4.983472104685449655e-01,4.999999999999266698e-01,5.109362006187438965e-01
0.000000000000000000e+00,1.250000000000000000e-01,2.297736991002561485e-02,2.297736991002561485e-02,1.910071074962615967e-02
2.008032128514056214e-02,1.250000000000000000e-01,3.164416518115070742e-02,7.012500471702565186e-02,6.836847960948944092e-02
4.016064257028112428e-02,1.250000000000000000e-01,4.046284000322700192e-02,1.146270564758308519e-01,1.137156933546066284e-01
6.024096385542168641e-02,1.250000000000000000e-01,4.936416279507656324e-02,1.556890093450891965e-01,1.550217121839523315e-01
8.032128514056224855e-02,1.250000000000000000e-01,5.829537680574012337e-02,1.930874020306642957e-01,1.924019902944564819e-01
1.004016064257028107e-01,1.250000000000000000e-01,6.721689099102133580e-02,2.268699972635106199e-01,2.260884493589401245e-01
1.204819277108433728e-01,1.250000000000000000e-01,7.609889071229650193e-02,2.572177197580575725e-01,2.563666701316833496e-01
1.405622489959839350e-01,1.250000000000000000e-01,8.491863600090500397e-02,2.843748205434975529e-01,2.835292220115661621e-01
1.606425702811244971e-01,1.250000000000000000e-01,9.365850205959914965e-02,3.086104319622934855e-01,3.078619837760925293e-01
1.807228915662650592e-01,1.250000000000000000e-01,1.023046154636199634e-01,3.301966470761784622e-01,3.296334147453308105e-01
2.008032128514056214e-01,1.250000000000000000e-01,1.108459185705598926e-01,3.493961432683911905e-01,3.490925431251525879e-01
2.208835341365461835e-01,1.250000000000000000e-01,1.192735260253710294e-01,3.664555600883468989e-01,3.664664626121520996e-01
2.409638554216867457e-01,1.250000000000000000e-01,1.275802754791811044e-01,3.816023831340233374e-01,3.819629549980163574e-01
2.610441767068273355e-01,1.250000000000000000e-01,1.357604061956814157e-01,3.950439449251624824e-01,3.957712054252624512e-01
2.811244979919678699e-01,1.250000000000000000e-01,1.438093220171622333e-01,4.069676724580534866e-01,4.080631136894226074e-01
3.012048192771084043e-01,1.250000000000000000e-01,1.517234106070038391e-01,4.175420358554778333e-01,4.189941287040710449e-01
3.212851405622489942e-01,1.250000000000000000e-01,1.594999009828290404e-01,4.269178585574509022e-01,4.287055134773254395e-01
3.413654618473895841e-01,1.250000000000000000e-01,1.671367478211558399e-01,4.352297806193661245e-01,4.373251795768737793e-01
3.614457831325301185e-01,1.250000000000000000e-01,1.746325351075253551e-01,4.425977499606366106e-01,4.449685215950012207e-01
3.815261044176706529e-01,1.250000000000000000e-01,1.819863942820525715e-01,4.491284690227776433e-01,4.517400860786437988e-01
4.016064257028112428e-01,1.250000000000000000e-01,1.891979336495975550e-01,4.549167572704947426e-01,4.577346444129943848e-01
4.216867469879518326e-01,1.250000000000000000e-01,1.962671768445231890e-01,4.600468103900103300e-01,4.630360007286071777e-01
4.417670682730923670e-01,1.250000000000000000e-01,2.031945087879971912e-01,4.645933494640959172e-01,4.677210450172424316e-01
4.618473895582329014e-01,1.250000000000000000e-01,2.099806279919679552e-01,4.686226607615595063e-01,4.718577265739440918e-01
4.819277108433734913e-01,1.250000000000000000e-01,2.166265043358631959e-01,4.721935309480892462e-01,4.755075573921203613e-01
5.020080321285140812e-01,1.250000000000000000e-01,2.231333416239601464e-01,4.753580847065465020e-01,4.787250161170959473e-01
5.220883534136546711e-01,1.250000000000000000e-01,2.295025443568033396e-01,4.781625327140391901e-01,4.815599322319030762e-01
5.421686746987951500e-01,1.250000000000000000e-01,2.357356882397429465e-01,4.806478381468385908e-01,4.840556979179382324e-01
5.622489959839357399e-01,1.250000000000000000e-01,2.418344940184571079e-01,4.828503096796630256e-01,4.862520098686218262e-01
5.823293172690763297e-01,1.250000000000000000e-01,2.478008042831592039e-01,4.848021285055677532e-01,4.881828427314758301e-01
6.024096385542168086e-01,1.250000000000000000e-01,2.536365629250030840e-01,4.865318163459554368e-01,4.898797869682312012e-01
6.224899598393573985e-01,1.250000000000000000e-01,2.593437969630721374e-01,4.880646508197775124e-01,4.913707375526428223e-01
6.425702811244979884e-01,1.250000000000000000e-01,2.649246004901938956e-01,4.894230339400418295e-01,4.926791787147521973e-01
6.626506024096385783e-01,1.250000000000000000e-01,2.703811205119027727e-01,4.906268189289295645e-01,4.938275218009948730e-01
6.827309236947791682e-01,1.250000000000000000e-01,2.757155444759614715e-01,4.916936000032020582e-01,4.948350787162780762e-01
7.028112449799196471e-01,1.250000000000000000e-01,2.809300893104877406e-01,4.926389692850817736e-01,4.957188963890075684e-01
7.228915662650602370e-01,1.250000000000000000e-01,2.860269918072776973e-01,4.934767445420475962e-01,4.964936375617980957e-01
7.429718875502008268e-01,1.250000000000000000e-01,2.910085002036322255e-01,4.942191710510860370e-01,4.971730113029479980e-01
7.630522088353413057e-01,1.250000000000000000e-01,2.958768668310879368e-01,4.948771005166179848e-01,4.977688193321228027e-01
7.831325301204818956e-01,1.250000000000000000e-01,3.006343417130896145e-01,4.954601496435578900e-01,4.982909560203552246e-01
8.032128514056224855e-01,1.250000000000000000e-01,3.052831670059482083e-01,4.959768406744993752e-01,4.987493157386779785e-01
8.232931726907630754e-01,1.250000000000000000e-01,3.098255721885374014e-01,4.964347259395522904e-01,4.991511702537536621e-01
8.433734939759036653e-01,1.250000000000000000e-01,3.142637699161935361e-01,4.968404982357011446e-01,4.995045065879821777e-01
8.634538152610441442e-01,1.250000000000000000e-01,3.185999524632948110e-01,4.972000886467340397e-01,4.998152852058410645e-01
8.835341365461847341e-01,1.250000000000000000e-01,3.228362886871052329e-01,4.975187532320501371e-01,5.000883936882019043e-01
9.036144578313253239e-01,1.250000000000000000e-01,3.269749214527449266e-01,4.978011498504907317e-01,5.003287196159362793e-01
9.236947791164658028e-01,1.250000000000000000e-01,3.310179654656880688e-01,4.980514062414918564e-01,5.005415081977844238e-01
9.437751004016063927e-01,1.250000000000000000e-01,3.349675054640374738e-01,4.982731803582894914e-01,5.007299780845642090e-01
9.638554216867469826e-01,1.250000000000000000e-01,3.388255947280752189e-01,4.984697138347987111e-01,5.008965134620666504e-01
9.839357429718875725e-01,1.250000000000000000e-01,3.425942538692734463e-01,4.986438793675185277e-01,5.010455250740051270e-01
1.004016064257028162e+00,1.250000000000000000e-01,3.462754698651466789e-01,4.987982227049297945e-01,5.011786818504333496e-01
1.024096385542168752e+00,1.250000000000000000e-01,3.498711953100668293e-01,4.989349998580697165e-01,5.012980103492736816e-01
1.044176706827309342e+00,1.250000000000000000e-01,3.533833478555090113e-01,4.990562100761401498e-01,5.014054179191589355e-01
1.064257028112449710e+00,1.250000000000000000e-01,3.568138098161727778e-01,4.991636250691199872e-01,5.015031695365905762e-01
1.084337349397590300e+00,1.250000000000000000e-01,3.601644279210832189e-01,4.992588149045061319e-01,5.015925765037536621e-01
1.104417670682730890e+00,1.250000000000000000e-01,3.634370131911422441e-01,4.993431709567005550e-01,5.016743540763854980e-01
1.124497991967871480e+00,1.250000000000000000e-01,3.666333409267081844e-01,4.994179262444806700e-01,5.017508864402770996e-01
1.144578313253012070e+00,1.250000000000000000e-01,3.697551507906582935e-01,4.994841734538223443e-01,5.018212199211120605e-01
1.164658634538152659e+00,1.250000000000000000e-01,3.728041469740578928e-01,4.995428809095042166e-01,5.018877387046813965e-01
1.184738955823293249e+00,1.250000000000000000e-01,3.757819984330427188e-01,4.995949067289492396e-01,5.019506812095642090e-01
1.204819277108433617e+00,1.250000000000000000e-01,3.786903391868423063e-01,4.996410113651847951e-01,5.020105242729187012e-01
1.224899598393574207e+00,1.250000000000000000e-01,3.815307686680420862e-01,4.996818687222600586e-01,5.020684599876403809e-01
1.244979919678714797e+00,1.250000000000000000e-01,3.843048521172273135e-01,4.997180760055905391e-01,5.021243691444396973e-01
1.265060240963855387e+00,1.250000000000000000e-01,3.870141210150716549e-01,4.997501624512137308e-01,5.021789669990539551e-01
1.285140562248995977e+00,1.250000000000000000e-01,3.896600735457591558e-01,4.997785970615459261e-01,5.022327303886413574e-01
1.305220883534136567e+00,1.250000000000000000e-01,3.922441750863538967e-01,4.998037954607146283e-01,5.022855401039123535e-01
1.325301204819277157e+00,1.250000000000000000e-01,3.947678587173786280e-01,4.998261259696696324e-01,5.023376345634460449e-01
1.345381526104417746e+00,1.250000000000000000e-01,3.972325257504398244e-01,4.998459149898705767e-01,5.023897290229797363e-01
1.365461847389558336e+00,1.250000000000000000e-01,3.996395462692395872e-01,4.998634517742447381e-01,5.024418234825134277e-01
1.385542168674698704e+00,1.250000000000000000e-01,4.019902596807716222e-01,4.998789926551502893e-01,5.024941563606262207e-01
1.405622489959839294e+00,1.250000000000000000e-01,4.042859752738927059e-01,4.998927647911457495e-01,5.025466084480285645e-01
1.425702811244979884e+00,1.250000000000000000e-01,4.065279727828193246e-01,4.999049694873292093e-01,5.025994181632995605e-01
1.445783132530120474e+00,1.250000000000000000e-01,4.087175029534076409e-01,4.999157851377829531e-01,5.026525855064392090e-01
1.465863453815261064e+00,1.250000000000000000e-01,4.108557881103572229e-01,4.999253698331312390e-01,5.027069449424743652e-01
1.485943775100401654e+00,1.250000000000000000e-01,4.129440227237195504e-01,4.999338636713255846e-01,5.027613043785095215e-01
1.506024096385542244e+00,1.250000000000000000e-01,4.149833739733139737e-01,4.999413908054336497e-01,5.028163790702819824e-01
1.526104417670682611e+00,1.250000000000000000e-01,4.169749823098406472e-01,4.999480612583648287e-01,5.028722882270812988e-01
1.546184738955823201e+00,1.250000000000000000e-01,4.189199620116545453e-01,4.999539725310573890e-01,5.029291510581970215e-01
1.566265060240963791e+00,1.250000000000000000e-01,4.208194017363106054e-01,4.999592110276344092e-01,5.029863715171813965e-01
1.586345381526104381e+00,1.250000000000000000e-01,4.226743650661231588e-01,4.999638533183582423e-01,5.030446648597717285e-01
1.606425702811244971e+00,1.250000000000000000e-01,4.244858910471007163e-01,4.999679672588462909e-01,5.031037926673889160e-01
1.626506024096385561e+00,1.250000000000000000e-01,4.262549947207180945e-01,4.999716129819054555e-01,5.031638741493225098e-01
1.646586345381526151e+00,1.250000000000000000e-01,4.279826676480787961e-01,4.999748437764837128e-01,5.032239556312561035e-01
1.666666666666666741e+00,1.250000000000000000e-01,4.296698784261016590e-01,4.999777068665861579e-01,5.032851099967956543e-01
1.686746987951807331e+00,1.250000000000000000e-01,4.313175731954321801e-01,4.999802441015407939e-01,5.033473372459411621e-01
1.706827309236947698e+00,1.250000000000000000e-01,4.329266761398455343e-01,4.999824925677028853e-01,5.034102797508239746e-01
1.726907630522088288e+00,1.250000000000000000e-01,4.344980899769564919e-01,4.999844851305410565e-01,5.034734606742858887e-01
1.746987951807228878e+00,1.250000000000000000e-01,4.360326964401027294e-01,4.999862509150259648e-01,5.035377144813537598e-01
1.767068273092369468e+00,1.250000000000000000e-01,4.375313567513082202e-01,4.999878157313457638e-01,5.036022067070007324e-01
1.787148594377510058e+00,1.250000000000000000e-01,4.389949120852684183e-01,4.999892024521689349e-01,5.036674141883850098e-01
1.807228915662650648e+00,1.250000000000000000e-01,4.404241840243303119e-01,4.999904313469710204e-01,5.037334561347961426e-01
1.827309236947791238e+00,1.250000000000000000e-01,4.418199750044701224e-01,4.999915203783098505e-01,5.037994980812072754e-01
1.847389558232931606e+00,1.250000000000000000e-01,4.431830687522913537e-01,4.999924854643814642e-01,5.038666129112243652e-01
1.867469879518072196e+00,1.250000000000000000e-01,4.445142307130893200e-01,4.999933407116936013e-01,5.039343237876892090e-01
1.887550200803212785e+00,1.250000000000000000e-01,4.458142084700436047e-01,4.999940986212590421e-01,5.040016770362854004e-01
1.907630522088353375e+00,1.250000000000000000e-01,4.470837321546177745e-01,4.999947702713199993e-01,5.040702223777770996e-01
1.927710843373493965e+00,1.250000000000000000e-01,4.483235148482537791e-01,4.999953654792771984e-01,5.041385293006896973e-01
1.947791164658634555e+00,1.250000000000000000e-01,4.495342529754663419e-01,4.999958929451901457e-01,5.042077898979187012e-01
1.967871485943775145e+00,1.250000000000000000e-01,4.507166266884438666e-01,4.999963603789430167e-01,5.042774081230163574e-01
1.987951807228915735e+00,1.250000000000000000e-01,4.518713002432762083e-01,4.999967746129400648e-01,5.043465495109558105e-01
2.008032128514056325e+00,1.250000000000000000e-01,4.529989223679337096e-01,4.999971417019727360e-01,5.044159293174743652e-01
2.028112449799196693e+00,1.250000000000000000e-01,4.541001266221263433e-01,4.999974670117227626e-01,5.044856667518615723e-01
2.048192771084337505e+00,1.250000000000000000e-01,4.551755317491769648e-01,4.999977552971904271e-01,5.045560002326965332e-01
2.068273092369477872e+00,1.250000000000000000e-01,4.562257420200460656e-01,4.999980107721977984e-01,5.046262145042419434e-01
2.088353413654618684e+00,1.250000000000000000e-01,4.572513475696465823e-01,4.999982371709821849e-01,5.046967864036560059e-01
2.108433734939759052e+00,1.250000000000000000e-01,4.582529247255905380e-01,4.999984378027783061e-01,5.047671198844909668e-01
2.128514056224899420e+00,1.250000000000000000e-01,4.592310363295102893e-01,4.999986156001886006e-01,5.048374533653259277e-01
2.148594377510040232e+00,1.250000000000000000e-01,4.601862320510956006e-01,4.999987731620495479e-01,5.049077868461608887e-01
2.168674698795180600e+00,1.250000000000000000e-01,4.611190486949910405e-01,4.999989127914173936e-01,5.049783587455749512e-01
2.188755020080321412e+00,1.250000000000000000e-01,4.620300105006963642e-01,4.999990365292318883e-01,5.050484538078308105e-01
2.208835341365461780e+00,1.250000000000000000e-01,4.629196294356116015e-01,4.999991461841492568e-01,5.051190257072448730e-01
2.228915662650602592e+00,1.250000000000000000e-01,4.637884054813676271e-01,4.999992433589774965e-01,5.051887631416320801e-01
2.248995983935742959e+00,1.250000000000000000e-01,4.646368269135844331e-01,4.999993294741056915e-01,5.052586197853088379e-01
2.269076305220883327e+00,1.250000000000000000e-01,4.654653705751933268e-01,4.999994057882646281e-01,5.053287148475646973e-01
2.289156626506024139e+00,1.250000000000000000e-01,4.662745021434626103e-01,4.999994734169264099e-01,5.053985714912414551e-01
2.309236947791164507e+00,1.250000000000000000e-01,4.670646763908604671e-01,4.999995333486079163e-01,5.054678320884704590e-01
2.329317269076305319e+00,1.250000000000000000e-01,4.678363374398901708e-01,4.999995864593211325e-01,5.055368542671203613e-01
2.349397590361445687e+00,1.250000000000000000e-01,4.685899190120291768e-01,4.999996335253767965e-01,5.056064724922180176e-01
2.369477911646586499e+00,1.250000000000000000e-01,4.693258446709007159e-01,4.999996752347318774e-01,5.056745409965515137e-01
2.389558232931726867e+00,1.250000000000000000e-01,4.700445280598070652e-01,4.999997121970451430e-01,5.057432055473327637e-01
2.409638554216867234e+00,1.250000000000000000e-01,4.707463731337500623e-01,4.999997449525890869e-01,5.058115124702453613e-01
2.429718875502008046e+00,1.250000000000000000e-01,4.714317743860597654e-01,4.999997739801459451e-01,5.058791041374206543e-01
2.449799196787148414e+00,1.250000000000000000e-01,4.721011170697558823e-01,4.999997997040069864e-01,5.059466958045959473e-01
2.469879518072289226e+00,1.250000000000000000e-01,4.727547774137587644e-01,4.999998225001736629e-01,5.060135722160339355e-01
2.489959839357429594e+00,1.250000000000000000e-01,4.733931228340659825e-01,4.999998427018540470e-01,5.060805678367614746e-01
2.510040160642570406e+00,1.250000000000000000e-01,4.740165121400106152e-01,4.999998606043328242e-01,5.061467289924621582e-01
2.530120481927710774e+00,1.250000000000000000e-01,4.746252957357118274e-01,4.999998764692876185e-01,5.062122941017150879e-01
2.550200803212851586e+00,1.250000000000000000e-01,4.752198158168280950e-01,4.999998905286137107e-01,5.062779784202575684e-01
2.570281124497991954e+00,1.250000000000000000e-01,4.758004065627209345e-01,4.999999029878142709e-01,5.063431859016418457e-01
2.590361445783132321e+00,1.250000000000000000e-01,4.763673943241334419e-01,4.999999140290034561e-01,5.064075589179992676e-01
2.610441767068273133e+00,1.250000000000000000e-01,4.769210978064874484e-01,4.999999238135683921e-01,5.064722895622253418e-01
2.630522088353413501e+00,1.250000000000000000e-01,4.774618282489005439e-01,4.999999324845285087e-01,5.065357089042663574e-01
2.650602409638554313e+00,1.250000000000000000e-01,4.779898895990201679e-01,4.999999401686259226e-01,5.065988898277282715e-01
2.670682730923694681e+00,1.250000000000000000e-01,4.785055786837734138e-01,4.999999469781776784e-01,5.066617131233215332e-01
2.690763052208835493e+00,1.250000000000000000e-01,4.790091853761249130e-01,4.999999530127179348e-01,5.067238211631774902e-01
2.710843373493975861e+00,1.250000000000000000e-01,4.795009927579372278e-01,4.999999583604528008e-01,5.067859292030334473e-01
2.730923694779116673e+00,1.250000000000000000e-01,4.799812772790222892e-01,4.999999630995492494e-01,5.068468451499938965e-01
2.751004016064257041e+00,1.250000000000000000e-01,4.804503089124733117e-01,4.999999672992778699e-01,5.069076418876647949e-01
2.771084337349397408e+00,1.250000000000000000e-01,4.809083513063636128e-01,4.999999710210250581e-01,5.069680809974670410e-01
2.791164658634538220e+00,1.250000000000000000e-01,4.813556619318961616e-01,4.999999743191913537e-01,5.070279240608215332e-01
2.811244979919678588e+00,1.250000000000000000e-01,4.817924922280863442e-01,4.999999772419854160e-01,5.070872902870178223e-01
2.831325301204819400e+00,1.250000000000000000e-01,4.822190877430596601e-01,4.999999798321291822e-01,5.071457028388977051e-01
2.851405622489959768e+00,1.250000000000000000e-01,4.826356882720419517e-01,4.999999821274825340e-01,5.072039961814880371e-01
2.871485943775100580e+00,1.250000000000000000e-01,4.830425279921197745e-01,4.999999841615964113e-01,5.072619318962097168e-01
2.891566265060240948e+00,1.250000000000000000e-01,4.834398355938462899e-01,4.999999859642026978e-01,5.073186755180358887e-01
2.911646586345381316e+00,1.250000000000000000e-01,4.838278344097656225e-01,4.999999875616502054e-01,5.073752999305725098e-01
2.931726907630522128e+00,1.250000000000000000e-01,4.842067425399285696e-01,4.999999889772884232e-01,5.074315667152404785e-01
2.951807228915662495e+00,1.250000000000000000e-01,4.845767729744684948e-01,4.999999902318094658e-01,5.074867606163024902e-01
2.971887550200803307e+00,1.250000000000000000e-01,4.849381337133076286e-01,4.999999913435502763e-01,5.075415968894958496e-01
2.991967871485943675e+00,1.250000000000000000e-01,4.852910278830587232e-01,4.999999923287613557e-01,5.075961947441101074e-01
3.012048192771084487e+00,1.250000000000000000e-01,4.856356538511898968e-01,4.999999932018431292e-01,5.076501965522766113e-01
3.032128514056224855e+00,1.250000000000000000e-01,4.859722053375136186e-01,4.999999939755573330e-01,5.077036023139953613e-01
3.052208835341365223e+00,1.250000000000000000e-01,4.863008715230658918e-01,4.999999946612131985e-01,5.077564120292663574e-01
3.072289156626506035e+00,1.250000000000000000e-01,4.866218371564327572e-01,4.999999952688330973e-01,5.078087449073791504e-01
3.092369477911646403e+00,1.250000000000000000e-01,4.869352826575867321e-01,4.999999958072983697e-01,5.078602433204650879e-01
3.112449799196787215e+00,1.250000000000000000e-01,4.872413842192889200e-01,4.999999962844795531e-01,5.079113841056823730e-01
3.132530120481927582e+00,1.250000000000000000e-01,4.875403139061157964e-01,4.999999967073515128e-01,5.079618096351623535e-01
3.152610441767068394e+00,1.250000000000000000e-01,4.878322397511637432e-01,4.999999970820953599e-01,5.080119967460632324e-01
3.172690763052208762e+00,1.250000000000000000e-01,4.881173258504868939e-01,4.999999974141886572e-01,5.080615878105163574e-01
3.192771084337349574e+00,1.250000000000000000e-01,4.883957324553207524e-01,4.999999977084855773e-01,5.081105828285217285e-01
3.212851405622489942e+00,1.250000000000000000e-01,4.886676160621427067e-01,4.999999979692876795e-01,5.081591010093688965e-01
3.232931726907630310e+00,1.250000000000000000e-01,4.889331295006196232e-01,4.999999982004072474e-01,5.082072615623474121e-01
3.253012048192771122e+00,1.250000000000000000e-01,4.891924220194922568e-01,4.999999984052226898e-01,5.082547068595886230e-01
3.273092369477911490e+00,1.250000000000000000e-01,4.894456393704428865e-01,4.999999985867277230e-01,5.083016753196716309e-01
3.293172690763052302e+00,1.250000000000000000e-01,4.896929238899939696e-01,4.999999987475753360e-01,5.083479285240173340e-01
3.313253012048192669e+00,1.250000000000000000e-01,4.899344145794822247e-01,4.999999988901166481e-01,5.083937048912048340e-01
3.333333333333333481e+00,1.250000000000000000e-01,4.901702471831529406e-01,4.999999990164350483e-01,5.084390044212341309e-01
3.353413654618473849e+00,1.250000000000000000e-01,4.904005542644171989e-01,4.999999991283767264e-01,5.084840655326843262e-01
3.373493975903614661e+00,1.250000000000000000e-01,4.906254652803131999e-01,4.999999992275781513e-01,5.085286498069763184e-01
3.393574297188755029e+00,1.250000000000000000e-01,4.908451066542133256e-01,4.999999993154891076e-01,5.085723996162414551e-01
3.413654618473895397e+00,1.250000000000000000e-01,4.910596018468157409e-01,4.999999993933946785e-01,5.086155533790588379e-01
3.433734939759036209e+00,1.250000000000000000e-01,4.912690714254583924e-01,4.999999994624336197e-01,5.086585879325866699e-01
3.453815261044176577e+00,1.250000000000000000e-01,4.914736331317931528e-01,4.999999995236151240e-01,5.087010264396667480e-01
3.473895582329317389e+00,1.250000000000000000e-01,4.916734019478549156e-01,4.999999995778334760e-01,5.087425112724304199e-01
3.493975903614457756e+00,1.250000000000000000e-01,4.918684901605611670e-01,4.999999996258811530e-01,5.087843537330627441e-01
3.514056224899598568e+00,1.250000000000000000e-01,4.920590074246740109e-01,4.999999996684603154e-01,5.088251233100891113e-01
3.534136546184738936e+00,1.250000000000000000e-01,4.922450608242566195e-01,4.999999997061935209e-01,5.088656544685363770e-01
3.554216867469879304e+00,1.250000000000000000e-01,4.924267549326548643e-01,4.999999997396320506e-01,5.089058279991149902e-01
3.574297188755020116e+00,1.250000000000000000e-01,4.926041918710324929e-01,4.999999997692649023e-01,5.089451670646667480e-01
3.594377510040160484e+00,1.250000000000000000e-01,4.927774713654866079e-01,4.999999997955252296e-01,5.089843869209289551e-01
3.614457831325301296e+00,1.250000000000000000e-01,4.929466908027692051e-01,4.999999998187968364e-01,5.090230107307434082e-01
3.634538152610441664e+00,1.250000000000000000e-01,4.931119452846377538e-01,4.999999998394198397e-01,5.090612769126892090e-01
3.654618473895582476e+00,1.250000000000000000e-01,4.932733276808562994e-01,4.999999998576955540e-01,5.090991854667663574e-01
3.674698795180722843e+00,1.250000000000000000e-01,4.934309286808660211e-01,4.999999998738914320e-01,5.091360211372375488e-01
3.694779116465863211e+00,1.250000000000000000e-01,4.935848368441411727e-01,4.999999998882440622e-01,5.091733336448669434e-01
3.714859437751004023e+00,1.250000000000000000e-01,4.937351386492455085e-01,4.999999999009631102e-01,5.092095732688903809e-01
3.734939759036144391e+00,1.250000000000000000e-01,4.938819185415969648e-01,4.999999999122346495e-01,5.092453360557556152e-01
3.755020080321285203e+00,1.250000000000000000e-01,4.940252589799504213e-01,4.999999999222232705e-01,5.092812180519104004e-01
3.775100401606425571e+00,1.250000000000000000e-01,4.941652404815990440e-01,4.999999999310748566e-01,5.093165040016174316e-01
3.795180722891566383e+00,1.250000000000000000e-01,4.943019416662931542e-01,4.999999999389191374e-01,5.093513131141662598e-01
3.815261044176706751e+00,1.250000000000000000e-01,4.944354392988702385e-01,4.999999999458705768e-01,5.093857645988464355e-01
3.835341365461847563e+00,1.250000000000000000e-01,4.945658083305814468e-01,4.999999999520309824e-01,5.094198584556579590e-01
3.855421686746987930e+00,1.250000000000000000e-01,4.946931219390963141e-01,4.999999999574902265e-01,5.094531178474426270e-01
3.875502008032128298e+00,1.250000000000000000e-01,4.948174515671567852e-01,4.999999999623281899e-01,5.094864964485168457e-01
3.895582329317269110e+00,1.250000000000000000e-01,4.949388669598435708e-01,4.999999999666155936e-01,5.095193982124328613e-01
3.915662650602409478e+00,1.250000000000000000e-01,4.950574362004082074e-01,4.999999999704149434e-01,5.095517039299011230e-01
3.935742971887550290e+00,1.250000000000000000e-01,4.951732257446091467e-01,4.999999999737819723e-01,5.095836520195007324e-01
3.955823293172690658e+00,1.250000000000000000e-01,4.952863004534809876e-01,4.999999999767655856e-01,5.096156001091003418e-01
3.975903614457831470e+00,1.250000000000000000e-01,4.953967236244433692e-01,4.999999999794095817e-01,5.096467137336730957e-01
3.995983935742971838e+00,1.250000000000000000e-01,4.955045570206432215e-01,4.999999999817527074e-01,5.096777081489562988e-01
4.016064257028112650e+00,1.250000000000000000e-01,4.956098608983969811e-01,4.999999999838292131e-01,5.097087025642395020e-01
4.036144578313252573e+00,1.250000000000000000e-01,4.957126940325777276e-01,4.999999999856693522e-01,5.097388625144958496e-01
4.056224899598393385e+00,1.250000000000000000e-01,4.958131137397588373e-01,4.999999999872999368e-01,5.097687840461730957e-01
4.076305220883534197e+00,1.250000000000000000e-01,4.959111758988958285e-01,4.999999999887449476e-01,5.097979903221130371e-01
4.096385542168675009e+00,1.250000000000000000e-01,4.960069349692816099e-01,4.999999999900256453e-01,5.098277926445007324e-01
4.116465863453814933e+00,1.250000000000000000e-01,4.961004440054694875e-01,4.999999999911606263e-01,5.098567605018615723e-01
4.136546184738955745e+00,1.250000000000000000e-01,4.961917546687998892e-01,4.999999999921663774e-01,5.098853707313537598e-01
4.156626506024096557e+00,1.250000000000000000e-01,4.962809172351051457e-01,4.999999999930576089e-01,5.099131464958190918e-01
4.176706827309237369e+00,1.250000000000000000e-01,4.963679805980918402e-01,4.999999999938474771e-01,5.099412798881530762e-01
4.196787148594377292e+00,1.250000000000000000e-01,4.964529922678143081e-01,4.999999999945474727e-01,5.099692940711975098e-01
4.216867469879518104e+00,1.250000000000000000e-01,4.965359983635528884e-01,4.999999999951676988e-01,5.099962353706359863e-01
4.236947791164658916e+00,1.250000000000000000e-01,4.966170436002936839e-01,4.999999999957174812e-01,5.100232958793640137e-01
4.257028112449798840e+00,1.250000000000000000e-01,4.966961712678702456e-01,4.999999999962045916e-01,5.100498795509338379e-01
4.277108433734939652e+00,1.250000000000000000e-01,4.967734232016695062e-01,4.999999999966361908e-01,5.100765824317932129e-01
4.297188755020080464e+00,1.250000000000000000e-01,4.968488397436198190e-01,4.999999999970186071e-01,5.101023316383361816e-01
4.317269076305221276e+00,1.250000000000000000e-01,4.969224596919637471e-01,4.999999999973576137e-01,5.101282000541687012e-01
4.337349397590361200e+00,1.250000000000000000e-01,4.969943202380694980e-01,4.999999999976580956e-01,5.101537108421325684e-01
4.357429718875502012e+00,1.250000000000000000e-01,4.970644568882423564e-01,4.999999999979244381e-01,5.101792216300964355e-01
4.377510040160642824e+00,1.250000000000000000e-01,4.971329033681606835e-01,4.999999999981605825e-01,5.102040171623229980e-01
4.397590361445782747e+00,1.250000000000000000e-01,4.971996915071655865e-01,4.999999999983697485e-01,5.102284550666809082e-01
4.417670682730923559e+00,1.250000000000000000e-01,4.972648510991773962e-01,4.999999999985549892e-01,5.102533698081970215e-01
4.437751004016064371e+00,1.250000000000000000e-01,4.973284097364800704e-01,4.999999999987191912e-01,5.102772116661071777e-01
4.457831325301205183e+00,1.250000000000000000e-01,4.973903926119951913e-01,4.999999999988646859e-01,5.103011727333068848e-01
4.477911646586345107e+00,1.250000000000000000e-01,4.974508222849546302e-01,4.999999999989936939e-01,5.103247761726379395e-01
4.497991967871485919e+00,1.250000000000000000e-01,4.975097184040468412e-01,4.999999999991080468e-01,5.103483796119689941e-01
4.518072289156626731e+00,1.250000000000000000e-01,4.975670973811524012e-01,4.999999999992091881e-01,5.103717446327209473e-01
4.538152610441766655e+00,1.250000000000000000e-01,4.976229720076715823e-01,4.999999999992988386e-01,5.103945136070251465e-01
4.558232931726907466e+00,1.250000000000000000e-01,4.976773510041644921e-01,4.999999999993783306e-01,5.104172825813293457e-01
4.578313253012048278e+00,1.250000000000000000e-01,4.977302384925431644e-01,4.999999999994488298e-01,5.104396939277648926e-01
4.598393574297189090e+00,1.250000000000000000e-01,4.977816333783585678e-01,4.999999999995112798e-01,5.104616284370422363e-01
4.618473895582329014e+00,1.250000000000000000e-01,4.978315286287746666e-01,4.999999999995666244e-01,5.104835629463195801e-01
4.638554216867469826e+00,1.250000000000000000e-01,4.978799104296016687e-01,4.999999999996154743e-01,5.105054974555969238e-01
4.658634538152610638e+00,1.250000000000000000e-01,4.979267572022282873e-01,4.999999999996588285e-01,5.105269551277160645e-01
4.678714859437750562e+00,1.250000000000000000e-01,4.979720384584365167e-01,4.999999999996971312e-01,5.105482935905456543e-01
4.698795180722891374e+00,1.250000000000000000e-01,4.980157134678706021e-01,4.999999999997311040e-01,5.105692744255065918e-01
4.718875502008032186e+00,1.250000000000000000e-01,4.980577297093468081e-01,4.999999999997611355e-01,5.105900168418884277e-01
4.738955823293172998e+00,1.250000000000000000e-01,4.980980210732375291e-01,4.999999999997877254e-01,5.106105208396911621e-01
4.759036144578312921e+00,1.250000000000000000e-01,4.981365057778357475e-01,4.999999999998113176e-01,5.106307864189147949e-01
4.779116465863453733e+00,1.250000000000000000e-01,4.981730839579306958e-01,4.999999999998320233e-01,5.106515288352966309e-01
4.799196787148594545e+00,1.250000000000000000e-01,4.982076348788379017e-01,4.999999999998501199e-01,5.106714367866516113e-01
4.819277108433734469e+00,1.250000000000000000e-01,4.982400137238277571e-01,4.999999999998659961e-01,5.106912255287170410e-01
4.839357429718875281e+00,1.250000000000000000e-01,4.982700478972779123e-01,4.999999999998798739e-01,5.107105374336242676e-01
4.859437751004016093e+00,1.250000000000000000e-01,4.982975327797331544e-01,4.999999999998920308e-01,5.107302069664001465e-01
4.879518072289156905e+00,1.250000000000000000e-01,4.983222268639096453e-01,4.999999999999023004e-01,5.107499957084655762e-01
4.899598393574296828e+00,1.250000000000000000e-01,4.983438461914138085e-01,4.999999999999109601e-01,5.107685923576354980e-01
4.919678714859437640e+00,1.250000000000000000e-01,4.983620579964137542e-01,4.999999999999180655e-01,5.107875466346740723e-01
4.939759036144578452e+00,1.250000000000000000e-01,4.983764734411119668e-01,4.999999999999235056e-01,5.108059048652648926e-01
4.959839357429719264e+00,1.250000000000000000e-01,4.983866392938277601e-01,4.999999999999272249e-01,5.108248591423034668e-01
4.979919678714859188e+00,1.250000000000000000e-01,4.983920283509616356e-01,4.999999999999291123e-01,5.108428597450256348e-01
5.000000000000000000e+00,1.250000000000000000e-01,4.983920283509616356e-01,4.999999999999291123e-01,5.108610987663269043e-01
0.000000000000000000e+00,1.666666666666666574e-01,3.444519566621116746e-02,3.444519566621116746e-02,2.721415460109710693e-02
2.008032128514056214e-02,1.666666666666666574e-01,4.319273271103141187e-02,8.224782114570970692e-02,7.944767177104949951e-02
4.016064257028112428e-02,1.666666666666666574e-01,5.205588758653939552e-02,1.268042035363956821e-01,1.260760277509689331e-01
6.024096385542168641e-02,1.666666666666666574e-01,6.098204209496531358e-02,1.675221268894133420e-01,1.676374524831771851e-01
8.032128514056224855e-02,1.666666666666666574e-01,6.992644730233704697e-02,2.043094536465549782e-01,2.046676129102706909e-01
1.004016064257028107e-01,1.666666666666666574e-01,7.885210836313784333e-02,2.373208717278906532e-01,2.376629561185836792e-01
1.204819277108433728e-01,1.666666666666666574e-01,8.772902119650261010e-02,2.668204392672438585e-01,2.670714259147644043e-01
1.405622489959839350e-01,1.666666666666666574e-01,9.653316669985519127e-02,2.931116115756436935e-01,2.932894825935363770e-01
1.606425702811244971e-01,1.666666666666666574e-01,1.052454961484432655e-01,3.165023542875880502e-01,3.166669011116027832e-01
1.807228915662650592e-01,1.666666666666666574e-01,1.138510179362842573e-01,3.372881444595994815e-01,3.375112414360046387e-01
2.008032128514056214e-01,1.666666666666666574e-01,1.223380231428285031e-01,3.557441794124930889e-01,3.560947775840759277e-01
2.208835341365461835e-01,1.666666666666666574e-01,1.306974502965042029e-01,3.721223889474015722e-01,3.726577162742614746e-01
2.409638554216867457e-01,1.666666666666666574e-01,1.389223737078394416e-01,3.866509640515227164e-01,3.874141573905944824e-01
2.610441767068273355e-01,1.666666666666666574e-01,1.470075949537753279e-01,3.995351839887473777e-01,4.005550742149353027e-01
2.811244979919678699e-01,1.666666666666666574e-01,1.549493176069272893e-01,4.109588790542265113e-01,4.122489094734191895e-01
3.012048192771084043e-01,1.666666666666666574e-01,1.627448879165196427e-01,4.210861636673973729e-01,4.226493239402770996e-01
3.212851405622489942e-01,1.666666666666666574e-01,1.703925872705601696e-01,4.300632380878025574e-01,4.318920969963073730e-01
3.413654618473895841e-01,1.666666666666666574e-01,1.778914651962288096e-01,4.380201490565366895e-01,4.400990605354309082e-01
3.614457831325301185e-01,1.666666666666666574e-01,1.852412041351246541e-01,4.450724522453254339e-01,4.473815560340881348e-01
3.815261044176706529e-01,1.666666666666666574e-01,1.924420092228921186e-01,4.513227496865380717e-01,4.538378119468688965e-01
4.016064257028112428e-01,1.666666666666666574e-01,1.994945178580235789e-01,4.568620927849080249e-01,4.595568776130676270e-01
4.216867469879518326e-01,1.666666666666666574e-01,2.063997250387019922e-01,4.617712513944112196e-01,4.646188616752624512e-01
4.417670682730923670e-01,1.666666666666666574e-01,2.131589213557786577e-01,4.661218548547986784e-01,4.690962433815002441e-01
4.618473895582329014e-01,1.666666666666666574e-01,2.197736412203279976e-01,4.699774136322267815e-01,4.730519652366638184e-01
4.819277108433734913e-01,1.666666666666666574e-01,2.262456194288113009e-01,4.733942313801389745e-01,4.765459895133972168e-01
5.020080321285140812e-01,1.666666666666666574e-01,2.325767545688645077e-01,4.764222174846909907e-01,4.796279072761535645e-01
5.220883534136546711e-01,1.666666666666666574e-01,2.387690780752685371e-01,4.791056098817420561e-01,4.823456406593322754e-01
5.421686746987951500e-01,1.666666666666666574e-01,2.448247279820947864e-01,4.814836173721862567e-01,4.847397208213806152e-01
5.622489959839357399e-01,1.666666666666666574e-01,2.507459266006631937e-01,4.835909899660825184e-01,4.868481755256652832e-01
5.823293172690763297e-01,1.666666666666666574e-01,2.565349614966741520e-01,4.854585250416317277e-01,4.887031912803649902e-01
6.024096385542168086e-01,1.666666666666666574e-01,2.621941692532142043e-01,4.871135163640172294e-01,4.903345704078674316e-01
6.224899598393573985e-01,1.666666666666666574e-01,2.677259215964016836e-01,4.885801523003891478e-01,4.917685389518737793e-01
6.425702811244979884e-01,1.666666666666666574e-01,2.731326135325496396e-01,4.898798689058507239e-01,4.930283427238464355e-01
6.626506024096385783e-01,1.666666666666666574e-01,2.784166532038737651e-01,4.910316629477837203e-01,4.941346049308776855e-01
6.827309236947791682e-01,1.666666666666666574e-01,2.835804532169987624e-01,4.920523693837579038e-01,4.951054453849792480e-01
7.028112449799196471e-01,1.666666666666666574e-01,2.886264232371184568e-01,4.929569073101934262e-01,4.959571957588195801e-01
7.228915662650602370e-01,1.666666666666666574e-01,2.935569636724203457e-01,4.937584979519153983e-01,4.967043995857238770e-01
7.429718875502008268e-01,1.666666666666666574e-01,2.983744602996566964e-01,4.944688578629377607e-01,4.973604083061218262e-01
7.630522088353413057e-01,1.666666666666666574e-01,3.030812797036083195e-01,4.950983701521954328e-01,4.979357123374938965e-01
7.831325301204818956e-01,1.666666666666666574e-01,3.076797654214643574e-01,4.956562362304020031e-01,4.984398484230041504e-01
8.032128514056224855e-01,1.666666666666666574e-01,3.121722346985112417e-01,4.961506102918502026e-01,4.988828301429748535e-01
8.232931726907630754e-01,1.666666666666666574e-01,3.165609757744864416e-01,4.965887184941260579e-01,4.992716908454895020e-01
8.433734939759036653e-01,1.666666666666666574e-01,3.208482456309526554e-01,4.969769645760147569e-01,4.996133446693420410e-01
8.634538152610441442e-01,1.666666666666666574e-01,3.250362681394010633e-01,4.973210234562710497e-01,4.999135136604309082e-01
8.835341365461847341e-01,1.666666666666666574e-01,3.291272325577793700e-01,4.976259241806482714e-01,5.001781582832336426e-01
9.036144578313253239e-01,1.666666666666666574e-01,3.331232923299938808e-01,4.978961234291433557e-01,5.004114508628845215e-01
9.236947791164658028e-01,1.666666666666666574e-01,3.370265641488121022e-01,4.981355706576028886e-01,5.006170868873596191e-01
9.437751004016063927e-01,1.666666666666666574e-01,3.408391272476686829e-01,4.983477658256608156e-01,5.007991194725036621e-01
9.638554216867469826e-01,1.666666666666666574e-01,3.445630228912582305e-01,4.985358105546858210e-01,5.009612441062927246e-01
9.839357429718875725e-01,1.666666666666666574e-01,3.482002540385967237e-01,4.987024534634240669e-01,5.011059641838073730e-01
1.004016064257028162e+00,1.666666666666666574e-01,3.517527851555267149e-01,4.988501303439522028e-01,5.012344717979431152e-01
1.024096385542168752e+00,1.666666666666666574e-01,3.552225421565082808e-01,4.989809997651528661e-01,5.013502240180969238e-01
1.044176706827309342e+00,1.666666666666666574e-01,3.586114124580368490e-01,4.990969746240999094e-01,5.014550089836120605e-01
1.064257028112449710e+00,1.666666666666666574e-01,3.619212451282058374e-01,4.991997501065237319e-01,5.015501379966735840e-01
1.084337349397590300e+00,1.666666666666666574e-01,3.651538511188394676e-01,4.992908284650407480e-01,5.016364455223083496e-01
1.104417670682730890e+00,1.666666666666666574e-01,3.683110035682861660e-01,4.993715409773199498e-01,5.017163157463073730e-01
1.124497991967871480e+00,1.666666666666666574e-01,3.713944381644256887e-01,4.994430674051426600e-01,5.017901062965393066e-01
1.144578313253012070e+00,1.666666666666666574e-01,3.744058535587229120e-01,4.995064532387838430e-01,5.018585324287414551e-01
1.164658634538152659e+00,1.666666666666666574e-01,3.773469118232863906e-01,4.995626249787706308e-01,5.019235014915466309e-01
1.184738955823293249e+00,1.666666666666666574e-01,3.802192389438801556e-01,4.996124036783879396e-01,5.019850134849548340e-01
1.204819277108433617e+00,1.666666666666666574e-01,3.830244253427012580e-01,4.996565169448808907e-01,5.020435452461242676e-01
1.224899598393574207e+00,1.666666666666666574e-01,3.857640264255076668e-01,4.996956095747716597e-01,5.020994544029235840e-01
1.244979919678714797e+00,1.666666666666666574e-01,3.884395631483464895e-01,4.997302529787451264e-01,5.021545290946960449e-01
1.265060240963855387e+00,1.666666666666666574e-01,3.910525225997319998e-01,4.997609535338674025e-01,5.022074580192565918e-01
1.285140562248995977e+00,1.666666666666666574e-01,3.936043585946406576e-01,4.997881599852173062e-01,5.022594332695007324e-01
1.305220883534136567e+00,1.666666666666666574e-01,3.960964922771538221e-01,4.998122700051206291e-01,5.023112893104553223e-01
1.325301204819277157e+00,1.666666666666666574e-01,3.985303127289817615e-01,4.998336360058628358e-01,5.023624300956726074e-01
1.345381526104417746e+00,1.666666666666666574e-01,4.009071775814637140e-01,4.998525702908423463e-01,5.024130940437316895e-01
1.365461847389558336e+00,1.666666666666666574e-01,4.032284136289517318e-01,4.998693496194592800e-01,5.024639964103698730e-01
1.385542168674698704e+00,1.666666666666666574e-01,4.054953174417642581e-01,4.998842192524630690e-01,5.025154948234558105e-01
1.405622489959839294e+00,1.666666666666666574e-01,4.077091559771429674e-01,4.998973965368893602e-01,5.025667548179626465e-01
1.425702811244979884e+00,1.666666666666666574e-01,4.098711671868596196e-01,4.999090740829867374e-01,5.026182532310485840e-01
1.445783132530120474e+00,1.666666666666666574e-01,4.119825606203125212e-01,4.999194225795692836e-01,5.026704668998718262e-01
1.465863453815261064e+00,1.666666666666666574e-01,4.140445180221182797e-01,4.999285932889482864e-01,5.027233958244323730e-01
1.485943775100401654e+00,1.666666666666666574e-01,4.160581939233549131e-01,4.999367202579088065e-01,5.027768015861511230e-01
1.506024096385542244e+00,1.666666666666666574e-01,4.180247162257389459e-01,4.999439222770500901e-01,5.028312802314758301e-01
1.526104417670682611e+00,1.666666666666666574e-01,4.199451867781379133e-01,4.999503046171281384e-01,5.028858780860900879e-01
1.546184738955823201e+00,1.666666666666666574e-01,4.218206819449167866e-01,4.999559605677821317e-01,5.029414296150207520e-01
1.566265060240963791e+00,1.666666666666666574e-01,4.236522531657084811e-01,4.999609728011338849e-01,5.029978156089782715e-01
1.586345381526104381e+00,1.666666666666666574e-01,4.254409275062727147e-01,4.999654145801924465e-01,5.030549168586730957e-01
1.606425702811244971e+00,1.666666666666666574e-01,4.271877082001803716e-01,4.999693508297284872e-01,5.031126141548156738e-01
1.626506024096385561e+00,1.666666666666666574e-01,4.288935751811158714e-01,4.999728390852688498e-01,5.031715035438537598e-01
1.646586345381526151e+00,1.666666666666666574e-01,4.305594856056453867e-01,4.999759303340841621e-01,5.032307505607604980e-01
1.666666666666666741e+00,1.666666666666666574e-01,4.321863743663419966e-01,4.999786697604614583e-01,5.032908320426940918e-01
1.686746987951807331e+00,1.666666666666666574e-01,4.337751545952016619e-01,4.999810974061559277e-01,5.033515095710754395e-01
1.706827309236947698e+00,1.666666666666666574e-01,4.353267181573162170e-01,4.999832487556742922e-01,5.034131407737731934e-01
1.726907630522088288e+00,1.666666666666666574e-01,4.368419361347996577e-01,4.999851552549467448e-01,5.034753680229187012e-01
1.746987951807228878e+00,1.666666666666666574e-01,4.383216593009927053e-01,4.999868447709667763e-01,5.035383105278015137e-01
1.767068273092369468e+00,1.666666666666666574e-01,4.397667185849899463e-01,4.999883419991183464e-01,5.036017298698425293e-01
1.787148594377510058e+00,1.666666666666666574e-01,4.411779255265561028e-01,4.999896688241447507e-01,5.036656260490417480e-01
1.807228915662650648e+00,1.666666666666666574e-01,4.425560727215118173e-01,4.999908446400343487e-01,5.037304759025573730e-01
1.827309236947791238e+00,1.666666666666666574e-01,4.439019342576867033e-01,4.999918866334988610e-01,5.037954449653625488e-01
1.847389558232931606e+00,1.666666666666666574e-01,4.452162661415471345e-01,4.999928100351894722e-01,5.038614869117736816e-01
1.867469879518072196e+00,1.666666666666666574e-01,4.464998067156166761e-01,4.999936283423199734e-01,5.039276480674743652e-01
1.887550200803212785e+00,1.666666666666666574e-01,4.477532770668169460e-01,4.999943535159543928e-01,5.039941668510437012e-01
1.907630522088353375e+00,1.666666666666666574e-01,4.489773814258623541e-01,4.999949961558390332e-01,5.040612816810607910e-01
1.927710843373493965e+00,1.666666666666666574e-01,4.501728075578487198e-01,4.999955656553377592e-01,5.041285157203674316e-01
1.947791164658634555e+00,1.666666666666666574e-01,4.513402271441794844e-01,4.999960703387333893e-01,5.041959881782531738e-01
1.967871485943775145e+00,1.666666666666666574e-01,4.524802961559775683e-01,4.999965175829018671e-01,5.042644143104553223e-01
1.987951807228915735e+00,1.666666666666666574e-01,4.535936552191343063e-01,4.999969139251394523e-01,5.043321251869201660e-01
2.008032128514056325e+00,1.666666666666666574e-01,4.546809299711465635e-01,4.999972651587168970e-01,5.044009089469909668e-01
2.028112449799196693e+00,1.666666666666666574e-01,4.557427314098969062e-01,4.999975764175589310e-01,5.044696927070617676e-01
2.048192771084337505e+00,1.666666666666666574e-01,4.567796562345318723e-01,4.999978522512860124e-01,5.045381188392639160e-01
2.068273092369477872e+00,1.666666666666666574e-01,4.577922871785915504e-01,4.999980966917155212e-01,5.046076178550720215e-01
2.088353413654618684e+00,1.666666666666666574e-01,4.587811933355470106e-01,4.999983133117936740e-01,5.046767592430114746e-01
2.108433734939759052e+00,1.666666666666666574e-01,4.597469304768983522e-01,4.999985052778215255e-01,5.047460198402404785e-01
2.128514056224899420e+00,1.666666666666666574e-01,4.606900413629864688e-01,4.999986753957354479e-01,5.048150420188903809e-01
2.148594377510040232e+00,1.666666666666666574e-01,4.616110560466717971e-01,4.999988261521218225e-01,5.048841834068298340e-01
2.168674698795180600e+00,1.666666666666666574e-01,4.625104921700281535e-01,4.999989597505624106e-01,5.049534440040588379e-01
2.188755020080321412e+00,1.666666666666666574e-01,4.633888552542032579e-01,4.999990781438441445e-01,5.050228238105773926e-01
2.208835341365461780e+00,1.666666666666666574e-01,4.642466389825906092e-01,4.999991830625027944e-01,5.050918459892272949e-01
2.228915662650602592e+00,1.666666666666666574e-01,4.650843254774588154e-01,4.999992760401172354e-01,5.051607489585876465e-01
2.248995983935742959e+00,1.666666666666666574e-01,4.659023855701817651e-01,4.999993584357266263e-01,5.052300095558166504e-01
2.269076305220883327e+00,1.666666666666666574e-01,4.667012790652086407e-01,4.999994314536941320e-01,5.052986741065979004e-01
2.289156626506024139e+00,1.666666666666666574e-01,4.674814549979148248e-01,4.999994961613117850e-01,5.053669810295104980e-01
2.309236947791164507e+00,1.666666666666666574e-01,4.682433518864674848e-01,4.999995535044002848e-01,5.054351687431335449e-01
2.329317269076305319e+00,1.666666666666666574e-01,4.689873979778409474e-01,4.999996043211344943e-01,5.055032372474670410e-01
2.349397590361445687e+00,1.666666666666666574e-01,4.697140114881129258e-01,4.999996493542943621e-01,5.055711865425109863e-01
2.369477911646586499e+00,1.666666666666666574e-01,4.704236008371704414e-01,4.999996892621224598e-01,5.056392550468444824e-01
2.389558232931726867e+00,1.666666666666666574e-01,4.711165648779525594e-01,4.999997246279448415e-01,5.057062506675720215e-01
2.409638554216867234e+00,1.666666666666666574e-01,4.717932931203521751e-01,4.999997559686981674e-01,5.057734847068786621e-01
2.429718875502008046e+00,1.666666666666666574e-01,4.724541659499013058e-01,4.999997837424853264e-01,5.058405995368957520e-01
2.449799196787148414e+00,1.666666666666666574e-01,4.730995548413560736e-01,4.999998083552712469e-01,5.059064030647277832e-01
2.469879518072289226e+00,1.666666666666666574e-01,4.737298225673001739e-01,4.999998301668168166e-01,5.059726834297180176e-01
2.489959839357429594e+00,1.666666666666666574e-01,4.743453234018796816e-01,4.999998494959382866e-01,5.060382485389709473e-01
2.510040160642570406e+00,1.666666666666666574e-01,4.749464033197823287e-01,4.999998666251659896e-01,5.061040520668029785e-01
2.530120481927710774e+00,1.666666666666666574e-01,4.755334001905695551e-01,4.999998818048753124e-01,5.061692595481872559e-01
2.550200803212851586e+00,1.666666666666666574e-01,4.761066439684694118e-01,4.999998952569454369e-01,5.062333941459655762e-01
2.570281124497991954e+00,1.666666666666666574e-01,4.766664568777341238e-01,4.999999071780033000e-01,5.062980055809020996e-01
2.590361445783132321e+00,1.666666666666666574e-01,4.772131535936663949e-01,4.999999177422969621e-01,5.063615441322326660e-01
2.610441767068273133e+00,1.666666666666666574e-01,4.777470414194130988e-01,4.999999271042430138e-01,5.064248442649841309e-01
2.630522088353413501e+00,1.666666666666666574e-01,4.782684204586251098e-01,4.999999354006836594e-01,5.064879059791564941e-01
2.650602409638554313e+00,1.666666666666666574e-01,4.787775837840799187e-01,4.999999427528864504e-01,5.065502524375915527e-01
2.670682730923694681e+00,1.666666666666666574e-01,4.792748176023592932e-01,4.999999492683173119e-01,5.066120028495788574e-01
2.690763052208835493e+00,1.666666666666666574e-01,4.797604014146749085e-01,4.999999550422113415e-01,5.066737532615661621e-01
2.710843373493975861e+00,1.666666666666666574e-01,4.802346081739310435e-01,4.999999601589648068e-01,5.067349076271057129e-01
2.730923694779116673e+00,1.666666666666666574e-01,4.806977044381120501e-01,4.999999646933683262e-01,5.067955851554870605e-01
2.751004016064257041e+00,1.666666666666666574e-01,4.811499505200791948e-01,4.999999687117005487e-01,5.068557858467102051e-01
2.771084337349397408e+00,1.666666666666666574e-01,4.815916006338627486e-01,4.999999722726966578e-01,5.069151520729064941e-01
2.791164658634538220e+00,1.666666666666666574e-01,4.820229030375283719e-01,4.999999754284071840e-01,5.069742798805236816e-01
2.811244979919678588e+00,1.666666666666666574e-01,4.824441001727000078e-01,4.999999782249588409e-01,5.070328116416931152e-01
2.831325301204819400e+00,1.666666666666666574e-01,4.828554288008155559e-01,4.999999807032280974e-01,5.070903897285461426e-01
2.851405622489959768e+00,1.666666666666666574e-01,4.832571201361924307e-01,4.999999828994395323e-01,5.071480870246887207e-01
2.871485943775100580e+00,1.666666666666666574e-01,4.836493999759773343e-01,4.999999848456951335e-01,5.072054266929626465e-01
2.891566265060240948e+00,1.666666666666666574e-01,4.840324888270528536e-01,4.999999865704426449e-01,5.072618126869201660e-01
2.911646586345381316e+00,1.666666666666666574e-01,4.844066020299723774e-01,4.999999880988924561e-01,5.073180794715881348e-01
2.931726907630522128e+00,1.666666666666666574e-01,4.847719498799917259e-01,4.999999894533858624e-01,5.073730349540710449e-01
2.951807228915662495e+00,1.666666666666666574e-01,4.851287377452667138e-01,4.999999906537209715e-01,5.074284672737121582e-01
2.971887550200803307e+00,1.666666666666666574e-01,4.854771661822814277e-01,4.999999917174430819e-01,5.074824690818786621e-01
2.991967871485943675e+00,1.666666666666666574e-01,4.858174310485734448e-01,4.999999926601005895e-01,5.075368285179138184e-01
3.012048192771084487e+00,1.666666666666666574e-01,4.861497236128178856e-01,4.999999934954719172e-01,5.075902342796325684e-01
3.032128514056224855e+00,1.666666666666666574e-01,4.864742306623319190e-01,4.999999942357676308e-01,5.076426863670349121e-01
3.052208835341365223e+00,1.666666666666666574e-01,4.867911346080619484e-01,4.999999948918083525e-01,5.076951384544372559e-01
3.072289156626506035e+00,1.666666666666666574e-01,4.871006135871092102e-01,4.999999954731836893e-01,5.077468752861022949e-01
3.092369477911646403e+00,1.666666666666666574e-01,4.874028415628539057e-01,4.999999959883913436e-01,5.077980160713195801e-01
3.112449799196787215e+00,1.666666666666666574e-01,4.876979884227329309e-01,4.999999964449617917e-01,5.078489184379577637e-01
3.132530120481927582e+00,1.666666666666666574e-01,4.879862200737254407e-01,4.999999968495689728e-01,5.078991055488586426e-01
3.152610441767068394e+00,1.666666666666666574e-01,4.882676985356003141e-01,4.999999972081268229e-01,5.079484581947326660e-01
3.172690763052208762e+00,1.666666666666666574e-01,4.885425820319781454e-01,4.999999975258762053e-01,5.079975724220275879e-01
3.192771084337349574e+00,1.666666666666666574e-01,4.888110250792575551e-01,4.999999978074617379e-01,5.080465674400329590e-01
3.212851405622489942e+00,1.666666666666666574e-01,4.890731785734561132e-01,4.999999980569992952e-01,5.080946087837219238e-01
3.232931726907630310e+00,1.666666666666666574e-01,4.893291898750145030e-01,4.999999982781362373e-01,5.081424117088317871e-01
3.253012048192771122e+00,1.666666666666666574e-01,4.895792028916109428e-01,4.999999984741051451e-01,5.081892609596252441e-01
3.273092369477911490e+00,1.666666666666666574e-01,4.898233581590319963e-01,4.999999986477705050e-01,5.082361102104187012e-01
3.293172690763052302e+00,1.666666666666666574e-01,4.900617929201448453e-01,4.999999988016706753e-01,5.082820057868957520e-01
3.313253012048192669e+00,1.666666666666666574e-01,4.902946412020145472e-01,4.999999989380553012e-01,5.083274245262145996e-01
3.333333333333333481e+00,1.666666666666666574e-01,4.905220338912092415e-01,4.999999990589176213e-01,5.083722472190856934e-01
3.353413654618473849e+00,1.666666666666666574e-01,4.907440988073345500e-01,4.999999991660243892e-01,5.084170699119567871e-01
3.373493975903614661e+00,1.666666666666666574e-01,4.909609607748383064e-01,4.999999992609409083e-01,5.084611773490905762e-01
3.393574297188755029e+00,1.666666666666666574e-01,4.911727416931235268e-01,4.999999993450548463e-01,5.085046887397766113e-01
3.413654618473895397e+00,1.666666666666666574e-01,4.913795606050094800e-01,4.999999994195954423e-01,5.085477232933044434e-01
3.433734939759036209e+00,1.666666666666666574e-01,4.915815337635764393e-01,4.999999994856524910e-01,5.085906386375427246e-01
3.453815261044176577e+00,1.666666666666666574e-01,4.917787746974308094e-01,4.999999995441914424e-01,5.086326003074645996e-01
3.473895582329317389e+00,1.666666666666666574e-01,4.919713942744251001e-01,4.999999995960680566e-01,5.086742043495178223e-01
3.493975903614457756e+00,1.666666666666666574e-01,4.921595007638667196e-01,4.999999996420404491e-01,5.087155699729919434e-01
3.514056224899598568e+00,1.666666666666666574e-01,4.923431998972469525e-01,4.999999996827804716e-01,5.087559819221496582e-01
3.534136546184738936e+00,1.666666666666666574e-01,4.925225949275220949e-01,4.999999997188838696e-01,5.087960362434387207e-01
3.554216867469879304e+00,1.666666666666666574e-01,4.926977866869760025e-01,4.999999997508781657e-01,5.088360905647277832e-01
3.574297188755020116e+00,1.666666666666666574e-01,4.928688736436924178e-01,4.999999997792310968e-01,5.088756680488586426e-01
3.594377510040160484e+00,1.666666666666666574e-01,4.930359519566638316e-01,4.999999998043571647e-01,5.089144110679626465e-01
3.614457831325301296e+00,1.666666666666666574e-01,4.931991155295628038e-01,4.999999998266235757e-01,5.089531540870666504e-01
3.634538152610441664e+00,1.666666666666666574e-01,4.933584560631978921e-01,4.999999998463559026e-01,5.089909434318542480e-01
3.654618473895582476e+00,1.666666666666666574e-01,4.935140631066774475e-01,4.999999998638421927e-01,5.090284943580627441e-01
3.674698795180722843e+00,1.666666666666666574e-01,4.936660241072997612e-01,4.999999998793384637e-01,5.090653300285339355e-01
3.694779116465863211e+00,1.666666666666666574e-01,4.938144244591877174e-01,4.999999998930711453e-01,5.091024041175842285e-01
3.714859437751004023e+00,1.666666666666666574e-01,4.939593475506829923e-01,4.999999999052408550e-01,5.091388821601867676e-01
3.734939759036144391e+00,1.666666666666666574e-01,4.941008748105111259e-01,4.999999999160255615e-01,5.091745257377624512e-01
3.755020080321285203e+00,1.666666666666666574e-01,4.942390857527277359e-01,4.999999999255826388e-01,5.092100501060485840e-01
3.775100401606425571e+00,1.666666666666666574e-01,4.943740580204513124e-01,4.999999999340519197e-01,5.092448592185974121e-01
3.795180722891566383e+00,1.666666666666666574e-01,4.945058674283833722e-01,4.999999999415574159e-01,5.092797875404357910e-01
3.815261044176706751e+00,1.666666666666666574e-01,4.946345880041146947e-01,4.999999999482085955e-01,5.093142390251159668e-01
3.835341365461847563e+00,1.666666666666666574e-01,4.947602920282088701e-01,4.999999999541029361e-01,5.093476176261901855e-01
3.855421686746987930e+00,1.666666666666666574e-01,4.948830500730496684e-01,4.999999999593263134e-01,5.093814730644226074e-01
3.875502008032128298e+00,1.666666666666666574e-01,4.950029310404315264e-01,4.999999999639553883e-01,5.094142556190490723e-01
3.895582329317269110e+00,1.666666666666666574e-01,4.951200021978660049e-01,4.999999999680575513e-01,5.094472765922546387e-01
3.915662650602409478e+00,1.666666666666666574e-01,4.952343292135655828e-01,4.999999999716928656e-01,5.094791054725646973e-01
3.935742971887550290e+00,1.666666666666666574e-01,4.953459761900590452e-01,4.999999999749145108e-01,5.095116496086120605e-01
3.955823293172690658e+00,1.666666666666666574e-01,4.954550056963776261e-01,4.999999999777692827e-01,5.095431208610534668e-01
3.975903614457831470e+00,1.666666666666666574e-01,4.955614787987399072e-01,4.999999999802990369e-01,5.095742344856262207e-01
3.995983935742971838e+00,1.666666666666666574e-01,4.956654550896461564e-01,4.999999999825410213e-01,5.096055865287780762e-01
4.016064257028112650e+00,1.666666666666666574e-01,4.957669927152726919e-01,4.999999999845278209e-01,5.096356272697448730e-01
4.036144578313252573e+00,1.666666666666666574e-01,4.958661484010397635e-01,4.999999999862884681e-01,5.096657872200012207e-01
4.056224899598393385e+00,1.666666666666666574e-01,4.959629774751950215e-01,4.999999999878487200e-01,5.096957087516784668e-01
4.076305220883534197e+00,1.666666666666666574e-01,4.960575338902314946e-01,4.999999999892312252e-01,5.097255110740661621e-01
4.096385542168675009e+00,1.666666666666666574e-01,4.961498702419189222e-01,4.999999999904565784e-01,5.097544789314270020e-01
4.116465863453814933e+00,1.666666666666666574e-01,4.962400377856933109e-01,4.999999999915425430e-01,5.097834467887878418e-01
4.136546184738955745e+00,1.666666666666666574e-01,4.963280864500979606e-01,4.999999999925048844e-01,5.098119378089904785e-01
4.156626506024096557e+00,1.666666666666666574e-01,4.964140648469181905e-01,4.999999999933575912e-01,5.098401904106140137e-01
4.176706827309237369e+00,1.666666666666666574e-01,4.964980202775879370e-01,4.999999999941133755e-01,5.098680853843688965e-01
4.196787148594377292e+00,1.666666666666666574e-01,4.965799987353706757e-01,4.999999999947831175e-01,5.098955035209655762e-01
4.216867469879518104e+00,1.666666666666666574e-01,4.966600449027340769e-01,4.999999999953764762e-01,5.099229216575622559e-01
4.236947791164658916e+00,1.666666666666666574e-01,4.967382021432318884e-01,4.999999999959024999e-01,5.099498629570007324e-01
4.257028112449798840e+00,1.666666666666666574e-01,4.968145124870932960e-01,4.999999999963686270e-01,5.099763274192810059e-01
4.277108433734939652e+00,1.666666666666666574e-01,4.968890166095753513e-01,4.999999999967816300e-01,5.100027918815612793e-01
4.297188755020080464e+00,1.666666666666666574e-01,4.969617538009760693e-01,4.999999999971475595e-01,5.100290179252624512e-01
4.317269076305221276e+00,1.666666666666666574e-01,4.970327619270101249e-01,4.999999999974719667e-01,5.100547671318054199e-01
4.337349397590361200e+00,1.666666666666666574e-01,4.971020773780273072e-01,4.999999999977594589e-01,5.100801587104797363e-01
4.357429718875502012e+00,1.666666666666666574e-01,4.971697350052861064e-01,4.999999999980141996e-01,5.101055502891540527e-01
4.377510040160642824e+00,1.666666666666666574e-01,4.972357680421833903e-01,4.999999999982401300e-01,5.101302266120910645e-01
4.397590361445782747e+00,1.666666666666666574e-01,4.973002080079720888e-01,4.999999999984402477e-01,5.101552605628967285e-01
4.417670682730923559e+00,1.666666666666666574e-01,4.973630845910606002e-01,4.999999999986174948e-01,5.101795792579650879e-01
4.437751004016064371e+00,1.666666666666666574e-01,4.974244255084702693e-01,4.999999999987745913e-01,5.102037787437438965e-01
4.457831325301205183e+00,1.666666666666666574e-01,4.974842563374110016e-01,4.999999999989138688e-01,5.102275013923645020e-01
4.477911646586345107e+00,1.666666666666666574e-01,4.975426003141990572e-01,4.999999999990373811e-01,5.102513432502746582e-01
4.497991967871485919e+00,1.666666666666666574e-01,4.975994780948651552e-01,4.999999999991466826e-01,5.102745890617370605e-01
4.518072289156626731e+00,1.666666666666666574e-01,4.976549074707464215e-01,4.999999999992435495e-01,5.102975964546203613e-01
4.538152610441766655e+00,1.666666666666666574e-01,4.977089030310881124e-01,4.999999999993292588e-01,5.103209614753723145e-01
4.558232931726907466e+00,1.666666666666666574e-01,4.977614757631522169e-01,4.999999999994053090e-01,5.103432536125183105e-01
4.578313253012048278e+00,1.666666666666666574e-01,4.978126325784703043e-01,4.999999999994727551e-01,5.103655457496643066e-01
4.598393574297189090e+00,1.666666666666666574e-01,4.978623757516227322e-01,4.999999999995325406e-01,5.103878378868103027e-01
4.618473895582329014e+00,1.666666666666666574e-01,4.979107022551573225e-01,4.999999999995853872e-01,5.104097723960876465e-01
4.638554216867469826e+00,1.666666666666666574e-01,4.979576029708679408e-01,4.999999999996322941e-01,5.104315876960754395e-01
4.658634538152610638e+00,1.666666666666666574e-01,4.980030617534634829e-01,4.999999999996737610e-01,5.104531645774841309e-01
4.678714859437750562e+00,1.666666666666666574e-01,4.980470543174645992e-01,4.999999999997103983e-01,5.104743838310241699e-01
4.698795180722891374e+00,1.666666666666666574e-01,4.980895469116990437e-01,4.999999999997428723e-01,5.104956030845642090e-01
4.718875502008032186e+00,1.666666666666666574e-01,4.981304947376861136e-01,4.999999999997717381e-01,5.105164647102355957e-01
4.738955823293172998e+00,1.666666666666666574e-01,4.981698400580491515e-01,4.999999999997972178e-01,5.105370879173278809e-01
4.759036144578312921e+00,1.666666666666666574e-01,4.982075099283126973e-01,4.999999999998198108e-01,5.105575919151306152e-01
4.779116465863453733e+00,1.666666666666666574e-01,4.982434134692790839e-01,4.999999999998395728e-01,5.105774998664855957e-01
4.799196787148594545e+00,1.666666666666666574e-01,4.982774385767006486e-01,4.999999999998568923e-01,5.105980038642883301e-01
4.819277108433734469e+00,1.666666666666666574e-01,4.983094479389733600e-01,4.999999999998721023e-01,5.106179118156433105e-01
4.839357429718875281e+00,1.666666666666666574e-01,4.983392742005764986e-01,4.999999999998854805e-01,5.106374621391296387e-01
4.859437751004016093e+00,1.666666666666666574e-01,4.983667140671426687e-01,4.999999999998970268e-01,5.106568932533264160e-01
4.879518072289156905e+00,1.666666666666666574e-01,4.983915210952367114e-01,4.999999999999069078e-01,5.106756091117858887e-01
4.899598393574296828e+00,1.666666666666666574e-01,4.984133968438577145e-01,4.999999999999151790e-01,5.106948018074035645e-01
4.919678714859437640e+00,1.666666666666666574e-01,4.984319799833801246e-01,4.999999999999220623e-01,5.107133984565734863e-01
4.939759036144578452e+00,1.666666666666666574e-01,4.984468328605194953e-01,4.999999999999272804e-01,5.107323527336120605e-01
4.959839357429719264e+00,1.666666666666666574e-01,4.984574249079840591e-01,4.999999999999309441e-01,5.107508301734924316e-01
4.979919678714859188e+00,1.666666666666666574e-01,4.984631121758928973e-01,4.999999999999327760e-01,5.107691884040832520e-01
5.000000000000000000e+00,1.666666666666666574e-01,4.984631121758928973e-01,4.999999999999327760e-01,5.107875466346740723e-01
0.000000000000000000e+00,2.083333333333333148e-01,5.133579311531624723e-02,5.133579311531624723e-02,4.359506070613861084e-02
2.008032128514056214e-02,2.083333333333333148e-01,6.054597216588059050e-02,1.004229167158804809e-01,9.798447787761688232e-02
4.016064257028112428e-02,2.083333333333333148e-01,6.976346236380068233e-02,1.450600030804487794e-01,1.451107710599899292e-01
6.024096385542168641e-02,2.083333333333333148e-01,7.895251107815960678e-02,1.851377910858943709e-01,1.862050741910934448e-01
8.032128514056224855e-02,2.083333333333333148e-01,8.808254278907688695e-02,2.208768058606573603e-01,2.222334593534469604e-01
1.004016064257028107e-01,2.083333333333333148e-01,9.712803214880369462e-02,2.526348686579591996e-01,2.539560198783874512e-01
1.204819277108433728e-01,2.083333333333333148e-01,1.060681529219792835e-01,2.808066807029504508e-01,2.819786667823791504e-01
1.405622489959839350e-01,2.083333333333333148e-01,1.148862874549722440e-01,3.057772259420736827e-01,3.067942261695861816e-01
1.606425702811244971e-01,2.083333333333333148e-01,1.235694763347289504e-01,3.279028583669174046e-01,3.288088440895080566e-01
1.807228915662650592e-01,2.083333333333333148e-01,1.321078672913043872e-01,3.475055075233602908e-01,3.483650088310241699e-01
2.008032128514056214e-01,2.083333333333333148e-01,1.404942003452299693e-01,3.648726722959766966e-01,3.657513260841369629e-01
2.208835341365461835e-01,2.083333333333333148e-01,1.487233484043294363e-01,3.802597308990600111e-01,3.812173008918762207e-01
2.409638554216867457e-01,2.083333333333333148e-01,1.567919201552254727e-01,3.938929966305498298e-01,3.949789404869079590e-01
2.610441767068273355e-01,2.083333333333333148e-01,1.646979244533937348e-01,4.059728447921051031e-01,4.072237610816955566e-01
2.811244979919678699e-01,2.083333333333333148e-01,1.724404912508376575e-01,4.166766445111452222e-01,4.181167483329772949e-01
3.012048192771084043e-01,2.083333333333333148e-01,1.800196422453004264e-01,4.261614091878526689e-01,4.278041720390319824e-01
3.212851405622489942e-01,2.083333333333333148e-01,1.874361039873822521e-01,4.345661549556436576e-01,4.364144206047058105e-01
3.413654618473895841e-01,2.083333333333333148e-01,1.946911565156081714e-01,4.420139857078132506e-01,4.440631270408630371e-01
3.614457831325301185e-01,2.083333333333333148e-01,2.017865113012778655e-01,4.486139323419863212e-01,4.508532881736755371e-01
3.815261044176706529e-01,2.083333333333333148e-01,2.087242131321928873e-01,4.544625747614369216e-01,4.568766951560974121e-01
4.016064257028112428e-01,2.083333333333333148e-01,2.155065614114110017e-01,4.596454730314378234e-01,4.622156023979187012e-01
4.216867469879518326e-01,2.083333333333333148e-01,2.221360471255314495e-01,4.642384310999749242e-01,4.669443964958190918e-01
4.417670682730923670e-01,2.083333333333333148e-01,2.286153024182361604e-01,4.683086135119051141e-01,4.711292386054992676e-01
4.618473895582329014e-01,2.083333333333333148e-01,2.349470602829250299e-01,4.719155328647590131e-01,4.748304486274719238e-01
4.819277108433734913e-01,2.083333333333333148e-01,2.411341223689386359e-01,4.751119234341902309e-01,4.780998826026916504e-01
5.020080321285140812e-01,2.083333333333333148e-01,2.471793332899236140e-01,4.779445144146887703e-01,4.809872508049011230e-01
5.220883534136546711e-01,2.083333333333333148e-01,2.530855601428403934e-01,4.804547145296007016e-01,4.835341572761535645e-01
5.421686746987951500e-01,2.083333333333333148e-01,2.588556762041301917e-01,4.826792183157130878e-01,4.857804179191589355e-01
5.622489959839357399e-01,2.083333333333333148e-01,2.644925479766790377e-01,4.846505431399736885e-01,4.877581000328063965e-01
5.823293172690763297e-01,2.083333333333333148e-01,2.699990249269584863e-01,4.863975049253408400e-01,4.895003437995910645e-01
6.024096385542168086e-01,2.083333333333333148e-01,2.753779313840987730e-01,4.879456396221654724e-01,4.910325407981872559e-01
6.224899598393573985e-01,2.083333333333333148e-01,2.806320601782492652e-01,4.893175766392964809e-01,4.923805594444274902e-01
6.425702811244979884e-01,2.083333333333333148e-01,2.857641676797820218e-01,4.905333697279357641e-01,4.935650229454040527e-01
6.626506024096385783e-01,2.083333333333333148e-01,2.907769699680300413e-01,4.916107901770730981e-01,4.946056008338928223e-01
6.827309236947791682e-01,2.083333333333333148e-01,2.956731399117929482e-01,4.925655866205041478e-01,4.955198168754577637e-01
7.028112449799196471e-01,2.083333333333333148e-01,3.004553049865820724e-01,4.934117152622695679e-01,4.963223338127136230e-01
7.228915662650602370e-01,2.083333333333333148e-01,3.051260456877045169e-01,4.941615438916616698e-01,4.970261454582214355e-01
7.429718875502008268e-01,2.083333333333333148e-01,3.096878944255804789e-01,4.948260326736950709e-01,4.976443648338317871e-01
7.630522088353413057e-01,2.083333333333333148e-01,3.141433348115365010e-01,4.954148943601030530e-01,4.981870055198669434e-01
7.831325301204818956e-01,2.083333333333333148e-01,3.184948012598281530e-01,4.959367362642290167e-01,4.986630082130432129e-01
8.032128514056224855e-01,2.083333333333333148e-01,3.227446788457056792e-01,4.963991860760593178e-01,4.990810751914978027e-01
8.232931726907630754e-01,2.083333333333333148e-01,3.268953033706377131e-01,4.968090033570744524e-01,4.994483590126037598e-01
8.433734939759036653e-01,2.083333333333333148e-01,3.309489615949102181e-01,4.971721783450439025e-01,4.997712969779968262e-01
8.634538152610441442e-01,2.083333333333333148e-01,3.349078916051604904e-01,4.974940195132502296e-01,5.000550150871276855e-01
8.835341365461847341e-01,2.083333333333333148e-01,3.387742832903411494e-01,4.977792311641558443e-01,5.003053545951843262e-01
9.036144578313253239e-01,2.083333333333333148e-01,3.425502789044138074e-01,4.980319821918008927e-01,5.005260109901428223e-01
9.236947791164658028e-01,2.083333333333333148e-01,3.462379736979729339e-01,4.982559670180908284e-01,5.007210373878479004e-01
9.437751004016063927e-01,2.083333333333333148e-01,3.498394166041707831e-01,4.984544595937188682e-01,5.008940100669860840e-01
9.638554216867469826e-01,2.083333333333333148e-01,3.533566109668976329e-01,4.986303612530734730e-01,5.010480284690856934e-01
9.839357429718875725e-01,2.083333333333333148e-01,3.567915153012866658e-01,4.987862431226388060e-01,5.011846423149108887e-01
1.004016064257028162e+00,2.083333333333333148e-01,3.601460440783358363e-01,4.989243837027773076e-01,5.013076663017272949e-01
1.024096385542168752e+00,2.083333333333333148e-01,3.634220685268625961e-01,4.990468021722295755e-01,5.014178156852722168e-01
1.044176706827309342e+00,2.083333333333333148e-01,3.666214174471723597e-01,4.991552879021411981e-01,5.015168786048889160e-01
1.064257028112449710e+00,2.083333333333333148e-01,3.697458780317861016e-01,4.992514266110239518e-01,5.016078352928161621e-01
1.084337349397590300e+00,2.083333333333333148e-01,3.727971966893685596e-01,4.993366235429557709e-01,5.016910433769226074e-01
1.104417670682730890e+00,2.083333333333333148e-01,3.757770798686589919e-01,4.994121240078117085e-01,5.017673373222351074e-01
1.124497991967871480e+00,2.083333333333333148e-01,3.786871948797555509e-01,4.994790315837604466e-01,5.018379092216491699e-01
1.144578313253012070e+00,2.083333333333333148e-01,3.815291707105637475e-01,4.995383242480918584e-01,5.019041895866394043e-01
1.164658634538152659e+00,2.083333333333333148e-01,3.843045988365981769e-01,4.995908686721542979e-01,5.019662976264953613e-01
1.184738955823293249e+00,2.083333333333333148e-01,3.870150340226516383e-01,4.996374328893515848e-01,5.020255446434020996e-01
1.204819277108433617e+00,2.083333333333333148e-01,3.896619951151104044e-01,4.996786975213640125e-01,5.020818114280700684e-01
1.224899598393574207e+00,2.083333333333333148e-01,3.922469658239238766e-01,4.997152657266861198e-01,5.021364092826843262e-01
1.244979919678714797e+00,2.083333333333333148e-01,3.947713954934251590e-01,4.997476720168983477e-01,5.021890997886657715e-01
1.265060240963855387e+00,2.083333333333333148e-01,3.972366998613613420e-01,4.997763900695365580e-01,5.022408366203308105e-01
1.285140562248995977e+00,2.083333333333333148e-01,3.996442618056282869e-01,4.998018396517608375e-01,5.022917389869689941e-01
1.305220883534136567e+00,2.083333333333333148e-01,4.019954320783197810e-01,4.998243927560241939e-01,5.023418068885803223e-01
1.325301204819277157e+00,2.083333333333333148e-01,4.042915300267992396e-01,4.998443790374267337e-01,5.023917555809020996e-01
1.345381526104417746e+00,2.083333333333333148e-01,4.065338443015839576e-01,4.998620906322316926e-01,5.024414658546447754e-01
1.365461847389558336e+00,2.083333333333333148e-01,4.087236335509044083e-01,4.998777864279735916e-01,5.024912953376770020e-01
1.385542168674698704e+00,2.083333333333333148e-01,4.108621271018587651e-01,4.998916958475760342e-01,5.025412440299987793e-01
1.405622489959839294e+00,2.083333333333333148e-01,4.129505256281353343e-01,4.999040222027900104e-01,5.025914311408996582e-01
1.425702811244979884e+00,2.083333333333333148e-01,4.149900018043170546e-01,4.999149456659683355e-01,5.026418566703796387e-01
1.445783132530120474e+00,2.083333333333333148e-01,4.169817009468211877e-01,4.999246259036165263e-01,5.026929974555969238e-01
1.465863453815261064e+00,2.083333333333333148e-01,4.189267416415546896e-01,4.999332044102123840e-01,5.027447342872619629e-01
1.485943775100401654e+00,2.083333333333333148e-01,4.208262163583952886e-01,4.999408065764081588e-01,5.027970671653747559e-01
1.506024096385542244e+00,2.083333333333333148e-01,4.226811920526273303e-01,4.999475435218452279e-01,5.028502345085144043e-01
1.526104417670682611e+00,2.083333333333333148e-01,4.244927107534823829e-01,4.999535137193723555e-01,5.029037594795227051e-01
1.546184738955823201e+00,2.083333333333333148e-01,4.262617901399468057e-01,4.999588044344071558e-01,5.029585957527160645e-01
1.566265060240963791e+00,2.083333333333333148e-01,4.279894241040131941e-01,4.999634930004810407e-01,5.030134320259094238e-01
1.586345381526104381e+00,2.083333333333333148e-01,4.296765833015628866e-01,4.999676479496105719e-01,5.030694603919982910e-01
1.606425702811244971e+00,2.083333333333333148e-01,4.313242156910735980e-01,4.999713300140193883e-01,5.031264424324035645e-01
1.626506024096385561e+00,2.083333333333333148e-01,4.329332470603530214e-01,4.999745930138511651e-01,5.031840205192565918e-01
1.646586345381526151e+00,2.083333333333333148e-01,4.345045815415058965e-01,4.999774846438500564e-01,5.032420754432678223e-01
1.666666666666666741e+00,2.083333333333333148e-01,4.360391021143438794e-01,4.999800471705069249e-01,5.033012032508850098e-01
1.686746987951807331e+00,2.083333333333333148e-01,4.375376710984508200e-01,4.999823180498621511e-01,5.033609271049499512e-01
1.706827309236947698e+00,2.083333333333333148e-01,4.390011306341192188e-01,4.999843304749942430e-01,5.034213662147521973e-01
1.726907630522088288e+00,2.083333333333333148e-01,4.404303031523712497e-01,4.999861138611979561e-01,5.034820437431335449e-01
1.746987951807228878e+00,2.083333333333333148e-01,4.418259918342813397e-01,4.999876942759424736e-01,5.035439133644104004e-01
1.767068273092369468e+00,2.083333333333333148e-01,4.431889810598150792e-01,4.999890948198963958e-01,5.036063790321350098e-01
1.787148594377510058e+00,2.083333333333333148e-01,4.445200368463978480e-01,4.999903359645854750e-01,5.036690831184387207e-01
1.807228915662650648e+00,2.083333333333333148e-01,4.458199072774274296e-01,4.999914358516223123e-01,5.037326216697692871e-01
1.827309236947791238e+00,2.083333333333333148e-01,4.470893229209390585e-01,4.999924105578787970e-01,5.037969946861267090e-01
1.847389558232931606e+00,2.083333333333333148e-01,4.483289972386344524e-01,4.999932743304796867e-01,5.038612484931945801e-01
1.867469879518072196e+00,2.083333333333333148e-01,4.495396269854787796e-01,4.999940397950503046e-01,5.039262175559997559e-01
1.887550200803212785e+00,2.083333333333333148e-01,4.507218926000712278e-01,4.999947181402631946e-01,5.039915442466735840e-01
1.907630522088353375e+00,2.083333333333333148e-01,4.518764585859884053e-01,4.999953192813812453e-01,5.040574669837951660e-01
1.927710843373493965e+00,2.083333333333333148e-01,4.530039738842998043e-01,4.999958520051875355e-01,5.041236281394958496e-01
1.947791164658634555e+00,2.083333333333333148e-01,4.541050722374496140e-01,4.999963240984203749e-01,5.041902661323547363e-01
1.967871485943775145e+00,2.083333333333333148e-01,4.551803725446964544e-01,4.999967424615905931e-01,5.042569041252136230e-01
1.987951807228915735e+00,2.083333333333333148e-01,4.562304792092997663e-01,4.999971132098455784e-01,5.043241381645202637e-01
2.008032128514056325e+00,2.083333333333333148e-01,4.572559824776372128e-01,4.999974417623528899e-01,5.043914914131164551e-01
2.028112449799196693e+00,2.083333333333333148e-01,4.582574587704352220e-01,4.999977329215118393e-01,5.044588446617126465e-01
2.048192771084337505e+00,2.083333333333333148e-01,4.592354710062913070e-01,4.999979909431488401e-01,5.045265555381774902e-01
2.068273092369477872e+00,2.083333333333333148e-01,4.601905689176615244e-01,4.999982195987250355e-01,5.045942664146423340e-01
2.088353413654618684e+00,2.083333333333333148e-01,4.611232893594857662e-01,4.999984222304617587e-01,5.046623349189758301e-01
2.108433734939759052e+00,2.083333333333333148e-01,4.620341566106179187e-01,4.999986018001949528e-01,5.047301650047302246e-01
2.128514056224899420e+00,2.083333333333333148e-01,4.629236826682268102e-01,4.999987609326662086e-01,5.047983527183532715e-01
2.148594377510040232e+00,2.083333333333333148e-01,4.637923675353259334e-01,4.999989019538894630e-01,5.048663020133972168e-01
2.168674698795180600e+00,2.083333333333333148e-01,4.646406995015939234e-01,4.999990269251491926e-01,5.049343705177307129e-01
2.188755020080321412e+00,2.083333333333333148e-01,4.654691554176363932e-01,4.999991376731302006e-01,5.050024390220642090e-01
2.208835341365461780e+00,2.083333333333333148e-01,4.662782009628427815e-01,4.999992358166180928e-01,5.050702691078186035e-01
2.228915662650602592e+00,2.083333333333333148e-01,4.670682909069844846e-01,4.999993227901603499e-01,5.051383376121520996e-01
2.248995983935742959e+00,2.083333333333333148e-01,4.678398693656994900e-01,4.999993998650352212e-01,5.052060484886169434e-01
2.269076305220883327e+00,2.083333333333333148e-01,4.685933700500061749e-01,4.999994681678338604e-01,5.052736401557922363e-01
2.289156626506024139e+00,2.083333333333333148e-01,4.693292165099811619e-01,4.999995286969273200e-01,5.053412318229675293e-01
2.309236947791164507e+00,2.083333333333333148e-01,4.700478223727412308e-01,4.999995823370594339e-01,5.054084658622741699e-01
2.329317269076305319e+00,2.083333333333333148e-01,4.707495915748575177e-01,4.999996298722796384e-01,5.054753422737121582e-01
2.349397590361445687e+00,2.083333333333333148e-01,4.714349185893338956e-01,4.999996719974024728e-01,5.055423378944396973e-01
2.369477911646586499e+00,2.083333333333333148e-01,4.721041886472741034e-01,4.999997093281641769e-01,5.056087374687194824e-01
2.389558232931726867e+00,2.083333333333333148e-01,4.727577779543630787e-01,4.999997424102223254e-01,5.056753754615783691e-01
2.409638554216867234e+00,2.083333333333333148e-01,4.733960539022811220e-01,4.999997717271321140e-01,5.057414174079895020e-01
2.429718875502008046e+00,2.083333333333333148e-01,4.740193752751711287e-01,4.999997977074141509e-01,5.058072209358215332e-01
2.449799196787148414e+00,2.083333333333333148e-01,4.746280924512723542e-01,4.999998207308180009e-01,5.058729052543640137e-01
2.469879518072289226e+00,2.083333333333333148e-01,4.752225475998345106e-01,4.999998411338730797e-01,5.059379935264587402e-01
2.489959839357429594e+00,2.083333333333333148e-01,4.758030748734217719e-01,4.999998592148076071e-01,5.060024857521057129e-01
2.510040160642570406e+00,2.083333333333333148e-01,4.763700005957147154e-01,4.999998752379073985e-01,5.060667395591735840e-01
2.530120481927710774e+00,2.083333333333333148e-01,4.769236434449147799e-01,4.999998894373799962e-01,5.061311125755310059e-01
2.550200803212851586e+00,2.083333333333333148e-01,4.774643146328540477e-01,4.999999020207765432e-01,5.061948895454406738e-01
2.570281124497991954e+00,2.083333333333333148e-01,4.779923180799121041e-01,4.999999131720266332e-01,5.062579512596130371e-01
2.590361445783132321e+00,2.083333333333333148e-01,4.785079505858344517e-01,4.999999230541261608e-01,5.063211321830749512e-01
2.610441767068273133e+00,2.083333333333333148e-01,4.790115019965527354e-01,4.999999318115201929e-01,5.063835978507995605e-01
2.630522088353413501e+00,2.083333333333333148e-01,4.795032553670966480e-01,4.999999395722142803e-01,5.064455866813659668e-01
2.650602409638554313e+00,2.083333333333333148e-01,4.799834871206906106e-01,4.999999464496451829e-01,5.065070986747741699e-01
2.670682730923694681e+00,2.083333333333333148e-01,4.804524672041245448e-01,4.999999525443391546e-01,5.065683722496032715e-01
2.690763052208835493e+00,2.083333333333333148e-01,4.809104592394849997e-01,4.999999579453814347e-01,5.066289305686950684e-01
2.710843373493975861e+00,2.083333333333333148e-01,4.813577206723317903e-01,4.999999627317181505e-01,5.066893696784973145e-01
2.730923694779116673e+00,2.083333333333333148e-01,4.817945029164051873e-01,4.999999669733104501e-01,5.067490935325622559e-01
2.751004016064257041e+00,2.083333333333333148e-01,4.822210514949416549e-01,4.999999707321570730e-01,5.068082213401794434e-01
2.771084337349397408e+00,2.083333333333333148e-01,4.826376061786808447e-01,4.999999740632001810e-01,5.068673491477966309e-01
2.791164658634538220e+00,2.083333333333333148e-01,4.830444011206381782e-01,4.999999770151293266e-01,5.069256424903869629e-01
2.811244979919678588e+00,2.083333333333333148e-01,4.834416649877215644e-01,4.999999796310923283e-01,5.069835782051086426e-01
2.831325301204819400e+00,2.083333333333333148e-01,4.838296210892635840e-01,4.999999819493262110e-01,5.070405602455139160e-01
2.851405622489959768e+00,2.083333333333333148e-01,4.842084875025436941e-01,4.999999840037163135e-01,5.070976614952087402e-01
2.871485943775100580e+00,2.083333333333333148e-01,4.845784771953686731e-01,4.999999858242915596e-01,5.071539282798767090e-01
2.891566265060240948e+00,2.083333333333333148e-01,4.849397981457820861e-01,4.999999874376626074e-01,5.072098374366760254e-01
2.911646586345381316e+00,2.083333333333333148e-01,4.852926534589682706e-01,4.999999888674120929e-01,5.072651505470275879e-01
2.931726907630522128e+00,2.083333333333333148e-01,4.856372414814182359e-01,4.999999901344383546e-01,5.073199868202209473e-01
2.951807228915662495e+00,2.083333333333333148e-01,4.859737559124202577e-01,4.999999912572613003e-01,5.073742270469665527e-01
2.971887550200803307e+00,2.083333333333333148e-01,4.863023859129377291e-01,4.999999922522931350e-01,5.074282288551330566e-01
2.991967871485943675e+00,2.083333333333333148e-01,4.866233162119369959e-01,4.999999931340780024e-01,5.074812769889831543e-01
3.012048192771084487e+00,2.083333333333333148e-01,4.869367272102227973e-01,4.999999939155048700e-01,5.075343251228332520e-01
3.032128514056224855e+00,2.083333333333333148e-01,4.872427950818411513e-01,4.999999946079957680e-01,5.075865387916564941e-01
3.052208835341365223e+00,2.083333333333333148e-01,4.875416918731055316e-01,4.999999952216724330e-01,5.076387524604797363e-01
3.072289156626506035e+00,2.083333333333333148e-01,4.878335855993025660e-01,4.999999957655050786e-01,5.076895356178283691e-01
3.092369477911646403e+00,2.083333333333333148e-01,4.881186403391321593e-01,4.999999962474429571e-01,5.077401995658874512e-01
3.112449799196787215e+00,2.083333333333333148e-01,4.883970163269324427e-01,4.999999966745302116e-01,5.077905058860778809e-01
3.132530120481927582e+00,2.083333333333333148e-01,4.886688700427448406e-01,4.999999970530096260e-01,5.078403353691101074e-01
3.152610441767068394e+00,2.083333333333333148e-01,4.889343543002668824e-01,4.999999973884134419e-01,5.078895688056945801e-01
3.172690763052208762e+00,2.083333333333333148e-01,4.891936183327432741e-01,4.999999976856440154e-01,5.079379677772521973e-01
3.192771084337349574e+00,2.083333333333333148e-01,4.894468078768433594e-01,4.999999979490460378e-01,5.079864859580993652e-01
3.212851405622489942e+00,2.083333333333333148e-01,4.896940652545711536e-01,4.999999981824695960e-01,5.080342888832092285e-01
3.232931726907630310e+00,2.083333333333333148e-01,4.899355294532547478e-01,4.999999983893266831e-01,5.080812573432922363e-01
3.253012048192771122e+00,2.083333333333333148e-01,4.901713362036591581e-01,4.999999985726407692e-01,5.081278681755065918e-01
3.273092369477911490e+00,2.083333333333333148e-01,4.904016180562658089e-01,4.999999987350915998e-01,5.081740021705627441e-01
3.293172690763052302e+00,2.083333333333333148e-01,4.906265044557623356e-01,4.999999988790534977e-01,5.082198977470397949e-01
3.313253012048192669e+00,2.083333333333333148e-01,4.908461218137826765e-01,4.999999990066308908e-01,5.082650780677795410e-01
3.333333333333333481e+00,2.083333333333333148e-01,4.910605935799390309e-01,4.999999991196885096e-01,5.083094239234924316e-01
3.353413654618473849e+00,2.083333333333333148e-01,4.912700403111839309e-01,4.999999992198788101e-01,5.083538889884948730e-01
3.373493975903614661e+00,2.083333333333333148e-01,4.914745797395416171e-01,4.999999993086660655e-01,5.083974003791809082e-01
3.393574297188755029e+00,2.083333333333333148e-01,4.916743268382451904e-01,4.999999993873482929e-01,5.084409117698669434e-01
3.413654618473895397e+00,2.083333333333333148e-01,4.918693938863166748e-01,4.999999994570754613e-01,5.084835886955261230e-01
3.433734939759036209e+00,2.083333333333333148e-01,4.920598905316235228e-01,4.999999995188669222e-01,5.085256695747375488e-01
3.453815261044176577e+00,2.083333333333333148e-01,4.922459238524474756e-01,4.999999995736256198e-01,5.085679888725280762e-01
3.473895582329317389e+00,2.083333333333333148e-01,4.924275984175978116e-01,4.999999996221523579e-01,5.086092352867126465e-01
3.493975903614457756e+00,2.083333333333333148e-01,4.926050163451005104e-01,4.999999996651560696e-01,5.086497664451599121e-01
3.514056224899598568e+00,2.083333333333333148e-01,4.927782773594956978e-01,4.999999997032652521e-01,5.086905360221862793e-01
3.534136546184738936e+00,2.083333333333333148e-01,4.929474788477715141e-01,4.999999997370373483e-01,5.087304711341857910e-01
3.554216867469879304e+00,2.083333333333333148e-01,4.931127159139637173e-01,4.999999997669655749e-01,5.087699294090270996e-01
3.574297188755020116e+00,2.083333333333333148e-01,4.932740814324482748e-01,4.999999997934876372e-01,5.088093876838684082e-01
3.594377510040160484e+00,2.083333333333333148e-01,4.934316660999527038e-01,4.999999998169911697e-01,5.088475346565246582e-01
3.614457831325301296e+00,2.083333333333333148e-01,4.935855584863108603e-01,4.999999998378197863e-01,5.088860392570495605e-01
3.634538152610441664e+00,2.083333333333333148e-01,4.937358450839848811e-01,4.999999998562777437e-01,5.089238286018371582e-01
3.654618473895582476e+00,2.083333333333333148e-01,4.938826103563744851e-01,4.999999998726349926e-01,5.089613795280456543e-01
3.674698795180722843e+00,2.083333333333333148e-01,4.940259367849348382e-01,4.999999998871304530e-01,5.089980959892272949e-01
3.694779116465863211e+00,2.083333333333333148e-01,4.941659049151201910e-01,4.999999998999762885e-01,5.090346932411193848e-01
3.714859437751004023e+00,2.083333333333333148e-01,4.943025934011693878e-01,4.999999999113601823e-01,5.090708136558532715e-01
3.734939759036144391e+00,2.083333333333333148e-01,4.944360790497469016e-01,4.999999999214483903e-01,5.091065764427185059e-01
3.755020080321285203e+00,2.083333333333333148e-01,4.945664368624495544e-01,4.999999999303882392e-01,5.091418623924255371e-01
3.775100401606425571e+00,2.083333333333333148e-01,4.946937400771881932e-01,4.999999999383106242e-01,5.091765522956848145e-01
3.795180722891566383e+00,2.083333333333333148e-01,4.948180602084487623e-01,4.999999999453314525e-01,5.092112421989440918e-01
3.815261044176706751e+00,2.083333333333333148e-01,4.949394670864328827e-01,4.999999999515531979e-01,5.092452168464660645e-01
3.835341365461847563e+00,2.083333333333333148e-01,4.950580288950760521e-01,4.999999999570668985e-01,5.092784762382507324e-01
3.855421686746987930e+00,2.083333333333333148e-01,4.951738122089358041e-01,4.999999999619529345e-01,5.093124508857727051e-01
3.875502008032128298e+00,2.083333333333333148e-01,4.952868820289343388e-01,4.999999999662830263e-01,5.093449950218200684e-01
3.895582329317269110e+00,2.083333333333333148e-01,4.953973018169383624e-01,4.999999999701202902e-01,5.093778967857360840e-01
3.915662650602409478e+00,2.083333333333333148e-01,4.955051335291472125e-01,4.999999999735209033e-01,5.094099640846252441e-01
3.935742971887550290e+00,2.083333333333333148e-01,4.956104376482553531e-01,4.999999999765344927e-01,5.094419121742248535e-01
3.955823293172690658e+00,2.083333333333333148e-01,4.957132732143423315e-01,4.999999999792048566e-01,5.094732642173767090e-01
3.975903614457831470e+00,2.083333333333333148e-01,4.958136978544347984e-01,4.999999999815713525e-01,5.095040202140808105e-01
3.995983935742971838e+00,2.083333333333333148e-01,4.959117678106705895e-01,4.999999999836686193e-01,5.095350146293640137e-01
4.016064257028112650e+00,2.083333333333333148e-01,4.960075379669802720e-01,4.999999999855271882e-01,5.095655322074890137e-01
4.036144578313252573e+00,2.083333333333333148e-01,4.961010618741829026e-01,4.999999999871740930e-01,5.095956921577453613e-01
4.056224899598393385e+00,2.083333333333333148e-01,4.961923917733735423e-01,4.999999999886335922e-01,5.096254944801330566e-01
4.076305220883534197e+00,2.083333333333333148e-01,4.962815786174556432e-01,4.999999999899268910e-01,5.096549391746520996e-01
4.096385542168675009e+00,2.083333333333333148e-01,4.963686720906411720e-01,4.999999999910729742e-01,5.096836686134338379e-01
4.116465863453814933e+00,2.083333333333333148e-01,4.964537206257125801e-01,4.999999999920888283e-01,5.097123980522155762e-01
4.136546184738955745e+00,2.083333333333333148e-01,4.965367714187996495e-01,4.999999999929889416e-01,5.097411274909973145e-01
4.156626506024096557e+00,2.083333333333333148e-01,4.966178704413787837e-01,4.999999999937867479e-01,5.097692608833312988e-01
4.176706827309237369e+00,2.083333333333333148e-01,4.966970624491532371e-01,4.999999999944936824e-01,5.097971558570861816e-01
4.196787148594377292e+00,2.083333333333333148e-01,4.967743909874069996e-01,4.999999999951201257e-01,5.098246932029724121e-01
4.216867469879518104e+00,2.083333333333333148e-01,4.968498983923555490e-01,4.999999999956752927e-01,5.098516345024108887e-01
4.236947791164658916e+00,2.083333333333333148e-01,4.969236257879305341e-01,4.999999999961672326e-01,5.098785758018493652e-01
4.257028112449798840e+00,2.083333333333333148e-01,4.969956130773338643e-01,4.999999999966032727e-01,5.099055171012878418e-01
4.277108433734939652e+00,2.083333333333333148e-01,4.970658989285811624e-01,4.999999999969896303e-01,5.099318623542785645e-01
4.297188755020080464e+00,2.083333333333333148e-01,4.971345207531100985e-01,4.999999999973319675e-01,5.099577307701110840e-01
4.317269076305221276e+00,2.083333333333333148e-01,4.972015146763671956e-01,4.999999999976353360e-01,5.099834799766540527e-01
4.337349397590361200e+00,2.083333333333333148e-01,4.972669154990852491e-01,4.999999999979042875e-01,5.100088715553283691e-01
4.357429718875502012e+00,2.083333333333333148e-01,4.973307566477306318e-01,4.999999999981426524e-01,5.100341439247131348e-01
4.377510040160642824e+00,2.083333333333333148e-01,4.973930701123162046e-01,4.999999999983539278e-01,5.100592970848083496e-01
4.397590361445782747e+00,2.083333333333333148e-01,4.974538863694390467e-01,4.999999999985411114e-01,5.100836157798767090e-01
4.417670682730923559e+00,2.083333333333333148e-01,4.975132342879933223e-01,4.999999999987068677e-01,5.101076960563659668e-01
4.437751004016064371e+00,2.083333333333333148e-01,4.975711410145188807e-01,4.999999999988538057e-01,5.101322531700134277e-01
4.457831325301205183e+00,2.083333333333333148e-01,4.976276318345462246e-01,4.999999999989840904e-01,5.101558566093444824e-01
4.477911646586345107e+00,2.083333333333333148e-01,4.976827300055695624e-01,4.999999999990996091e-01,5.101793408393859863e-01
4.497991967871485919e+00,2.083333333333333148e-01,4.977364565563877630e-01,4.999999999992019717e-01,5.102029442787170410e-01
4.518072289156626731e+00,2.083333333333333148e-01,4.977888300464478610e-01,4.999999999992925659e-01,5.102259516716003418e-01
4.538152610441766655e+00,2.083333333333333148e-01,4.978398662774631278e-01,4.999999999993728350e-01,5.102489590644836426e-01
4.558232931726907466e+00,2.083333333333333148e-01,4.978895779478749728e-01,4.999999999994440003e-01,5.102714896202087402e-01
4.578313253012048278e+00,2.083333333333333148e-01,4.979379742386001451e-01,4.999999999995070610e-01,5.102937817573547363e-01
4.598393574297189090e+00,2.083333333333333148e-01,4.979850603158215150e-01,4.999999999995629607e-01,5.103161931037902832e-01
4.618473895582329014e+00,2.083333333333333148e-01,4.980308367331842678e-01,4.999999999996123101e-01,5.103380084037780762e-01
4.638554216867469826e+00,2.083333333333333148e-01,4.980752987114424601e-01,4.999999999996561639e-01,5.103595852851867676e-01
4.658634538152610638e+00,2.083333333333333148e-01,4.981184352680736449e-01,4.999999999996949107e-01,5.103811621665954590e-01
4.678714859437750562e+00,2.083333333333333148e-01,4.981602281622918849e-01,4.999999999997292721e-01,5.104021430015563965e-01
4.698795180722891374e+00,2.083333333333333148e-01,4.982006506117406808e-01,4.999999999997597477e-01,5.104232430458068848e-01
4.718875502008032186e+00,2.083333333333333148e-01,4.982396657253173600e-01,4.999999999997868372e-01,5.104444622993469238e-01
4.738955823293172998e+00,2.083333333333333148e-01,4.982772245812263079e-01,4.999999999998107070e-01,5.104650855064392090e-01
4.759036144578312921e+00,2.083333333333333148e-01,4.983132638593844588e-01,4.999999999998317457e-01,5.104853510856628418e-01
4.779116465863453733e+00,2.083333333333333148e-01,4.983477029112827750e-01,4.999999999998502864e-01,5.105057358741760254e-01
4.799196787148594545e+00,2.083333333333333148e-01,4.983804401164818043e-01,4.999999999998664957e-01,5.105258822441101074e-01
4.819277108433734469e+00,2.083333333333333148e-01,4.984113483306997772e-01,4.999999999998807620e-01,5.105455517768859863e-01
4.839357429718875281e+00,2.083333333333333148e-01,4.984402691728868628e-01,4.999999999998931965e-01,5.105652213096618652e-01
4.859437751004016093e+00,2.083333333333333148e-01,4.984670058239660251e-01,4.999999999999040767e-01,5.105846524238586426e-01
4.879518072289156905e+00,2.083333333333333148e-01,4.984913139133788085e-01,4.999999999999132361e-01,5.106039643287658691e-01
4.899598393574296828e+00,2.083333333333333148e-01,4.985128899456858775e-01,4.999999999999210631e-01,5.106230378150939941e-01
4.919678714859437640e+00,2.083333333333333148e-01,4.985313565620270171e-01,4.999999999999275579e-01,5.106418728828430176e-01
4.939759036144578452e+00,2.083333333333333148e-01,4.985462437338440966e-01,4.999999999999324984e-01,5.106607079505920410e-01
4.959839357429719264e+00,2.083333333333333148e-01,4.985569647433332752e-01,4.999999999999360512e-01,5.106790661811828613e-01
4.979919678714859188e+00,2.083333333333333148e-01,4.985627855136005038e-01,4.999999999999377720e-01,5.106974244117736816e-01
5.000000000000000000e+00,2.083333333333333148e-01,4.985627855136005038e-01,4.999999999999377720e-01,5.107156634330749512e-01
0.000000000000000000e+00,2.500000000000000000e-01,7.585818002124354587e-02,7.585818002124354587e-02,7.094411551952362061e-02
2.008032128514056214e-02,2.500000000000000000e-01,8.574775228994552245e-02,1.262427645530136422e-01,1.257778257131576538e-01
4.016064257028112428e-02,2.500000000000000000e-01,9.547977048316955151e-02,1.705434407379127493e-01,1.720414608716964722e-01
6.024096385542168641e-02,2.500000000000000000e-01,1.050390262397586510e-01,2.093748020845576097e-01,2.115736454725265503e-01
8.032128514056224855e-02,2.500000000000000000e-01,1.144140934237050655e-01,2.434089048978654857e-01,2.457025498151779175e-01
1.004016064257028107e-01,2.500000000000000000e-01,1.235967485290566797e-01,2.732754314817028574e-01,2.754048705101013184e-01
1.204819277108433728e-01,2.500000000000000000e-01,1.325814756607107403e-01,2.995287491466100960e-01,3.014110922813415527e-01
1.405622489959839350e-01,2.500000000000000000e-01,1.413650289434132956e-01,3.226445101005135929e-01,3.242864012718200684e-01
1.606425702811244971e-01,2.500000000000000000e-01,1.499460410022891987e-01,3.430275134128987768e-01,3.444765210151672363e-01
1.807228915662650592e-01,2.500000000000000000e-01,1.583246740667728636e-01,3.610224628676496073e-01,3.623420596122741699e-01
2.008032128514056214e-01,2.500000000000000000e-01,1.665023130210856739e-01,3.769242334073669154e-01,3.781817555427551270e-01
2.208835341365461835e-01,2.500000000000000000e-01,1.744812998025644935e-01,3.909865718288215719e-01,3.922438025474548340e-01
2.409638554216867457e-01,2.500000000000000000e-01,1.822647075773623782e-01,4.034291224123635611e-01,4.047388434410095215e-01
2.610441767068273355e-01,2.500000000000000000e-01,1.898561520128958235e-01,4.144430045866721035e-01,4.158477187156677246e-01
2.811244979919678699e-01,2.500000000000000000e-01,1.972596361237362872e-01,4.241952393876444183e-01,4.257263541221618652e-01
3.012048192771084043e-01,2.500000000000000000e-01,2.044794247041874236e-01,4.328322928782535328e-01,4.345100522041320801e-01
3.212851405622489942e-01,2.500000000000000000e-01,2.115199442441509370e-01,4.404829501414169735e-01,4.423186182975769043e-01
3.413654618473895841e-01,2.500000000000000000e-01,2.183857043688855193e-01,4.472606805666742846e-01,4.492570757865905762e-01
3.614457831325301185e-01,2.500000000000000000e-01,2.250812371553365387e-01,4.532656122444924107e-01,4.554191231727600098e-01
3.815261044176706529e-01,2.500000000000000000e-01,2.316110510795326427e-01,4.585862010977805325e-01,4.608876109123229980e-01
4.016064257028112428e-01,2.500000000000000000e-01,2.379795967830462822e-01,4.633006571735673873e-01,4.657378792762756348e-01
4.216867469879518326e-01,2.500000000000000000e-01,2.441912422728349519e-01,4.674781741057906226e-01,4.700363278388977051e-01
4.417670682730923670e-01,2.500000000000000000e-01,2.502502555645987892e-01,4.711799962330115443e-01,4.738425612449645996e-01
4.618473895582329014e-01,2.500000000000000000e-01,2.561607931331209009e-01,4.744603497421733818e-01,4.772102236747741699e-01
4.819277108433734913e-01,2.500000000000000000e-01,2.619268928396253915e-01,4.773672584483183434e-01,4.801875948905944824e-01
5.020080321285140812e-01,2.500000000000000000e-01,2.675524702665265653e-01,4.799432606686592773e-01,4.828180670738220215e-01
5.220883534136546711e-01,2.500000000000000000e-01,2.730413176073656634e-01,4.822260406005075550e-01,4.851399064064025879e-01
5.421686746987951500e-01,2.500000000000000000e-01,2.783971044388948712e-01,4.842489853236159880e-01,4.871875643730163574e-01
5.622489959839357399e-01,2.500000000000000000e-01,2.836233798482880597e-01,4.860416767882430045e-01,4.889927506446838379e-01
5.823293172690763297e-01,2.500000000000000000e-01,2.887235755063731757e-01,4.876303267659773955e-01,4.905824065208435059e-01
6.024096385542168086e-01,2.500000000000000000e-01,2.937010093722209891e-01,4.890381616268038578e-01,4.919824004173278809e-01
6.224899598393573985e-01,2.500000000000000000e-01,2.985588897895280480e-01,4.902857628921951094e-01,4.932138323783874512e-01
6.425702811244979884e-01,2.500000000000000000e-01,3.033003197945493556e-01,4.913913687514891437e-01,4.942967295646667480e-01
6.626506024096385783e-01,2.500000000000000000e-01,3.079283015018808300e-01,4.923711410834898383e-01,4.952482581138610840e-01
6.827309236947791682e-01,2.500000000000000000e-01,3.124457404706755259e-01,4.932394019729449686e-01,4.960843920707702637e-01
7.028112449799196471e-01,2.500000000000000000e-01,3.168554499819615788e-01,4.940088432347355951e-01,4.968186020851135254e-01
7.228915662650602370e-01,2.500000000000000000e-01,3.211601551793196174e-01,4.946907120441827455e-01,4.974635243415832520e-01
7.429718875502008268e-01,2.500000000000000000e-01,3.253624970416102435e-01,4.952949754098279755e-01,4.980300068855285645e-01
7.630522088353413057e-01,2.500000000000000000e-01,3.294650361688511997e-01,4.958304659075687959e-01,4.985271096229553223e-01
7.831325301204818956e-01,2.500000000000000000e-01,3.334702563715851720e-01,4.963050108158412188e-01,4.989635348320007324e-01
8.032128514056224855e-01,2.500000000000000000e-01,3.373805680608672475e-01,4.967255465455148178e-01,4.993471503257751465e-01
8.232931726907630754e-01,2.500000000000000000e-01,3.411983114408865259e-01,4.970982200410395957e-01,4.996842741966247559e-01
8.433734939759036653e-01,2.500000000000000000e-01,3.449257595096675844e-01,4.974284786375376965e-01,4.999807476997375488e-01
8.634538152610441442e-01,2.500000000000000000e-01,3.485651208756055941e-01,4.977211496888911402e-01,5.002418160438537598e-01
8.835341365461847341e-01,2.500000000000000000e-01,3.521185423990664254e-01,4.979805111317832100e-01,5.004722476005554199e-01
9.036144578313253239e-01,2.500000000000000000e-01,3.555881116691174681e-01,4.982103540177874046e-01,5.006753802299499512e-01
9.236947791164658028e-01,2.500000000000000000e-01,3.589758593258338681e-01,4.984140379279577426e-01,5.008552670478820801e-01
9.437751004016063927e-01,2.500000000000000000e-01,3.622837612386602402e-01,4.985945400801844452e-01,5.010150074958801270e-01
9.638554216867469826e-01,2.500000000000000000e-01,3.655137405511024729e-01,4.987544988472877860e-01,5.011571049690246582e-01
9.839357429718875725e-01,2.500000000000000000e-01,3.686676696016565336e-01,4.988962523220607514e-01,5.012841820716857910e-01
1.004016064257028162e+00,2.500000000000000000e-01,3.717473717304000114e-01,4.990218724930339800e-01,5.013979077339172363e-01
1.024096385542168752e+00,2.500000000000000000e-01,3.747546229801293483e-01,4.991331955305537971e-01,5.015000700950622559e-01
1.044176706827309342e+00,2.500000000000000000e-01,3.776911537003451169e-01,4.992318486258865984e-01,5.015932917594909668e-01
1.064257028112449710e+00,2.500000000000000000e-01,3.805586500617965662e-01,4.993192737756763089e-01,5.016780495643615723e-01
1.084337349397590300e+00,2.500000000000000000e-01,3.833587554887125104e-01,4.993967488594179827e-01,5.017558932304382324e-01
1.104417670682730890e+00,2.500000000000000000e-01,3.860930720152751516e-01,4.994654063180434256e-01,5.018275380134582520e-01
1.124497991967871480e+00,2.500000000000000000e-01,3.887631615723526335e-01,4.995262497066447205e-01,5.018944144248962402e-01
1.144578313253012070e+00,2.500000000000000000e-01,3.913705472099889837e-01,4.995801683632890566e-01,5.019569993019104004e-01
1.164658634538152659e+00,2.500000000000000000e-01,3.939167142606721517e-01,4.996279504083369627e-01,5.020161271095275879e-01
1.184738955823293249e+00,2.500000000000000000e-01,3.964031114479509843e-01,4.996702942642757828e-01,5.020725131034851074e-01
1.204819277108433617e+00,2.500000000000000000e-01,3.988311519445626452e-01,4.997078188644512586e-01,5.021265149116516113e-01
1.224899598393574207e+00,2.500000000000000000e-01,4.012022143838473998e-01,4.997410726999188535e-01,5.021789669990539551e-01
1.244979919678714797e+00,2.500000000000000000e-01,4.035176438278846311e-01,4.997705418366506502e-01,5.022298693656921387e-01
1.265060240963855387e+00,2.500000000000000000e-01,4.057787526954638180e-01,4.997966570202843628e-01,5.022794604301452637e-01
1.285140562248995977e+00,2.500000000000000000e-01,4.079868216527184344e-01,4.998197999722632789e-01,5.023288130760192871e-01
1.305220883534136567e+00,2.500000000000000000e-01,4.101431004689864435e-01,4.998403089693976842e-01,5.023772120475769043e-01
1.325301204819277157e+00,2.500000000000000000e-01,4.122488088402255224e-01,4.998584837884032517e-01,5.024258494377136230e-01
1.345381526104417746e+00,2.500000000000000000e-01,4.143051371820974382e-01,4.998745900876884751e-01,5.024740099906921387e-01
1.365461847389558336e+00,2.500000000000000000e-01,4.163132473946405954e-01,4.998888632904418539e-01,5.025224089622497559e-01
1.385542168674698704e+00,2.500000000000000000e-01,4.182742736002774686e-01,4.999015120257737088e-01,5.025714039802551270e-01
1.405622489959839294e+00,2.500000000000000000e-01,4.201893228567456506e-01,4.999127211782158908e-01,5.026203989982604980e-01
1.425702811244979884e+00,2.500000000000000000e-01,4.220594758463990237e-01,4.999226545901480079e-01,5.026702284812927246e-01
1.445783132530120474e+00,2.500000000000000000e-01,4.238857875431987776e-01,4.999314574566556257e-01,5.027200579643249512e-01
1.465863453815261064e+00,2.500000000000000000e-01,4.256692878586019746e-01,4.999392584478236090e-01,5.027709603309631348e-01
1.485943775100401654e+00,2.500000000000000000e-01,4.274109822674470593e-01,4.999461715894861769e-01,5.028221011161804199e-01
1.506024096385542244e+00,2.500000000000000000e-01,4.291118524148481717e-01,4.999522979299239056e-01,5.028743147850036621e-01
1.526104417670682611e+00,2.500000000000000000e-01,4.307728567050249091e-01,4.999577270168703569e-01,5.029268860816955566e-01
1.546184738955823201e+00,2.500000000000000000e-01,4.323949308729181928e-01,4.999625382064168400e-01,5.029810070991516113e-01
1.566265060240963791e+00,2.500000000000000000e-01,4.339789885393783297e-01,4.999668018229477262e-01,5.030346512794494629e-01
1.586345381526104381e+00,2.500000000000000000e-01,4.355259217506483038e-01,4.999705801870605315e-01,5.030898451805114746e-01
1.606425702811244971e+00,2.500000000000000000e-01,4.370366015028114282e-01,4.999739285264960809e-01,5.031450390815734863e-01
1.626506024096385561e+00,2.500000000000000000e-01,4.385118782518239167e-01,4.999768957833938265e-01,5.032016634941101074e-01
1.646586345381526151e+00,2.500000000000000000e-01,4.399525824097090809e-01,4.999795253296709374e-01,5.032592415809631348e-01
1.666666666666666741e+00,2.500000000000000000e-01,4.413595248274464478e-01,4.999818556009826276e-01,5.033170580863952637e-01
1.686746987951807331e+00,2.500000000000000000e-01,4.427334972650583955e-01,4.999839206585301454e-01,5.033757090568542480e-01
1.706827309236947698e+00,2.500000000000000000e-01,4.440752728493597146e-01,4.999857506869281321e-01,5.034350752830505371e-01
1.726907630522088288e+00,2.500000000000000000e-01,4.453856065198073533e-01,4.999873724354070847e-01,5.034951567649841309e-01
1.746987951807228878e+00,2.500000000000000000e-01,4.466652354628617982e-01,4.999888096088039857e-01,5.035560727119445801e-01
1.767068273092369468e+00,2.500000000000000000e-01,4.479148795352452250e-01,4.999900832140513618e-01,5.036171078681945801e-01
1.787148594377510058e+00,2.500000000000000000e-01,4.491352416764615718e-01,4.999912118672323325e-01,5.036788582801818848e-01
1.807228915662650648e+00,2.500000000000000000e-01,4.503270083109216504e-01,4.999922120656891678e-01,5.037410855293273926e-01
1.827309236947791238e+00,2.500000000000000000e-01,4.514908497399988674e-01,4.999930984291620084e-01,5.038040280342102051e-01
1.847389558232931606e+00,2.500000000000000000e-01,4.526274205243245308e-01,4.999938839134833168e-01,5.038674473762512207e-01
1.867469879518072196e+00,2.500000000000000000e-01,4.537373598566155630e-01,4.999945799999510054e-01,5.039312243461608887e-01
1.887550200803212785e+00,2.500000000000000000e-01,4.548212919253145636e-01,4.999951968631491939e-01,5.039955973625183105e-01
1.907630522088353375e+00,2.500000000000000000e-01,4.558798262693072867e-01,4.999957435196680233e-01,5.040604472160339355e-01
1.927710843373493965e+00,2.500000000000000000e-01,4.569135581239724408e-01,4.999962279598980652e-01,5.041255354881286621e-01
1.947791164658634555e+00,2.500000000000000000e-01,4.579230687588076720e-01,4.999966572648240626e-01,5.041903853416442871e-01
1.967871485943775145e+00,2.500000000000000000e-01,4.589089258068629329e-01,4.999970377095273033e-01,5.042560696601867676e-01
1.987951807228915735e+00,2.500000000000000000e-01,4.598716835862063368e-01,4.999973748549069175e-01,5.043223500251770020e-01
2.008032128514056325e+00,2.500000000000000000e-01,4.608118834136369357e-01,4.999976736289625801e-01,5.043882727622985840e-01
2.028112449799196693e+00,2.500000000000000000e-01,4.617300539108501467e-01,4.999979383988268355e-01,5.044545531272888184e-01
2.048192771084337505e+00,2.500000000000000000e-01,4.626267113032559997e-01,4.999981730345981479e-01,5.045209527015686035e-01
2.068273092369477872e+00,2.500000000000000000e-01,4.635023597116411098e-01,4.999983809659099832e-01,5.045877099037170410e-01
2.088353413654618684e+00,2.500000000000000000e-01,4.643574914368595596e-01,4.999985652320607099e-01,5.046545863151550293e-01
2.108433734939759052e+00,2.500000000000000000e-01,4.651925872377319915e-01,4.999987285264391179e-01,5.047214627265930176e-01
2.128514056224899420e+00,2.500000000000000000e-01,4.660081166023247179e-01,4.999988732358927601e-01,5.047883391380310059e-01
2.148594377510040232e+00,2.500000000000000000e-01,4.668045380127776034e-01,4.999990014756166556e-01,5.048552155494689941e-01
2.168674698795180600e+00,2.500000000000000000e-01,4.675822992038412007e-01,4.999991151200701145e-01,5.049218535423278809e-01
2.188755020080321412e+00,2.500000000000000000e-01,4.683418374152814589e-01,4.999992158303757650e-01,5.049889683723449707e-01
2.208835341365461780e+00,2.500000000000000000e-01,4.690835796383027723e-01,4.999993050786002424e-01,5.050557255744934082e-01
2.228915662650602592e+00,2.500000000000000000e-01,4.698079428561382498e-01,4.999993841692702556e-01,5.051226019859313965e-01
2.248995983935742959e+00,2.500000000000000000e-01,4.705153342789502036e-01,4.999994542584415558e-01,5.051891207695007324e-01
2.269076305220883327e+00,2.500000000000000000e-01,4.712061515731799100e-01,4.999995163705962531e-01,5.052557587623596191e-01
2.289156626506024139e+00,2.500000000000000000e-01,4.718807830854822027e-01,4.999995714136178382e-01,5.053219199180603027e-01
2.309236947791164507e+00,2.500000000000000000e-01,4.725396080613761263e-01,4.999996201920611782e-01,5.053882002830505371e-01
2.329317269076305319e+00,2.500000000000000000e-01,4.731829968587402124e-01,4.999996634189129985e-01,5.054540038108825684e-01
2.349397590361445687e+00,2.500000000000000000e-01,4.738113111562763380e-01,4.999997017260131016e-01,5.055198073387145996e-01
2.369477911646586499e+00,2.500000000000000000e-01,4.744249041570637315e-01,4.999997356732903686e-01,5.055852532386779785e-01
2.389558232931726867e+00,2.500000000000000000e-01,4.750241207873202032e-01,4.999997657569466569e-01,5.056508183479309082e-01
2.409638554216867234e+00,2.500000000000000000e-01,4.756092978904870594e-01,4.999997924167097207e-01,5.057159066200256348e-01
2.429718875502008046e+00,2.500000000000000000e-01,4.761807644167473930e-01,4.999998160422614579e-01,5.057806372642517090e-01
2.449799196787148414e+00,2.500000000000000000e-01,4.767388416080895475e-01,4.999998369789324659e-01,5.058450102806091309e-01
2.469879518072289226e+00,2.500000000000000000e-01,4.772838431790188407e-01,4.999998555327506700e-01,5.059087872505187988e-01
2.489959839357429594e+00,2.500000000000000000e-01,4.778160754930234622e-01,4.999998719749144116e-01,5.059728026390075684e-01
2.510040160642570406e+00,2.500000000000000000e-01,4.783358377348945756e-01,4.999998865457559449e-01,5.060363411903381348e-01
2.530120481927710774e+00,2.500000000000000000e-01,4.788434220789988260e-01,4.999998994582552370e-01,5.060995221138000488e-01
2.550200803212851586e+00,2.500000000000000000e-01,4.793391138535995077e-01,4.999999109011520892e-01,5.061622262001037598e-01
2.570281124497991954e+00,2.500000000000000000e-01,4.798231917013200398e-01,4.999999210417052642e-01,5.062245726585388184e-01
2.590361445783132321e+00,2.500000000000000000e-01,4.802959277358408441e-01,4.999999300281377512e-01,5.062863230705261230e-01
2.610441767068273133e+00,2.500000000000000000e-01,4.807575876949184979e-01,4.999999379918028675e-01,5.063478350639343262e-01
2.630522088353413501e+00,2.500000000000000000e-01,4.812084310898139816e-01,4.999999450491042219e-01,5.064088702201843262e-01
2.650602409638554313e+00,2.500000000000000000e-01,4.816487113512160634e-01,4.999999513031971876e-01,5.064701437950134277e-01
2.670682730923694681e+00,2.500000000000000000e-01,4.820786759717398118e-01,4.999999568454968069e-01,5.065303444862365723e-01
2.690763052208835493e+00,2.500000000000000000e-01,4.824985666450843369e-01,4.999999617570141108e-01,5.065903067588806152e-01
2.710843373493975861e+00,2.500000000000000000e-01,4.829086194019248102e-01,4.999999661095397840e-01,5.066494345664978027e-01
2.730923694779116673e+00,2.500000000000000000e-01,4.833090647426190323e-01,4.999999699666941022e-01,5.067084431648254395e-01
2.751004016064257041e+00,2.500000000000000000e-01,4.837001277668013799e-01,4.999999733848566330e-01,5.067673325538635254e-01
2.771084337349397408e+00,2.500000000000000000e-01,4.840820282999377944e-01,4.999999764139896885e-01,5.068252682685852051e-01
2.791164658634538220e+00,2.500000000000000000e-01,4.844549810169140325e-01,4.999999790983699621e-01,5.068828463554382324e-01
2.811244979919678588e+00,2.500000000000000000e-01,4.848191955627257355e-01,4.999999814772344009e-01,5.069397091865539551e-01
2.831325301204819400e+00,2.500000000000000000e-01,4.851748766703395388e-01,4.999999835853544683e-01,5.069965720176696777e-01
2.851405622489959768e+00,2.500000000000000000e-01,4.855222242757907813e-01,4.999999854535443489e-01,5.070523619651794434e-01
2.871485943775100580e+00,2.500000000000000000e-01,4.858614336305834835e-01,4.999999871091111436e-01,5.071080327033996582e-01
2.891566265060240948e+00,2.500000000000000000e-01,4.861926954114547672e-01,4.999999885762539398e-01,5.071635842323303223e-01
2.911646586345381316e+00,2.500000000000000000e-01,4.865161958275678322e-01,4.999999898764176942e-01,5.072180628776550293e-01
2.931726907630522128e+00,2.500000000000000000e-01,4.868321167251906112e-01,4.999999910286066496e-01,5.072719454765319824e-01
2.951807228915662495e+00,2.500000000000000000e-01,4.871406356899221635e-01,4.999999920496622230e-01,5.073259472846984863e-01
2.971887550200803307e+00,2.500000000000000000e-01,4.874419261465219311e-01,4.999999929545089761e-01,5.073789954185485840e-01
2.991967871485943675e+00,2.500000000000000000e-01,4.877361574564005320e-01,4.999999937563729957e-01,5.074316859245300293e-01
3.012048192771084487e+00,2.500000000000000000e-01,4.880234950128239380e-01,4.999999944669750729e-01,5.074841380119323730e-01
3.032128514056224855e+00,2.500000000000000000e-01,4.883041003338873254e-01,4.999999950967017881e-01,5.075357556343078613e-01
3.052208835341365223e+00,2.500000000000000000e-01,4.885781311533089477e-01,4.999999956547577229e-01,5.075868964195251465e-01
3.072289156626506035e+00,2.500000000000000000e-01,4.888457415090967650e-01,4.999999961492999079e-01,5.076374411582946777e-01
3.092369477911646403e+00,2.500000000000000000e-01,4.891070818301357925e-01,4.999999965875571717e-01,5.076877474784851074e-01
3.112449799196787215e+00,2.500000000000000000e-01,4.893622990207463497e-01,4.999999969759352236e-01,5.077373385429382324e-01
3.132530120481927582e+00,2.500000000000000000e-01,4.896115365432597843e-01,4.999999973201111336e-01,5.077860951423645020e-01
3.152610441767068394e+00,2.500000000000000000e-01,4.898549344986590781e-01,4.999999976251154332e-01,5.078352093696594238e-01
3.172690763052208762e+00,2.500000000000000000e-01,4.900926297053276315e-01,4.999999978954065005e-01,5.078833699226379395e-01
3.192771084337349574e+00,2.500000000000000000e-01,4.903247557759526920e-01,4.999999981349350087e-01,5.079308152198791504e-01
3.212851405622489942e+00,2.500000000000000000e-01,4.905514431926249475e-01,4.999999983472022125e-01,5.079781413078308105e-01
3.232931726907630310e+00,2.500000000000000000e-01,4.907728193801766947e-01,4.999999985353107412e-01,5.080251097679138184e-01
3.253012048192771122e+00,2.500000000000000000e-01,4.909890087778000511e-01,4.999999987020101178e-01,5.080711245536804199e-01
3.273092369477911490e+00,2.500000000000000000e-01,4.912001329089846768e-01,4.999999988497371151e-01,5.081166625022888184e-01
3.293172690763052302e+00,2.500000000000000000e-01,4.914063104498140877e-01,4.999999989806510059e-01,5.081619620323181152e-01
3.313253012048192669e+00,2.500000000000000000e-01,4.916076572956593616e-01,4.999999990966653707e-01,5.082069039344787598e-01
3.333333333333333481e+00,2.500000000000000000e-01,4.918042866263055979e-01,4.999999991994759085e-01,5.082513689994812012e-01
3.353413654618473849e+00,2.500000000000000000e-01,4.919963089695496561e-01,4.999999992905854729e-01,5.082954764366149902e-01
3.373493975903614661e+00,2.500000000000000000e-01,4.921838322633022567e-01,4.999999993713254431e-01,5.083382725715637207e-01
3.393574297188755029e+00,2.500000000000000000e-01,4.923669619162296396e-01,4.999999994428762640e-01,5.083810687065124512e-01
3.413654618473895397e+00,2.500000000000000000e-01,4.925458008669680865e-01,4.999999995062837099e-01,5.084235072135925293e-01
3.433734939759036209e+00,2.500000000000000000e-01,4.927204496419440027e-01,4.999999995624746507e-01,5.084657073020935059e-01
3.453815261044176577e+00,2.500000000000000000e-01,4.928910064118295353e-01,4.999999996122703738e-01,5.085069537162780762e-01
3.473895582329317389e+00,2.500000000000000000e-01,4.930575670466664784e-01,4.999999996563988525e-01,5.085479617118835449e-01
3.493975903614457756e+00,2.500000000000000000e-01,4.932202251696859441e-01,4.999999996955049597e-01,5.085884928703308105e-01
3.514056224899598568e+00,2.500000000000000000e-01,4.933790722098538306e-01,4.999999997301601828e-01,5.086285471916198730e-01
3.534136546184738936e+00,2.500000000000000000e-01,4.935341974531690656e-01,4.999999997608713387e-01,5.086683630943298340e-01
3.554216867469879304e+00,2.500000000000000000e-01,4.936856880927409374e-01,4.999999997880870684e-01,5.087079405784606934e-01
3.574297188755020116e+00,2.500000000000000000e-01,4.938336292776714931e-01,4.999999998122053313e-01,5.087465643882751465e-01
3.594377510040160484e+00,2.500000000000000000e-01,4.939781041607675394e-01,4.999999998335785678e-01,5.087848305702209473e-01
3.614457831325301296e+00,2.500000000000000000e-01,4.941191939451046178e-01,4.999999998525192502e-01,5.088226199150085449e-01
3.634538152610441664e+00,2.500000000000000000e-01,4.942569779294656018e-01,4.999999998693044345e-01,5.088604092597961426e-01
3.654618473895582476e+00,2.500000000000000000e-01,4.943915335526747890e-01,4.999999998841790361e-01,5.088973641395568848e-01
3.674698795180722843e+00,2.500000000000000000e-01,4.945229364368456393e-01,4.999999998973607140e-01,5.089340806007385254e-01
3.694779116465863211e+00,2.500000000000000000e-01,4.946512604295607574e-01,4.999999999090422587e-01,5.089704394340515137e-01
3.714859437751004023e+00,2.500000000000000000e-01,4.947765776449998265e-01,4.999999999193944222e-01,5.090062022209167480e-01
3.734939759036144391e+00,2.500000000000000000e-01,4.948989585040290407e-01,4.999999999285681951e-01,5.090419650077819824e-01
3.755020080321285203e+00,2.500000000000000000e-01,4.950184717732650230e-01,4.999999999366978032e-01,5.090770125389099121e-01
3.775100401606425571e+00,2.500000000000000000e-01,4.951351846031207260e-01,4.999999999439020404e-01,5.091117024421691895e-01
3.795180722891566383e+00,2.500000000000000000e-01,4.952491625648433593e-01,4.999999999502864889e-01,5.091456770896911621e-01
3.815261044176706751e+00,2.500000000000000000e-01,4.953604696865454016e-01,4.999999999559443520e-01,5.091800093650817871e-01
3.835341365461847563e+00,2.500000000000000000e-01,4.954691684882311375e-01,4.999999999609582857e-01,5.092129111289978027e-01
3.855421686746987930e+00,2.500000000000000000e-01,4.955753200158146687e-01,4.999999999654015093e-01,5.092464089393615723e-01
3.875502008032128298e+00,2.500000000000000000e-01,4.956789838741221810e-01,4.999999999693390262e-01,5.092791914939880371e-01
3.895582329317269110e+00,2.500000000000000000e-01,4.957802182588652018e-01,4.999999999728285682e-01,5.093116164207458496e-01
3.915662650602409478e+00,2.500000000000000000e-01,4.958790799875672506e-01,4.999999999759209834e-01,5.093434453010559082e-01
3.935742971887550290e+00,2.500000000000000000e-01,4.959756245294184018e-01,4.999999999786614024e-01,5.093752741813659668e-01
3.955823293172690658e+00,2.500000000000000000e-01,4.960699060340243438e-01,4.999999999810897378e-01,5.094065070152282715e-01
3.975903614457831470e+00,2.500000000000000000e-01,4.961619773590092985e-01,4.999999999832417941e-01,5.094375014305114746e-01
3.995983935742971838e+00,2.500000000000000000e-01,4.962518900964192348e-01,4.999999999851491017e-01,5.094678997993469238e-01
4.016064257028112650e+00,2.500000000000000000e-01,4.963396945978624242e-01,4.999999999868391942e-01,5.094986557960510254e-01
4.036144578313252573e+00,2.500000000000000000e-01,4.964254399983085708e-01,4.999999999883367741e-01,5.095284581184387207e-01
4.056224899598393385e+00,2.500000000000000000e-01,4.965091742384514784e-01,4.999999999896639347e-01,5.095579028129577637e-01
4.076305220883534197e+00,2.500000000000000000e-01,4.965909440855224011e-01,4.999999999908399939e-01,5.095874667167663574e-01
4.096385542168675009e+00,2.500000000000000000e-01,4.966707951524171327e-01,4.999999999918822158e-01,5.096163153648376465e-01
4.116465863453814933e+00,2.500000000000000000e-01,4.967487719149757397e-01,4.999999999928059213e-01,5.096446871757507324e-01
4.136546184738955745e+00,2.500000000000000000e-01,4.968249177272212602e-01,4.999999999936245443e-01,5.096734166145324707e-01
4.156626506024096557e+00,2.500000000000000000e-01,4.968992748343288857e-01,4.999999999943500750e-01,5.097014307975769043e-01
4.176706827309237369e+00,2.500000000000000000e-01,4.969718843830543409e-01,4.999999999949928942e-01,5.097286105155944824e-01
4.196787148594377292e+00,2.500000000000000000e-01,4.970427864293019415e-01,4.999999999955625496e-01,5.097566246986389160e-01
4.216867469879518104e+00,2.500000000000000000e-01,4.971120199424500230e-01,4.999999999960674235e-01,5.097836852073669434e-01
4.236947791164658916e+00,2.500000000000000000e-01,4.971796228059863765e-01,4.999999999965147879e-01,5.098101496696472168e-01
4.257028112449798840e+00,2.500000000000000000e-01,4.972456318139216180e-01,4.999999999969113040e-01,5.098370909690856934e-01
4.277108433734939652e+00,2.500000000000000000e-01,4.973100826623479964e-01,4.999999999972626896e-01,5.098629593849182129e-01
4.297188755020080464e+00,2.500000000000000000e-01,4.973730099353989575e-01,4.999999999975740517e-01,5.098890662193298340e-01
4.317269076305221276e+00,2.500000000000000000e-01,4.974344470847190669e-01,4.999999999978498866e-01,5.099145770072937012e-01
4.337349397590361200e+00,2.500000000000000000e-01,4.974944264013886341e-01,4.999999999980944687e-01,5.099402070045471191e-01
4.357429718875502012e+00,2.500000000000000000e-01,4.975529789790431034e-01,4.999999999983111287e-01,5.099651217460632324e-01
4.377510040160642824e+00,2.500000000000000000e-01,4.976101346666799707e-01,4.999999999985032528e-01,5.099903941154479980e-01
4.397590361445782747e+00,2.500000000000000000e-01,4.976659220093473390e-01,4.999999999986733945e-01,5.100148320198059082e-01
4.417670682730923559e+00,2.500000000000000000e-01,4.977203681745400732e-01,4.999999999988242738e-01,5.100391507148742676e-01
4.437751004016064371e+00,2.500000000000000000e-01,4.977734988616804301e-01,4.999999999989578336e-01,5.100631117820739746e-01
4.457831325301205183e+00,2.500000000000000000e-01,4.978253381915004883e-01,4.999999999990762944e-01,5.100867152214050293e-01
4.477911646586345107e+00,2.500000000000000000e-01,4.978759085714519195e-01,4.999999999991814326e-01,5.101104378700256348e-01
4.497991967871485919e+00,2.500000000000000000e-01,4.979252305324018968e-01,4.999999999992745248e-01,5.101336836814880371e-01
4.518072289156626731e+00,2.500000000000000000e-01,4.979733225307859668e-01,4.999999999993569588e-01,5.101568102836608887e-01
4.538152610441766655e+00,2.500000000000000000e-01,4.980202007090068217e-01,4.999999999994299005e-01,5.101798176765441895e-01
4.558232931726907466e+00,2.500000000000000000e-01,4.980658786051195275e-01,4.999999999994947375e-01,5.102023482322692871e-01
4.578313253012048278e+00,2.500000000000000000e-01,4.981103668005988916e-01,4.999999999995520250e-01,5.102244019508361816e-01
4.598393574297189090e+00,2.500000000000000000e-01,4.981536724921017956e-01,4.999999999996028177e-01,5.102466940879821777e-01
4.618473895582329014e+00,2.500000000000000000e-01,4.981957989694121292e-01,4.999999999996476707e-01,5.102686285972595215e-01
4.638554216867469826e+00,2.500000000000000000e-01,4.982367449769172785e-01,4.999999999996875832e-01,5.102903246879577637e-01
4.658634538152610638e+00,2.500000000000000000e-01,4.982765039296599974e-01,4.999999999997228328e-01,5.103116631507873535e-01
4.678714859437750562e+00,2.500000000000000000e-01,4.983150629467484882e-01,4.999999999997540301e-01,5.103333592414855957e-01
4.698795180722891374e+00,2.500000000000000000e-01,4.983524016540696877e-01,4.999999999997818412e-01,5.103539824485778809e-01
4.718875502008032186e+00,2.500000000000000000e-01,4.983884906939617943e-01,4.999999999998064326e-01,5.103750824928283691e-01
4.738955823293172998e+00,2.500000000000000000e-01,4.984232898606454354e-01,4.999999999998281375e-01,5.103954672813415527e-01
4.759036144578312921e+00,2.500000000000000000e-01,4.984567457552564473e-01,4.999999999998473443e-01,5.104159712791442871e-01
4.779116465863453733e+00,2.500000000000000000e-01,4.984887888212662377e-01,4.999999999998642197e-01,5.104363560676574707e-01
4.799196787148594545e+00,2.500000000000000000e-01,4.985193295772336053e-01,4.999999999998789857e-01,5.104563832283020020e-01
4.819277108433734469e+00,2.500000000000000000e-01,4.985482538056815738e-01,4.999999999998919198e-01,5.104761719703674316e-01
4.839357429718875281e+00,2.500000000000000000e-01,4.985754163797791461e-01,4.999999999999032441e-01,5.104959607124328613e-01
4.859437751004016093e+00,2.500000000000000000e-01,4.986006333073376151e-01,4.999999999999131806e-01,5.105151534080505371e-01
4.879518072289156905e+00,2.500000000000000000e-01,4.986236714364774003e-01,4.999999999999215072e-01,5.105342268943786621e-01
4.899598393574296828e+00,2.500000000000000000e-01,4.986442350889371267e-01,4.999999999999287237e-01,5.105536580085754395e-01
4.919678714859437640e+00,2.500000000000000000e-01,4.986619486522385070e-01,4.999999999999346079e-01,5.105726122856140137e-01
4.939759036144578452e+00,2.500000000000000000e-01,4.986763338540990964e-01,4.999999999999392153e-01,5.105913281440734863e-01
4.959839357429719264e+00,2.500000000000000000e-01,4.986867800405747064e-01,4.999999999999424904e-01,5.106095671653747559e-01
4.979919678714859188e+00,2.500000000000000000e-01,4.986925052571802297e-01,4.999999999999439892e-01,5.106280446052551270e-01
5.000000000000000000e+00,2.500000000000000000e-01,4.986925052571802297e-01,4.999999999999439892e-01,5.106462836265563965e-01
0.000000000000000000e+00,2.916666666666666297e-01,1.107273179723682194e-01,1.107273179723682194e-01,1.114532202482223511e-01
2.008032128514056214e-02,2.916666666666666297e-01,1.212470554572200598e-01,1.614628510057062594e-01,1.641772240400314331e-01
4.016064257028112428e-02,2.916666666666666297e-01,1.314058371895283905e-01,2.043566469292425747e-01,2.077033370733261108e-01
6.024096385542168641e-02,2.916666666666666297e-01,1.412164581814381037e-01,2.409149084060235591e-01,2.442547529935836792e-01
8.032128514056224855e-02,2.916666666666666297e-01,1.506928160048695564e-01,2.723219418372636591e-01,2.753832936286926270e-01
1.004016064257028107e-01,2.916666666666666297e-01,1.598492354208775335e-01,2.994918676053376916e-01,3.021877408027648926e-01
1.204819277108433728e-01,2.916666666666666297e-01,1.687000285519835163e-01,3.231313921057476501e-01,3.254650235176086426e-01
1.405622489959839350e-01,2.916666666666666297e-01,1.772592149863244648e-01,3.437930341321513428e-01,3.458107113838195801e-01
1.606425702811244971e-01,2.916666666666666297e-01,1.855403487379739536e-01,3.619156334534226471e-01,3.636810183525085449e-01
1.807228915662650592e-01,2.916666666666666297e-01,1.935564159244766713e-01,3.778538361521438516e-01,3.794367909431457520e-01
2.008032128514056214e-01,2.916666666666666297e-01,2.013197790977605262e-01,3.918991521957218005e-01,3.933681845664978027e-01
2.208835341365461835e-01,2.916666666666666297e-01,2.088421524231189597e-01,4.042949153041903720e-01,4.057132601737976074e-01
2.409638554216867457e-01,2.916666666666666297e-01,2.161345973705820211e-01,4.152469525704935993e-01,4.166690707206726074e-01
2.610441767068273355e-01,2.916666666666666297e-01,2.232075321221613229e-01,4.249312771069171935e-01,4.264010787010192871e-01
2.811244979919678699e-01,2.916666666666666297e-01,2.300707501568612368e-01,4.334997248466517239e-01,4.350518584251403809e-01
3.012048192771084043e-01,2.916666666666666297e-01,2.367334449119890272e-01,4.410841686081571345e-01,4.427433609962463379e-01
3.212851405622489942e-01,2.916666666666666297e-01,2.432042383419187603e-01,4.477997397297009963e-01,4.495819211006164551e-01
3.413654618473895841e-01,2.916666666666666297e-01,2.494912118018975666e-01,4.537473483587711187e-01,4.556595683097839355e-01
3.614457831325301185e-01,2.916666666666666297e-01,2.556019380975281807e-01,4.590156993846384870e-01,4.610599875450134277e-01
3.815261044176706529e-01,2.916666666666666297e-01,2.615435138342721566e-01,4.636829379893693814e-01,4.658547043800354004e-01
4.016064257028112428e-01,2.916666666666666297e-01,2.673225914193531061e-01,4.678180167866308747e-01,4.701097607612609863e-01
4.216867469879518326e-01,2.916666666666666297e-01,2.729454102362082191e-01,4.714818485364061784e-01,4.738822579383850098e-01
4.417670682730923670e-01,2.916666666666666297e-01,2.784178266439354399e-01,4.747282897350004194e-01,4.772242903709411621e-01
4.618473895582329014e-01,2.916666666666666297e-01,2.837453425598762680e-01,4.776049878224485346e-01,4.801827073097229004e-01
4.819277108433734913e-01,2.916666666666666297e-01,2.889331324681136404e-01,4.801541162323403333e-01,4.827997088432312012e-01
5.020080321285140812e-01,2.916666666666666297e-01,2.939860687640971637e-01,4.824130156570698436e-01,4.851128458976745605e-01
5.220883534136546711e-01,2.916666666666666297e-01,2.989087453986889464e-01,4.844147558137542608e-01,4.871553778648376465e-01
5.421686746987951500e-01,2.916666666666666297e-01,3.037054998259889893e-01,4.861886290833171698e-01,4.889579415321350098e-01
5.622489959839357399e-01,2.916666666666666297e-01,3.083804332903344325e-01,4.877605852720617863e-01,4.905473589897155762e-01
5.823293172690763297e-01,2.916666666666666297e-01,3.129374295105976644e-01,4.891536151588192771e-01,4.919475913047790527e-01
6.024096385542168086e-01,2.916666666666666297e-01,3.173801718358492119e-01,4.903880892752794374e-01,4.931808114051818848e-01
6.224899598393573985e-01,2.916666666666666297e-01,3.217121589569104656e-01,4.914820574124274533e-01,4.942662119865417480e-01
6.425702811244979884e-01,2.916666666666666297e-01,3.259367192644427313e-01,4.924515135787965736e-01,4.952211976051330566e-01
6.626506024096385783e-01,2.916666666666666297e-01,3.300570239469378109e-01,4.933106305070452113e-01,4.960603117942810059e-01
6.827309236947791682e-01,2.916666666666666297e-01,3.340760989221125410e-01,4.940719672804009810e-01,4.967984557151794434e-01
7.028112449799196471e-01,2.916666666666666297e-01,3.379968356934193729e-01,4.947466532062529954e-01,4.974460005760192871e-01
7.228915662650602370e-01,2.916666666666666297e-01,3.418220012201955149e-01,4.953445506839738166e-01,4.980153441429138184e-01
7.429718875502008268e-01,2.916666666666666297e-01,3.455542468858334715e-01,4.958743994857872095e-01,4.985157847404479980e-01
7.630522088353413057e-01,2.916666666666666297e-01,3.491961166435867403e-01,4.963439445841718589e-01,4.989553093910217285e-01
7.831325301204818956e-01,2.916666666666666297e-01,3.527500544145097394e-01,4.967600494100211650e-01,4.993411898612976074e-01
8.032128514056224855e-01,2.916666666666666297e-01,3.562184108067573129e-01,4.971287962071855859e-01,4.996808171272277832e-01
8.232931726907630754e-01,2.916666666666666297e-01,3.596034492202004884e-01,4.974555749567864948e-01,4.999791979789733887e-01
8.433734939759036653e-01,2.916666666666666297e-01,3.629073513951579510e-01,4.977451621752895239e-01,5.002421736717224121e-01
8.634538152610441442e-01,2.916666666666666297e-01,3.661322224590722874e-01,4.980017907408103572e-01,5.004742741584777832e-01
8.835341365461847341e-01,2.916666666666666297e-01,3.692800955202403257e-01,4.982292117700280465e-01,5.006784796714782715e-01
9.036144578313253239e-01,2.916666666666666297e-01,3.723529358532555178e-01,4.984307494512633663e-01,5.008595585823059082e-01
9.236947791164658028e-01,2.916666666666666297e-01,3.753526447166731783e-01,4.986093496359241817e-01,5.010198950767517090e-01
9.437751004016063927e-01,2.916666666666666297e-01,3.782810628395570918e-01,4.987676228990343685e-01,5.011623501777648926e-01
9.638554216867469826e-01,2.916666666666666297e-01,3.811399736100174462e-01,4.989078826985468562e-01,5.012899041175842285e-01
9.839357429718875725e-01,2.916666666666666297e-01,3.839311059955956007e-01,4.990321791914039684e-01,5.014037489891052246e-01
1.004016064257028162e+00,2.916666666666666297e-01,3.866561372223721871e-01,4.991423292007469703e-01,5.015062689781188965e-01
1.024096385542168752e+00,2.916666666666666297e-01,3.893166952369682687e-01,4.992399427723832050e-01,5.015990138053894043e-01
1.044176706827309342e+00,2.916666666666666297e-01,3.919143609731479128e-01,4.993264467087303871e-01,5.016838908195495605e-01
1.064257028112449710e+00,2.916666666666666297e-01,3.944506704425023158e-01,4.994031054242635825e-01,5.017610192298889160e-01
1.084337349397590300e+00,2.916666666666666297e-01,3.969271166666842876e-01,4.994710394273256249e-01,5.018320679664611816e-01
1.104417670682730890e+00,2.916666666666666297e-01,3.993451514668467928e-01,4.995312416984613590e-01,5.018984675407409668e-01
1.124497991967871480e+00,2.916666666666666297e-01,4.017061871243037818e-01,4.995845922046823762e-01,5.019600987434387207e-01
1.144578313253012070e+00,2.916666666666666297e-01,4.040115979249668254e-01,4.996318707618215837e-01,5.020182728767395020e-01
1.164658634538152659e+00,2.916666666666666297e-01,4.062627215987884566e-01,4.996737684329869422e-01,5.020738244056701660e-01
1.184738955823293249e+00,2.916666666666666297e-01,4.084608606642647910e-01,4.997108976297281457e-01,5.021266341209411621e-01
1.204819277108433617e+00,2.916666666666666297e-01,4.106072836869897325e-01,4.997438010635617545e-01,5.021781325340270996e-01
1.224899598393574207e+00,2.916666666666666297e-01,4.127032264603047729e-01,4.997729596787013895e-01,5.022278428077697754e-01
1.244979919678714797e+00,2.916666666666666297e-01,4.147498931152417967e-01,4.997987996819445722e-01,5.022765994071960449e-01
1.265060240963855387e+00,2.916666666666666297e-01,4.167484571661994597e-01,4.998216987724695692e-01,5.023245215415954590e-01
1.285140562248995977e+00,2.916666666666666297e-01,4.187000624981151997e-01,4.998419916626046233e-01,5.023714900016784668e-01
1.305220883534136567e+00,2.916666666666666297e-01,4.206058243002914754e-01,4.998599749702651307e-01,5.024186968803405762e-01
1.325301204819277157e+00,2.916666666666666297e-01,4.224668299514973135e-01,4.998759115545696186e-01,5.024653077125549316e-01
1.345381526104417746e+00,2.916666666666666297e-01,4.242841398604814684e-01,4.998900343580103822e-01,5.025123953819274902e-01
1.365461847389558336e+00,2.916666666666666297e-01,4.260587882656080572e-01,4.999025498113358057e-01,5.025597214698791504e-01
1.385542168674698704e+00,2.916666666666666297e-01,4.277917839969402891e-01,4.999136408509158302e-01,5.026075243949890137e-01
1.405622489959839294e+00,2.916666666666666297e-01,4.294841112037575681e-01,4.999234695926935701e-01,5.026550889015197754e-01
1.425702811244979884e+00,2.916666666666666297e-01,4.311367300501862676e-01,4.999321797018080882e-01,5.027039647102355957e-01
1.445783132530120474e+00,2.916666666666666297e-01,4.327505773813545287e-01,4.999398984925241818e-01,5.027531981468200684e-01
1.465863453815261064e+00,2.916666666666666297e-01,4.343265673622375145e-01,4.999467387891651793e-01,5.028027892112731934e-01
1.485943775100401654e+00,2.916666666666666297e-01,4.358655920911455040e-01,4.999528005752478244e-01,5.028528571128845215e-01
1.506024096385542244e+00,2.916666666666666297e-01,4.373685221896138620e-01,4.999581724549250206e-01,5.029041171073913574e-01
1.526104417670682611e+00,2.916666666666666297e-01,4.388362073702831712e-01,4.999629329480987927e-01,5.029558539390563965e-01
1.546184738955823201e+00,2.916666666666666297e-01,4.402694769842038780e-01,4.999671516381326009e-01,5.030083060264587402e-01
1.566265060240963791e+00,2.916666666666666297e-01,4.416691405488636368e-01,4.999708901889405865e-01,5.030619502067565918e-01
1.586345381526104381e+00,2.916666666666666297e-01,4.430359882581147435e-01,4.999742032463192487e-01,5.031160712242126465e-01
1.606425702811244971e+00,2.916666666666666297e-01,4.443707914750674726e-01,4.999771392366954559e-01,5.031706690788269043e-01
1.626506024096385561e+00,2.916666666666666297e-01,4.456743032089216516e-01,4.999797410749687310e-01,5.032263398170471191e-01
1.646586345381526151e+00,2.916666666666666297e-01,4.469472585766189887e-01,4.999820467917910349e-01,5.032827258110046387e-01
1.666666666666666741e+00,2.916666666666666297e-01,4.481903752501212868e-01,4.999840900894543805e-01,5.033395886421203613e-01
1.686746987951807331e+00,2.916666666666666297e-01,4.494043538900540646e-01,4.999859008345124978e-01,5.033974051475524902e-01
1.706827309236947698e+00,2.916666666666666297e-01,4.505898785663861039e-01,4.999875054943350716e-01,5.034555792808532715e-01
1.726907630522088288e+00,2.916666666666666297e-01,4.517476171667662577e-01,4.999889275239765007e-01,5.035143494606018066e-01
1.746987951807228878e+00,2.916666666666666297e-01,4.528782217930863441e-01,4.999901877090154878e-01,5.035747885704040527e-01
1.767068273092369468e+00,2.916666666666666297e-01,4.539823291467921518e-01,4.999913044693741759e-01,5.036346316337585449e-01
1.787148594377510058e+00,2.916666666666666297e-01,4.550605609034287236e-01,4.999922941285594447e-01,5.036957859992980957e-01
1.807228915662650648e+00,2.916666666666666297e-01,4.561135240768667276e-01,4.999931711522603295e-01,5.037569403648376465e-01
1.827309236947791238e+00,2.916666666666666297e-01,4.571418113736256394e-01,4.999939483597915513e-01,5.038186907768249512e-01
1.847389558232931606e+00,2.916666666666666297e-01,4.581460015376788153e-01,4.999946371114704635e-01,5.038809180259704590e-01
1.867469879518072196e+00,2.916666666666666297e-01,4.591266596861017235e-01,4.999952474746697795e-01,5.039439797401428223e-01
1.887550200803212785e+00,2.916666666666666297e-01,4.600843376358983994e-01,4.999957883709700845e-01,5.040068030357360840e-01
1.907630522088353375e+00,2.916666666666666297e-01,4.610195742223199833e-01,4.999962677065659111e-01,5.040704607963562012e-01
1.927710843373493965e+00,2.916666666666666297e-01,4.619328956089722160e-01,4.999966924878285202e-01,5.041344761848449707e-01
1.947791164658634555e+00,2.916666666666666297e-01,4.628248155899865601e-01,4.999970689237173693e-01,5.041988492012023926e-01
1.967871485943775145e+00,2.916666666666666297e-01,4.636958358845181261e-01,4.999974025165352387e-01,5.042632222175598145e-01
1.987951807228915735e+00,2.916666666666666297e-01,4.645464464238162616e-01,4.999976981423547850e-01,5.043278336524963379e-01
2.008032128514056325e+00,2.916666666666666297e-01,4.653771256311017290e-01,4.999979601222910297e-01,5.043931603431701660e-01
2.028112449799196693e+00,2.916666666666666297e-01,4.661883406944701269e-01,4.999981922856627792e-01,5.044580101966857910e-01
2.048192771084337505e+00,2.916666666666666297e-01,4.669805478330339432e-01,4.999983980259647964e-01,5.045233368873596191e-01
2.068273092369477872e+00,2.916666666666666297e-01,4.677541925565013026e-01,4.999985803504698456e-01,5.045891404151916504e-01
2.088353413654618684e+00,2.916666666666666297e-01,4.685097099183825331e-01,4.999987419241859743e-01,5.046545863151550293e-01
2.108433734939759052e+00,2.916666666666666297e-01,4.692475247630069624e-01,4.999988851088099651e-01,5.047199130058288574e-01
2.128514056224899420e+00,2.916666666666666297e-01,4.699680519665233036e-01,4.999990119972487213e-01,5.047857165336608887e-01
2.148594377510040232e+00,2.916666666666666297e-01,4.706716966720504991e-01,4.999991244442100746e-01,5.048517584800720215e-01
2.168674698795180600e+00,2.916666666666666297e-01,4.713588545191395585e-01,4.999992240933132104e-01,5.049172043800354004e-01
2.188755020080321412e+00,2.916666666666666297e-01,4.720299118676987149e-01,4.999993124011129497e-01,5.049830079078674316e-01
2.208835341365461780e+00,2.916666666666666297e-01,4.726852460165308911e-01,4.999993906583902747e-01,5.050486922264099121e-01
2.228915662650602592e+00,2.916666666666666297e-01,4.733252254166241402e-01,4.999994600090194030e-01,5.051142573356628418e-01
2.248995983935742959e+00,2.916666666666666297e-01,4.739502098793343943e-01,4.999995214666871357e-01,5.051799416542053223e-01
2.269076305220883327e+00,2.916666666666666297e-01,4.745605507795901956e-01,4.999995759297102826e-01,5.052452683448791504e-01
2.289156626506024139e+00,2.916666666666666297e-01,4.751565912542491388e-01,4.999996241941663810e-01,5.053103566169738770e-01
2.309236947791164507e+00,2.916666666666666297e-01,4.757386663957284823e-01,4.999996669655291104e-01,5.053756833076477051e-01
2.329317269076305319e+00,2.916666666666666297e-01,4.763071034410300553e-01,4.999997048689803769e-01,5.054401755332946777e-01
2.349397590361445687e+00,2.916666666666666297e-01,4.768622219562749232e-01,4.999997384585491145e-01,5.055051445960998535e-01
2.369477911646586499e+00,2.916666666666666297e-01,4.774043340168590555e-01,4.999997682252084186e-01,5.055699944496154785e-01
2.389558232931726867e+00,2.916666666666666297e-01,4.779337443833410748e-01,4.999997946040529162e-01,5.056337714195251465e-01
2.409638554216867234e+00,2.916666666666666297e-01,4.784507506731645043e-01,4.999998179806578458e-01,5.056979060173034668e-01
2.429718875502008046e+00,2.916666666666666297e-01,4.789556435283196523e-01,4.999998386967152708e-01,5.057613253593444824e-01
2.449799196787148414e+00,2.916666666666666297e-01,4.794487067790423884e-01,4.999998570550286958e-01,5.058248639106750488e-01
2.469879518072289226e+00,2.916666666666666297e-01,4.799302176036485124e-01,4.999998733239383042e-01,5.058879256248474121e-01
2.489959839357429594e+00,2.916666666666666297e-01,4.804004466845956944e-01,4.999998877412443754e-01,5.059505105018615723e-01
2.510040160642570406e+00,2.916666666666666297e-01,4.808596583608656938e-01,4.999999005176822831e-01,5.060135722160339355e-01
2.530120481927710774e+00,2.916666666666666297e-01,4.813081107767552269e-01,4.999999118400031972e-01,5.060750842094421387e-01
2.550200803212851586e+00,2.916666666666666297e-01,4.817460560271621395e-01,4.999999218737036788e-01,5.061368346214294434e-01
2.570281124497991954e+00,2.916666666666666297e-01,4.821737402994508703e-01,4.999999307654444114e-01,5.061981081962585449e-01
2.590361445783132321e+00,2.916666666666666297e-01,4.825914040119794191e-01,4.999999386451948746e-01,5.062590241432189941e-01
2.610441767068273133e+00,2.916666666666666297e-01,4.829992819493679201e-01,4.999999456281321031e-01,5.063200592994689941e-01
2.630522088353413501e+00,2.916666666666666297e-01,4.833976033945858175e-01,4.999999518163244505e-01,5.063802599906921387e-01
2.650602409638554313e+00,2.916666666666666297e-01,4.837865922579341893e-01,4.999999573002239517e-01,5.064398646354675293e-01
2.670682730923694681e+00,2.916666666666666297e-01,4.841664672029974414e-01,4.999999621599877098e-01,5.064992308616638184e-01
2.690763052208835493e+00,2.916666666666666297e-01,4.845374417696352576e-01,4.999999664666500698e-01,5.065580010414123535e-01
2.710843373493975861e+00,2.916666666666666297e-01,4.848997244940856932e-01,4.999999702831607884e-01,5.066167712211608887e-01
2.730923694779116673e+00,2.916666666666666297e-01,4.852535190262484699e-01,4.999999736653054083e-01,5.066750645637512207e-01
2.751004016064257041e+00,2.916666666666666297e-01,4.855990242442140281e-01,4.999999766625201625e-01,5.067326426506042480e-01
2.771084337349397408e+00,2.916666666666666297e-01,4.859364343661045638e-01,4.999999793186144514e-01,5.067897439002990723e-01
2.791164658634538220e+00,2.916666666666666297e-01,4.862659390592903863e-01,4.999999816724124413e-01,5.068463683128356934e-01
2.811244979919678588e+00,2.916666666666666297e-01,4.865877235470421613e-01,4.999999837583190554e-01,5.069026350975036621e-01
2.831325301204819400e+00,2.916666666666666297e-01,4.869019687126825979e-01,4.999999856068234605e-01,5.069585442543029785e-01
2.851405622489959768e+00,2.916666666666666297e-01,4.872088512012932582e-01,4.999999872449452654e-01,5.070137381553649902e-01
2.871485943775100580e+00,2.916666666666666297e-01,4.875085435190359973e-01,4.999999886966284279e-01,5.070688128471374512e-01
2.891566265060240948e+00,2.916666666666666297e-01,4.878012141301451554e-01,4.999999899830921413e-01,5.071228146553039551e-01
2.911646586345381316e+00,2.916666666666666297e-01,4.880870275516445145e-01,4.999999911231403082e-01,5.071770548820495605e-01
2.931726907630522128e+00,2.916666666666666297e-01,4.883661444458431422e-01,4.999999921334368214e-01,5.072306990623474121e-01
2.951807228915662495e+00,2.916666666666666297e-01,4.886387217106622494e-01,4.999999930287489791e-01,5.072836279869079590e-01
2.971887550200803307e+00,2.916666666666666297e-01,4.889049125678442964e-01,4.999999938221637019e-01,5.073359608650207520e-01
2.991967871485943675e+00,2.916666666666666297e-01,4.891648666490931441e-01,4.999999945252779354e-01,5.073879361152648926e-01
3.012048192771084487e+00,2.916666666666666297e-01,4.894187300801954299e-01,4.999999951483690697e-01,5.074394345283508301e-01
3.032128514056224855e+00,2.916666666666666297e-01,4.896666455631690784e-01,4.999999957005448192e-01,5.074905753135681152e-01
3.052208835341365223e+00,2.916666666666666297e-01,4.899087524564857965e-01,4.999999961898758949e-01,5.075411200523376465e-01
3.072289156626506035e+00,2.916666666666666297e-01,4.901451868534132394e-01,4.999999966235150750e-01,5.075908303260803223e-01
3.092369477911646403e+00,2.916666666666666297e-01,4.903760816585201465e-01,4.999999970078008449e-01,5.076404213905334473e-01
3.112449799196787215e+00,2.916666666666666297e-01,4.906015666623880223e-01,4.999999973483499893e-01,5.076894164085388184e-01
3.132530120481927582e+00,2.916666666666666297e-01,4.908217686145711633e-01,4.999999976501405818e-01,5.077382922172546387e-01
3.152610441767068394e+00,2.916666666666666297e-01,4.910368112948456099e-01,4.999999979175834275e-01,5.077866911888122559e-01
3.172690763052208762e+00,2.916666666666666297e-01,4.912468155827882654e-01,4.999999981545880656e-01,5.078341364860534668e-01
3.192771084337349574e+00,2.916666666666666297e-01,4.914518995257244893e-01,4.999999983646186696e-01,5.078808665275573730e-01
3.212851405622489942e+00,2.916666666666666297e-01,4.916521784050811306e-01,4.999999985507450062e-01,5.079280734062194824e-01
3.232931726907630310e+00,2.916666666666666297e-01,4.918477648011851389e-01,4.999999987156878989e-01,5.079739689826965332e-01
3.253012048192771122e+00,2.916666666666666297e-01,4.920387686565408369e-01,4.999999988618581970e-01,5.080195069313049316e-01
3.273092369477911490e+00,2.916666666666666297e-01,4.922252973376232132e-01,4.999999989913925802e-01,5.080649256706237793e-01
3.293172690763052302e+00,2.916666666666666297e-01,4.924074556952215409e-01,4.999999991061843674e-01,5.081097483634948730e-01
3.313253012048192669e+00,2.916666666666666297e-01,4.925853461233666852e-01,4.999999992079114386e-01,5.081543326377868652e-01
3.333333333333333481e+00,2.916666666666666297e-01,4.927590686168741296e-01,4.999999992980608821e-01,5.081979632377624512e-01
3.353413654618473849e+00,2.916666666666666297e-01,4.929287208275368593e-01,4.999999993779501994e-01,5.082409977912902832e-01
3.373493975903614661e+00,2.916666666666666297e-01,4.930943981189970793e-01,4.999999994487470678e-01,5.082841515541076660e-01
3.393574297188755029e+00,2.916666666666666297e-01,4.932561936203282982e-01,4.999999995114863816e-01,5.083263516426086426e-01
3.413654618473895397e+00,2.916666666666666297e-01,4.934141982783572522e-01,4.999999995670851849e-01,5.083685517311096191e-01
3.433734939759036209e+00,2.916666666666666297e-01,4.935685009087539821e-01,4.999999996163562166e-01,5.084103941917419434e-01
3.453815261044176577e+00,2.916666666666666297e-01,4.937191882459181502e-01,4.999999996600195673e-01,5.084512829780578613e-01
3.473895582329317389e+00,2.916666666666666297e-01,4.938663449916891879e-01,4.999999996987136153e-01,5.084915757179260254e-01
3.493975903614457756e+00,2.916666666666666297e-01,4.940100538629060845e-01,4.999999997330037971e-01,5.085319876670837402e-01
3.514056224899598568e+00,2.916666666666666297e-01,4.941503956378419105e-01,4.999999997633913784e-01,5.085716843605041504e-01
3.534136546184738936e+00,2.916666666666666297e-01,4.942874492015390531e-01,4.999999997903203930e-01,5.086111426353454590e-01
3.554216867469879304e+00,2.916666666666666297e-01,4.944212915900673688e-01,4.999999998141845259e-01,5.086498856544494629e-01
3.574297188755020116e+00,2.916666666666666297e-01,4.945519980337291233e-01,4.999999998353326647e-01,5.086885094642639160e-01
3.594377510040160484e+00,2.916666666666666297e-01,4.946796419992326443e-01,4.999999998540738400e-01,5.087265372276306152e-01
3.614457831325301296e+00,2.916666666666666297e-01,4.948042952308547293e-01,4.999999998706819437e-01,5.087638497352600098e-01
3.634538152610441664e+00,2.916666666666666297e-01,4.949260277906131766e-01,4.999999998853999483e-01,5.088015198707580566e-01
3.654618473895582476e+00,2.916666666666666297e-01,4.950449080974673732e-01,4.999999998984428484e-01,5.088377594947814941e-01
3.674698795180722843e+00,2.916666666666666297e-01,4.951610029655639789e-01,4.999999999100012138e-01,5.088743567466735840e-01
3.694779116465863211e+00,2.916666666666666297e-01,4.952743776415467480e-01,4.999999999202441869e-01,5.089103579521179199e-01
3.714859437751004023e+00,2.916666666666666297e-01,4.953850958409420357e-01,4.999999999293214259e-01,5.089460015296936035e-01
3.734939759036144391e+00,2.916666666666666297e-01,4.954932197836364738e-01,4.999999999373654358e-01,5.089811682701110840e-01
3.755020080321285203e+00,2.916666666666666297e-01,4.955988102284571428e-01,4.999999999444938448e-01,5.090162158012390137e-01
3.775100401606425571e+00,2.916666666666666297e-01,4.957019265068648983e-01,4.999999999508107917e-01,5.090504288673400879e-01
3.795180722891566383e+00,2.916666666666666297e-01,4.958026265557683443e-01,4.999999999564090358e-01,5.090846419334411621e-01
3.815261044176706751e+00,2.916666666666666297e-01,4.959009669494654493e-01,4.999999999613700674e-01,5.091180205345153809e-01
3.835341365461847563e+00,2.916666666666666297e-01,4.959970029307138040e-01,4.999999999657664951e-01,5.091512799263000488e-01
3.855421686746987930e+00,2.916666666666666297e-01,4.960907884409314073e-01,4.999999999696625452e-01,5.091843008995056152e-01
3.875502008032128298e+00,2.916666666666666297e-01,4.961823761495240404e-01,4.999999999731151723e-01,5.092168450355529785e-01
3.895582329317269110e+00,2.916666666666666297e-01,4.962718174823316231e-01,4.999999999761749470e-01,5.092493891716003418e-01
3.915662650602409478e+00,2.916666666666666297e-01,4.963591626491828390e-01,4.999999999788864447e-01,5.092809796333312988e-01
3.935742971887550290e+00,2.916666666666666297e-01,4.964444606705403218e-01,4.999999999812894114e-01,5.093120932579040527e-01
3.955823293172690658e+00,2.916666666666666297e-01,4.965277594032140307e-01,4.999999999834187636e-01,5.093435645103454590e-01
3.975903614457831470e+00,2.916666666666666297e-01,4.966091055651137842e-01,4.999999999853059207e-01,5.093744397163391113e-01
3.995983935742971838e+00,2.916666666666666297e-01,4.966885447590025926e-01,4.999999999869782497e-01,5.094048380851745605e-01
4.016064257028112650e+00,2.916666666666666297e-01,4.967661214952040494e-01,4.999999999884601753e-01,5.094348788261413574e-01
4.036144578313252573e+00,2.916666666666666297e-01,4.968418792132068829e-01,4.999999999897732361e-01,5.094648003578186035e-01
4.056224899598393385e+00,2.916666666666666297e-01,4.969158603020962794e-01,4.999999999909369719e-01,5.094942450523376465e-01
4.076305220883534197e+00,2.916666666666666297e-01,4.969881061197261030e-01,4.999999999919682581e-01,5.095232129096984863e-01
4.096385542168675009e+00,2.916666666666666297e-01,4.970586570105313129e-01,4.999999999928821937e-01,5.095521807670593262e-01
4.116465863453814933e+00,2.916666666666666297e-01,4.971275523218577908e-01,4.999999999936921569e-01,5.095807909965515137e-01
4.136546184738955745e+00,2.916666666666666297e-01,4.971948304186631362e-01,4.999999999944100271e-01,5.096094012260437012e-01
4.156626506024096557e+00,2.916666666666666297e-01,4.972605286964143501e-01,4.999999999950461294e-01,5.096369385719299316e-01
4.176706827309237369e+00,2.916666666666666297e-01,4.973246835919766795e-01,4.999999999956098451e-01,5.096644759178161621e-01
4.196787148594377292e+00,2.916666666666666297e-01,4.973873305922453247e-01,4.999999999961094455e-01,5.096918940544128418e-01
4.216867469879518104e+00,2.916666666666666297e-01,4.974485042402298496e-01,4.999999999965520359e-01,5.097189545631408691e-01
4.236947791164658916e+00,2.916666666666666297e-01,4.975082381382405772e-01,4.999999999969443332e-01,5.097452998161315918e-01
4.257028112449798840e+00,2.916666666666666297e-01,4.975665649477666874e-01,4.999999999972919440e-01,5.097721219062805176e-01
4.277108433734939652e+00,2.916666666666666297e-01,4.976235163855511345e-01,4.999999999976000309e-01,5.097979903221130371e-01
4.297188755020080464e+00,2.916666666666666297e-01,4.976791232152749656e-01,4.999999999978731458e-01,5.098238587379455566e-01
4.317269076305221276e+00,2.916666666666666297e-01,4.977334152341492124e-01,4.999999999981150078e-01,5.098494887351989746e-01
4.337349397590361200e+00,2.916666666666666297e-01,4.977864212535730859e-01,4.999999999983294474e-01,5.098747611045837402e-01
4.357429718875502012e+00,2.916666666666666297e-01,4.978381690728466147e-01,4.999999999985193511e-01,5.098997950553894043e-01
4.377510040160642824e+00,2.916666666666666297e-01,4.978886854447190369e-01,4.999999999986878274e-01,5.099247097969055176e-01
4.397590361445782747e+00,2.916666666666666297e-01,4.979379960312976250e-01,4.999999999988369859e-01,5.099491477012634277e-01
4.417670682730923559e+00,2.916666666666666297e-01,4.979861253485249328e-01,4.999999999989692689e-01,5.099733471870422363e-01
4.437751004016064371e+00,2.916666666666666297e-01,4.980330966970359374e-01,4.999999999990863420e-01,5.099971890449523926e-01
4.457831325301205183e+00,2.916666666666666297e-01,4.980789320767117778e-01,4.999999999991902588e-01,5.100209116935729980e-01
4.477911646586345107e+00,2.916666666666666297e-01,4.981236520816210156e-01,4.999999999992824629e-01,5.100448727607727051e-01
4.497991967871485919e+00,2.916666666666666297e-01,4.981672757712465871e-01,4.999999999993641753e-01,5.100679993629455566e-01
4.518072289156626731e+00,2.916666666666666297e-01,4.982098205128829282e-01,4.999999999994363953e-01,5.100910067558288574e-01
4.538152610441766655e+00,2.916666666666666297e-01,4.982513017887897355e-01,4.999999999995003996e-01,5.101138949394226074e-01
4.558232931726907466e+00,2.916666666666666297e-01,4.982917329600100587e-01,4.999999999995572431e-01,5.101365447044372559e-01
4.578313253012048278e+00,2.916666666666666297e-01,4.983311249765833284e-01,4.999999999996075362e-01,5.101589560508728027e-01
4.598393574297189090e+00,2.916666666666666297e-01,4.983694860210465261e-01,4.999999999996520561e-01,5.101808905601501465e-01
4.618473895582329014e+00,2.916666666666666297e-01,4.984068210683970657e-01,4.999999999996914135e-01,5.102027058601379395e-01
4.638554216867469826e+00,2.916666666666666297e-01,4.984431313407968744e-01,4.999999999997263300e-01,5.102240443229675293e-01
4.658634538152610638e+00,2.916666666666666297e-01,4.984784136288384349e-01,4.999999999997572497e-01,5.102456212043762207e-01
4.678714859437750562e+00,2.916666666666666297e-01,4.985126594426237956e-01,4.999999999997846722e-01,5.102671980857849121e-01
4.698795180722891374e+00,2.916666666666666297e-01,4.985458539445228321e-01,4.999999999998090416e-01,5.102879405021667480e-01
4.718875502008032186e+00,2.916666666666666297e-01,4.985779746002895751e-01,4.999999999998306355e-01,5.103089213371276855e-01
4.738955823293172998e+00,2.916666666666666297e-01,4.986089894649224363e-01,4.999999999998497313e-01,5.103294253349304199e-01
4.759036144578312921e+00,2.916666666666666297e-01,4.986388549924666291e-01,4.999999999998664957e-01,5.103499293327331543e-01
4.779116465863453733e+00,2.916666666666666297e-01,4.986675132224802631e-01,4.999999999998813172e-01,5.103699564933776855e-01
4.799196787148594545e+00,2.916666666666666297e-01,4.986948881468561967e-01,4.999999999998943068e-01,5.103901028633117676e-01
4.819277108433734469e+00,2.916666666666666297e-01,4.987208809947158983e-01,4.999999999999056310e-01,5.104098916053771973e-01
4.839357429718875281e+00,2.916666666666666297e-01,4.987453640842069991e-01,4.999999999999155675e-01,5.104296803474426270e-01
4.859437751004016093e+00,2.916666666666666297e-01,4.987681727701869794e-01,4.999999999999242828e-01,5.104489922523498535e-01
4.879518072289156905e+00,2.916666666666666297e-01,4.987890948550517400e-01,4.999999999999315548e-01,5.104683041572570801e-01
4.899598393574296828e+00,2.916666666666666297e-01,4.988078566116023738e-01,4.999999999999379385e-01,5.104872584342956543e-01
4.919678714859437640e+00,2.916666666666666297e-01,4.988241042718280505e-01,4.999999999999431566e-01,5.105062127113342285e-01
4.939759036144578452e+00,2.916666666666666297e-01,4.988373794366779967e-01,4.999999999999472644e-01,5.105250477790832520e-01
4.959839357429719264e+00,2.916666666666666297e-01,4.988470863224817586e-01,4.999999999999500955e-01,5.105431675910949707e-01
4.979919678714859188e+00,2.916666666666666297e-01,4.988524480295539187e-01,4.999999999999514277e-01,5.105618834495544434e-01
5.000000000000000000e+00,2.916666666666666297e-01,4.988524480295539187e-01,4.999999999999514277e-01,5.105803608894348145e-01
0.000000000000000000e+00,3.333333333333333148e-01,1.588691048809151574e-01,1.588691048809151574e-01,1.662916392087936401e-01
2.008032128514056214e-02,3.333333333333333148e-01,1.695747443027164347e-01,2.077001901574950515e-01,2.137743681669235229e-01
4.016064257028112428e-02,3.333333333333333148e-01,1.797183544353729567e-01,2.473259414984757543e-01,2.523443698883056641e-01
6.024096385542168641e-02,3.333333333333333148e-01,1.893473710248910202e-01,2.801249633798221783e-01,2.842963337898254395e-01
8.032128514056224855e-02,3.333333333333333148e-01,1.985051048826039777e-01,3.077228587276124583e-01,3.112059235572814941e-01
1.004016064257028107e-01,3.333333333333333148e-01,2.072307805980342921e-01,3.312482063245805741e-01,3.341719508171081543e-01
1.204819277108433728e-01,3.333333333333333148e-01,2.155597298928949301e-01,3.515036187495628184e-01,3.539752364158630371e-01
1.405622489959839350e-01,3.333333333333333148e-01,2.235236693468267144e-01,3.690760237375436126e-01,3.711883425712585449e-01
1.606425702811244971e-01,3.333333333333333148e-01,2.311510159585427326e-01,3.844072036009999471e-01,3.862438797950744629e-01
1.807228915662650592e-01,3.333333333333333148e-01,2.384672107960921772e-01,3.978391344309256117e-01,3.994759917259216309e-01
2.008032128514056214e-01,3.333333333333333148e-01,2.454950326594330101e-01,4.096434517178746404e-01,4.111480116844177246e-01
2.208835341365461835e-01,3.333333333333333148e-01,2.522548916022298582e-01,4.200408797325757559e-01,4.214741587638854980e-01
2.409638554216867457e-01,3.333333333333333148e-01,2.587650973857346104e-01,4.292142635844323761e-01,4.306291937828063965e-01
2.610441767068273355e-01,3.333333333333333148e-01,2.650421012598421222e-01,4.373174822836841669e-01,4.387566447257995605e-01
2.811244979919678699e-01,3.333333333333333148e-01,2.711007114769996007e-01,4.444816797330686242e-01,4.459794163703918457e-01
3.012048192771084043e-01,3.333333333333333148e-01,2.769542840756475943e-01,4.508197272463798089e-01,4.524015784263610840e-01
3.212851405622489942e-01,3.333333333333333148e-01,2.826148910290892102e-01,4.564295032107372752e-01,4.581122994422912598e-01
3.413654618473895841e-01,3.333333333333333148e-01,2.880934680569395279e-01,4.613963684030555901e-01,4.631904959678649902e-01
3.614457831325301185e-01,3.333333333333333148e-01,2.933999443842330024e-01,4.657950837885803108e-01,4.677039980888366699e-01
3.815261044176706529e-01,3.333333333333333148e-01,2.985433566029806474e-01,4.696913333749033748e-01,4.717130064964294434e-01
4.016064257028112428e-01,3.333333333333333148e-01,3.035319486030560454e-01,4.731429604616913531e-01,4.752724766731262207e-01
4.216867469879518326e-01,3.333333333333333148e-01,3.083732593308713965e-01,4.762009905016536537e-01,4.784302115440368652e-01
4.417670682730923670e-01,3.333333333333333148e-01,3.130741999270150178e-01,4.789104908840757235e-01,4.812293648719787598e-01
4.618473895582329014e-01,3.333333333333333148e-01,3.176411215995065818e-01,4.813113028973493579e-01,4.837080836296081543e-01
4.819277108433734913e-01,3.333333333333333148e-01,3.220798754130529962e-01,4.834386711352626209e-01,4.859020113945007324e-01
5.020080321285140812e-01,3.333333333333333148e-01,3.263958650183817478e-01,4.853237889011773332e-01,4.878413081169128418e-01
5.220883534136546711e-01,3.333333333333333148e-01,3.305940932090749573e-01,4.869942735910656739e-01,4.895549416542053223e-01
5.421686746987951500e-01,3.333333333333333148e-01,3.346792030748663160e-01,4.884745828646830934e-01,4.910675883293151855e-01
5.622489959839357399e-01,3.333333333333333148e-01,3.386555144182177846e-01,4.897863801688028262e-01,4.924013018608093262e-01
5.823293172690763297e-01,3.333333333333333148e-01,3.425270560131361552e-01,4.909488565496078483e-01,4.935771822929382324e-01
6.024096385542168086e-01,3.333333333333333148e-01,3.462975942096880866e-01,4.919790144827720368e-01,4.946126341819763184e-01
6.224899598393573985e-01,3.333333333333333148e-01,3.499706583227671919e-01,4.928919185285093874e-01,4.955243468284606934e-01
6.425702811244979884e-01,3.333333333333333148e-01,3.535495631877925149e-01,4.937009168986843388e-01,4.963269829750061035e-01
6.626506024096385783e-01,3.333333333333333148e-01,3.570374292178417619e-01,4.944178374466836057e-01,4.970321059226989746e-01
6.827309236947791682e-01,3.333333333333333148e-01,3.604372002550929044e-01,4.950531611197029336e-01,4.976521134376525879e-01
7.028112449799196471e-01,3.333333333333333148e-01,3.637516594733875563e-01,4.956161755211961895e-01,4.981970191001892090e-01
7.228915662650602370e-01,3.333333333333333148e-01,3.669834435574393927e-01,4.961151109003518189e-01,4.986761212348937988e-01
7.429718875502008268e-01,3.333333333333333148e-01,3.701350553569766610e-01,4.965572606027883751e-01,4.990974068641662598e-01
7.630522088353413057e-01,3.333333333333333148e-01,3.732088751903747670e-01,4.969490877729375033e-01,4.994670748710632324e-01
7.831325301204818956e-01,3.333333333333333148e-01,3.762071709515983353e-01,4.972963198869630452e-01,4.997928738594055176e-01
8.032128514056224855e-01,3.333333333333333148e-01,3.791321071561254974e-01,4.976040325103286421e-01,5.000789761543273926e-01
8.232931726907630754e-01,3.333333333333333148e-01,3.819857530456230998e-01,4.978767235122139034e-01,5.003312230110168457e-01
8.433734939759036653e-01,3.333333333333333148e-01,3.847700898571777550e-01,4.981183788266621004e-01,5.005531907081604004e-01
8.634538152610441442e-01,3.333333333333333148e-01,3.874870173506141380e-01,4.983325307249532043e-01,5.007492899894714355e-01
8.835341365461847341e-01,3.333333333333333148e-01,3.901383596766303530e-01,4.985223094530710775e-01,5.009229779243469238e-01
9.036144578313253239e-01,3.333333333333333148e-01,3.927258706589666915e-01,4.986904889903928662e-01,5.010771155357360840e-01
9.236947791164658028e-01,3.333333333333333148e-01,3.952512385554307062e-01,4.988395275993195432e-01,5.012139678001403809e-01
9.437751004016063927e-01,3.333333333333333148e-01,3.977160903552008353e-01,4.989716037591155340e-01,5.013361573219299316e-01
9.638554216867469826e-01,3.333333333333333148e-01,4.001219956632884323e-01,4.990886480095552136e-01,5.014457106590270996e-01
9.839357429718875725e-01,3.333333333333333148e-01,4.024704702172636206e-01,4.991923711700617661e-01,5.015444159507751465e-01
1.004016064257028162e+00,3.333333333333333148e-01,4.047629790762383162e-01,4.992842893469610077e-01,5.016332268714904785e-01
1.024096385542168752e+00,3.333333333333333148e-01,4.070009395175843148e-01,4.993657460944737059e-01,5.017141699790954590e-01
1.044176706827309342e+00,3.333333333333333148e-01,4.091857236728616010e-01,4.994379320534306776e-01,5.017885565757751465e-01
1.064257028112449710e+00,3.333333333333333148e-01,4.113186609308963071e-01,4.995019023548060155e-01,5.018566250801086426e-01
1.084337349397590300e+00,3.333333333333333148e-01,4.134010401328065409e-01,4.995585920424798210e-01,5.019202828407287598e-01
1.104417670682730890e+00,3.333333333333333148e-01,4.154341115810028517e-01,4.996088297406761081e-01,5.019796490669250488e-01
1.124497991967871480e+00,3.333333333333333148e-01,4.174190888817249645e-01,4.996533497658652845e-01,5.020357966423034668e-01
1.144578313253012070e+00,3.333333333333333148e-01,4.193571506384967673e-01,4.996928028601705929e-01,5.020886063575744629e-01
1.164658634538152659e+00,3.333333333333333148e-01,4.212494420119460292e-01,4.997277657031757858e-01,5.021402239799499512e-01
1.184738955823293249e+00,3.333333333333333148e-01,4.230970761597244723e-01,4.997587493411669857e-01,5.021895766258239746e-01
1.204819277108433617e+00,3.333333333333333148e-01,4.249011355687375979e-01,4.997862066570194495e-01,5.022373795509338379e-01
1.224899598393574207e+00,3.333333333333333148e-01,4.266626732905494102e-01,4.998105389899180628e-01,5.022838711738586426e-01
1.244979919678714797e+00,3.333333333333333148e-01,4.283827140896281915e-01,4.998321020016699423e-01,5.023300051689147949e-01
1.265060240963855387e+00,3.333333333333333148e-01,4.300622555130364510e-01,4.998512108753567218e-01,5.023757815361022949e-01
1.285140562248995977e+00,3.333333333333333148e-01,4.317022688892301341e-01,4.998681449223172368e-01,5.024209618568420410e-01
1.305220883534136567e+00,3.333333333333333148e-01,4.333037002627896372e-01,4.998831516647961326e-01,5.024663805961608887e-01
1.325301204819277157e+00,3.333333333333333148e-01,4.348674712711674828e-01,4.998964504539374909e-01,5.025117993354797363e-01
1.345381526104417746e+00,3.333333333333333148e-01,4.363944799688759812e-01,4.999082356760057300e-01,5.025570988655090332e-01
1.365461847389558336e+00,3.333333333333333148e-01,4.378856016039531784e-01,4.999186795936982342e-01,5.026031136512756348e-01
1.385542168674698704e+00,3.333333333333333148e-01,4.393416893510248000e-01,4.999279348640815468e-01,5.026493668556213379e-01
1.405622489959839294e+00,3.333333333333333148e-01,4.407635750048198853e-01,4.999361367699554082e-01,5.026964545249938965e-01
1.425702811244979884e+00,3.333333333333333148e-01,4.421520696375842441e-01,4.999434051972600490e-01,5.027438998222351074e-01
1.445783132530120474e+00,3.333333333333333148e-01,4.435079642234751041e-01,4.999498463874291754e-01,5.027925372123718262e-01
1.465863453815261064e+00,3.333333333333333148e-01,4.448320302326931874e-01,4.999555544903039883e-01,5.028409361839294434e-01
1.485943775100401654e+00,3.333333333333333148e-01,4.461250201978207985e-01,4.999606129403071364e-01,5.028906464576721191e-01
1.506024096385542244e+00,3.333333333333333148e-01,4.473876682545811501e-01,4.999650956759891796e-01,5.029409527778625488e-01
1.526104417670682611e+00,3.333333333333333148e-01,4.486206906590023968e-01,4.999690682207773573e-01,5.029919743537902832e-01
1.546184738955823201e+00,3.333333333333333148e-01,4.498247862827692289e-01,4.999725886407201947e-01,5.030438303947448730e-01
1.566265060240963791e+00,3.333333333333333148e-01,4.510006370883661853e-01,4.999757083932301893e-01,5.030961632728576660e-01
1.586345381526104381e+00,3.333333333333333148e-01,4.521489085854522583e-01,4.999784730792284915e-01,5.031499266624450684e-01
1.606425702811244971e+00,3.333333333333333148e-01,4.532702502697680824e-01,4.999809231096857265e-01,5.032033324241638184e-01
1.626506024096385561e+00,3.333333333333333148e-01,4.543652960457466583e-01,4.999830942963033875e-01,5.032579302787780762e-01
1.646586345381526151e+00,3.333333333333333148e-01,4.554346646338858773e-01,4.999850183749672272e-01,5.033138394355773926e-01
1.666666666666666741e+00,3.333333333333333148e-01,4.564789599638418016e-01,4.999867234696259155e-01,5.033701062202453613e-01
1.686746987951807331e+00,3.333333333333333148e-01,4.574987715541088407e-01,4.999882345033740960e-01,5.034268498420715332e-01
1.706827309236947698e+00,3.333333333333333148e-01,4.584946748790753035e-01,4.999895735627492566e-01,5.034846663475036621e-01
1.726907630522088288e+00,3.333333333333333148e-01,4.594672317241690895e-01,4.999907602205669321e-01,5.035423636436462402e-01
1.746987951807228878e+00,3.333333333333333148e-01,4.604169905297448850e-01,4.999918118220136320e-01,5.036008954048156738e-01
1.767068273092369468e+00,3.333333333333333148e-01,4.613444867243087222e-01,4.999927437381788686e-01,5.036605000495910645e-01
1.787148594377510058e+00,3.333333333333333148e-01,4.622502430476206348e-01,4.999935695907312683e-01,5.037205815315246582e-01
1.807228915662650648e+00,3.333333333333333148e-01,4.631347698641755106e-01,4.999943014510249695e-01,5.037807822227478027e-01
1.827309236947791238e+00,3.333333333333333148e-01,4.639985654675168880e-01,4.999949500165443150e-01,5.038416981697082520e-01
1.847389558232931606e+00,3.333333333333333148e-01,4.648421163758038599e-01,4.999955247672671077e-01,5.039027333259582520e-01
1.867469879518072196e+00,3.333333333333333148e-01,4.656658976190184429e-01,4.999960341042323786e-01,5.039649605751037598e-01
1.887550200803212785e+00,3.333333333333333148e-01,4.664703730181704033e-01,4.999964854723364938e-01,5.040269494056701660e-01
1.907630522088353375e+00,3.333333333333333148e-01,4.672559954568302198e-01,4.999968854691547726e-01,5.040895342826843262e-01
1.927710843373493965e+00,3.333333333333333148e-01,4.680232071452977705e-01,4.999972399413762369e-01,5.041518807411193848e-01
1.947791164658634555e+00,3.333333333333333148e-01,4.687724398776909052e-01,4.999975540702645271e-01,5.042155385017395020e-01
1.967871485943775145e+00,3.333333333333333148e-01,4.695041152822214681e-01,4.999978324473910440e-01,5.042787194252014160e-01
1.987951807228915735e+00,3.333333333333333148e-01,4.702186450649061267e-01,4.999980791417493187e-01,5.043422579765319824e-01
2.008032128514056325e+00,3.333333333333333148e-01,4.709164312469449332e-01,4.999982977592311584e-01,5.044066309928894043e-01
2.028112449799196693e+00,3.333333333333333148e-01,4.715978663959868311e-01,4.999984914953334858e-01,5.044706463813781738e-01
2.048192771084337505e+00,3.333333333333333148e-01,4.722633338514858892e-01,4.999986631818655880e-01,5.045343041419982910e-01
2.068273092369477872e+00,3.333333333333333148e-01,4.729132079443434944e-01,4.999988153283420056e-01,5.045992732048034668e-01
2.088353413654618684e+00,3.333333333333333148e-01,4.735478542110180822e-01,4.999989501586631913e-01,5.046635270118713379e-01
2.108433734939759052e+00,3.333333333333333148e-01,4.741676296022761528e-01,4.999990696436223403e-01,5.047280192375183105e-01
2.128514056224899420e+00,3.333333333333333148e-01,4.747728826867485541e-01,4.999991755297117368e-01,5.047925114631652832e-01
2.148594377510040232e+00,3.333333333333333148e-01,4.753639538494474071e-01,4.999992693646514441e-01,5.048570036888122559e-01
2.168674698795180600e+00,3.333333333333333148e-01,4.759411754853928311e-01,4.999993525200118194e-01,5.049213767051696777e-01
2.188755020080321412e+00,3.333333333333333148e-01,4.765048721884908578e-01,4.999994262112611998e-01,5.049862265586853027e-01
2.208835341365461780e+00,3.333333333333333148e-01,4.770553609357967573e-01,4.999994915155328012e-01,5.050507187843322754e-01
2.228915662650602592e+00,3.333333333333333148e-01,4.775929512672948962e-01,4.999995493873688468e-01,5.051150918006896973e-01
2.248995983935742959e+00,3.333333333333333148e-01,4.781179454613170288e-01,4.999996006726724063e-01,5.051795840263366699e-01
2.269076305220883327e+00,3.333333333333333148e-01,4.786306387057191469e-01,4.999996461210726162e-01,5.052435994148254395e-01
2.289156626506024139e+00,3.333333333333333148e-01,4.791313192649313546e-01,4.999996863968816374e-01,5.053074955940246582e-01
2.309236947791164507e+00,3.333333333333333148e-01,4.796202686429890116e-01,4.999997220888042770e-01,5.053715109825134277e-01
2.329317269076305319e+00,3.333333333333333148e-01,4.800977617426527289e-01,4.999997537185434937e-01,5.054352879524230957e-01
2.349397590361445687e+00,3.333333333333333148e-01,4.805640670207185772e-01,4.999997817484263529e-01,5.054989457130432129e-01
2.369477911646586499e+00,3.333333333333333148e-01,4.810194466396163215e-01,4.999998065881610665e-01,5.055623650550842285e-01
2.389558232931726867e+00,3.333333333333333148e-01,4.814641566153921581e-01,4.999998286008260351e-01,5.056256651878356934e-01
2.409638554216867234e+00,3.333333333333333148e-01,4.818984469621663824e-01,4.999998481081768253e-01,5.056881308555603027e-01
2.429718875502008046e+00,3.333333333333333148e-01,4.823225618331561937e-01,4.999998653953491301e-01,5.057505965232849121e-01
2.449799196787148414e+00,3.333333333333333148e-01,4.827367396583494563e-01,4.999998807150270452e-01,5.058130621910095215e-01
2.469879518072289226e+00,3.333333333333333148e-01,4.831412132789125735e-01,4.999998942911356159e-01,5.058754086494445801e-01
2.489959839357429594e+00,3.333333333333333148e-01,4.835362100784138528e-01,4.999999063221147733e-01,5.059366822242736816e-01
2.510040160642570406e+00,3.333333333333333148e-01,4.839219521109414113e-01,4.999999169838194035e-01,5.059979557991027832e-01
2.530120481927710774e+00,3.333333333333333148e-01,4.842986562261905048e-01,4.999999264320898473e-01,5.060591101646423340e-01
2.550200803212851586e+00,3.333333333333333148e-01,4.846665341915961656e-01,4.999999348050299663e-01,5.061197876930236816e-01
2.570281124497991954e+00,3.333333333333333148e-01,4.850257928115818129e-01,4.999999422250254733e-01,5.061802268028259277e-01
2.590361445783132321e+00,3.333333333333333148e-01,4.853766340439946148e-01,4.999999488005336667e-01,5.062400698661804199e-01
2.610441767068273133e+00,3.333333333333333148e-01,4.857192551137953229e-01,4.999999546276674423e-01,5.062997937202453613e-01
2.630522088353413501e+00,3.333333333333333148e-01,4.860538486240694178e-01,4.999999597916012228e-01,5.063590407371520996e-01
2.650602409638554313e+00,3.333333333333333148e-01,4.863806026644230673e-01,4.999999643678153527e-01,5.064174532890319824e-01
2.670682730923694681e+00,3.333333333333333148e-01,4.866997009168276267e-01,4.999999684231996033e-01,5.064758658409118652e-01
2.690763052208835493e+00,3.333333333333333148e-01,4.870113227589736860e-01,4.999999720170308914e-01,5.065340399742126465e-01
2.710843373493975861e+00,3.333333333333333148e-01,4.873156433651933961e-01,4.999999752018395860e-01,5.065914988517761230e-01
2.730923694779116673e+00,3.333333333333333148e-01,4.876128338050104150e-01,4.999999780241776159e-01,5.066489577293395996e-01
2.751004016064257041e+00,3.333333333333333148e-01,4.879030611393727623e-01,4.999999805252986484e-01,5.067057013511657715e-01
2.771084337349397408e+00,3.333333333333333148e-01,4.881864885146249833e-01,4.999999827417609399e-01,5.067618489265441895e-01
2.791164658634538220e+00,3.333333333333333148e-01,4.884632752542716894e-01,4.999999847059624636e-01,5.068174004554748535e-01
2.811244979919678588e+00,3.333333333333333148e-01,4.887335769485865455e-01,4.999999864466134758e-01,5.068728327751159668e-01
2.831325301204819400e+00,3.333333333333333148e-01,4.889975455421169404e-01,4.999999879891567911e-01,5.069279074668884277e-01
2.851405622489959768e+00,3.333333333333333148e-01,4.892553294191339108e-01,4.999999893561396513e-01,5.069823861122131348e-01
2.871485943775100580e+00,3.333333333333333148e-01,4.895070734870767826e-01,4.999999905675427958e-01,5.070363879203796387e-01
2.891566265060240948e+00,3.333333333333333148e-01,4.897529192580388768e-01,4.999999916410733380e-01,5.070896744728088379e-01
2.911646586345381316e+00,3.333333333333333148e-01,4.899930049283414690e-01,4.999999925924227262e-01,5.071433186531066895e-01
2.931726907630522128e+00,3.333333333333333148e-01,4.902274654562405742e-01,4.999999934354967257e-01,5.071957707405090332e-01
2.951807228915662495e+00,3.333333333333333148e-01,4.904564326378107464e-01,4.999999941826183680e-01,5.072481036186218262e-01
2.971887550200803307e+00,3.333333333333333148e-01,4.906800351810487459e-01,4.999999948447085285e-01,5.072999596595764160e-01
2.991967871485943675e+00,3.333333333333333148e-01,4.908983987782385983e-01,4.999999954314445216e-01,5.073511004447937012e-01
3.012048192771084487e+00,3.333333333333333148e-01,4.911116461766206198e-01,4.999999959514028203e-01,5.074017643928527832e-01
3.032128514056224855e+00,3.333333333333333148e-01,4.913198972474017712e-01,4.999999964121832896e-01,5.074519515037536621e-01
3.052208835341365223e+00,3.333333333333333148e-01,4.915232690531484705e-01,4.999999968205211531e-01,5.075020194053649902e-01
3.072289156626506035e+00,3.333333333333333148e-01,4.917218759135985606e-01,4.999999971823851919e-01,5.075511336326599121e-01
3.092369477911646403e+00,3.333333333333333148e-01,4.919158294699301770e-01,4.999999975030647303e-01,5.075998902320861816e-01
3.112449799196787215e+00,3.333333333333333148e-01,4.921052387475241541e-01,4.999999977872467971e-01,5.076487660408020020e-01
3.132530120481927582e+00,3.333333333333333148e-01,4.922902102172534988e-01,4.999999980390855692e-01,5.076965689659118652e-01
3.152610441767068394e+00,3.333333333333333148e-01,4.924708478553370683e-01,4.999999982622617689e-01,5.077438950538635254e-01
3.172690763052208762e+00,3.333333333333333148e-01,4.926472532017885930e-01,4.999999984600377312e-01,5.077911019325256348e-01
3.192771084337349574e+00,3.333333333333333148e-01,4.928195254174957407e-01,4.999999986353044767e-01,5.078374743461608887e-01
3.212851405622489942e+00,3.333333333333333148e-01,4.929877613399605840e-01,4.999999987906234566e-01,5.078833699226379395e-01
3.232931726907630310e+00,3.333333333333333148e-01,4.931520555377323367e-01,4.999999989282652435e-01,5.079289078712463379e-01
3.253012048192771122e+00,3.333333333333333148e-01,4.933125003635637218e-01,4.999999990502417280e-01,5.079743266105651855e-01
3.273092369477911490e+00,3.333333333333333148e-01,4.934691860063198932e-01,4.999999991583358172e-01,5.080190300941467285e-01
3.293172690763052302e+00,3.333333333333333148e-01,4.936222005416704417e-01,4.999999992541274696e-01,5.080632567405700684e-01
3.313253012048192669e+00,3.333333333333333148e-01,4.937716299815905763e-01,4.999999993390167874e-01,5.081068873405456543e-01
3.333333333333333481e+00,3.333333333333333148e-01,4.939175583227011224e-01,4.999999994142448334e-01,5.081502795219421387e-01
3.353413654618473849e+00,3.333333333333333148e-01,4.940600675934732067e-01,4.999999994809110060e-01,5.081929564476013184e-01
3.373493975903614661e+00,3.333333333333333148e-01,4.941992379003246616e-01,4.999999995399896924e-01,5.082351565361022949e-01
3.393574297188755029e+00,3.333333333333333148e-01,4.943351474726322969e-01,4.999999995923444240e-01,5.082773566246032715e-01
3.413654618473895397e+00,3.333333333333333148e-01,4.944678727066868507e-01,4.999999996387406442e-01,5.083189606666564941e-01
3.433734939759036209e+00,3.333333333333333148e-01,4.945974882086130453e-01,4.999999996798564217e-01,5.083599686622619629e-01
3.453815261044176577e+00,3.333333333333333148e-01,4.947240668362798410e-01,4.999999997162926646e-01,5.084007382392883301e-01
3.473895582329317389e+00,3.333333333333333148e-01,4.948476797402227012e-01,4.999999997485821690e-01,5.084406733512878418e-01
3.493975903614457756e+00,3.333333333333333148e-01,4.949683964036003525e-01,4.999999997771968352e-01,5.084806084632873535e-01
3.514056224899598568e+00,3.333333333333333148e-01,4.950862846812079110e-01,4.999999998025548287e-01,5.085200667381286621e-01
3.534136546184738936e+00,3.333333333333333148e-01,4.952014108375669688e-01,4.999999998250266309e-01,5.085591673851013184e-01
3.554216867469879304e+00,3.333333333333333148e-01,4.953138395841130692e-01,4.999999998449409233e-01,5.085975527763366699e-01
3.574297188755020116e+00,3.333333333333333148e-01,4.954236341154991674e-01,4.999999998625885844e-01,5.086356997489929199e-01
3.594377510040160484e+00,3.333333333333333148e-01,4.955308561450352256e-01,4.999999998782277966e-01,5.086730122566223145e-01
3.614457831325301296e+00,3.333333333333333148e-01,4.956355659392805424e-01,4.999999998920870437e-01,5.087103247642517090e-01
3.634538152610441664e+00,3.333333333333333148e-01,4.957378223518065785e-01,4.999999999043688859e-01,5.087469220161437988e-01
3.654618473895582476e+00,3.333333333333333148e-01,4.958376828561465444e-01,4.999999999152529573e-01,5.087839961051940918e-01
3.674698795180722843e+00,3.333333333333333148e-01,4.959352035779467927e-01,4.999999999248981863e-01,5.088199973106384277e-01
3.694779116465863211e+00,3.333333333333333148e-01,4.960304393263350597e-01,4.999999999334457934e-01,5.088556408882141113e-01
3.714859437751004023e+00,3.333333333333333148e-01,4.961234436245177681e-01,4.999999999410204565e-01,5.088905692100524902e-01
3.734939759036144391e+00,3.333333333333333148e-01,4.962142687396197127e-01,4.999999999477329760e-01,5.089256167411804199e-01
3.755020080321285203e+00,3.333333333333333148e-01,4.963029657117763449e-01,4.999999999536814399e-01,5.089601874351501465e-01
3.775100401606425571e+00,3.333333333333333148e-01,4.963895843824884802e-01,4.999999999589528898e-01,5.089941620826721191e-01
3.795180722891566383e+00,3.333333333333333148e-01,4.964741734222475333e-01,4.999999999636245418e-01,5.090278983116149902e-01
3.815261044176706751e+00,3.333333333333333148e-01,4.965567803574362227e-01,4.999999999677643414e-01,5.090616345405578613e-01
3.835341365461847563e+00,3.333333333333333148e-01,4.966374515965113479e-01,4.999999999714330179e-01,5.090947747230529785e-01
3.855421686746987930e+00,3.333333333333333148e-01,4.967162324554685870e-01,4.999999999746841950e-01,5.091273188591003418e-01
3.875502008032128298e+00,3.333333333333333148e-01,4.967931671825893680e-01,4.999999999775653348e-01,5.091595053672790527e-01
3.895582329317269110e+00,3.333333333333333148e-01,4.968682989824672602e-01,4.999999999801186257e-01,5.091909766197204590e-01
3.915662650602409478e+00,3.333333333333333148e-01,4.969416700393057829e-01,4.999999999823814267e-01,5.092231631278991699e-01
3.935742971887550290e+00,3.333333333333333148e-01,4.970133215394781367e-01,4.999999999843866005e-01,5.092545151710510254e-01
3.955823293172690658e+00,3.333333333333333148e-01,4.970832936933343715e-01,4.999999999861636790e-01,5.092850327491760254e-01
3.975903614457831470e+00,3.333333333333333148e-01,4.971516257562336727e-01,4.999999999877383638e-01,5.093156695365905762e-01
3.995983935742971838e+00,3.333333333333333148e-01,4.972183560487791198e-01,4.999999999891339697e-01,5.093460679054260254e-01
4.016064257028112650e+00,3.333333333333333148e-01,4.972835219762192782e-01,4.999999999903704806e-01,5.093761086463928223e-01
4.036144578313252573e+00,3.333333333333333148e-01,4.973471600469786535e-01,4.999999999914662707e-01,5.094051957130432129e-01
4.056224899598393385e+00,3.333333333333333148e-01,4.974093058902633868e-01,4.999999999924374383e-01,5.094348788261413574e-01
4.076305220883534197e+00,3.333333333333333148e-01,4.974699942726852342e-01,4.999999999932979722e-01,5.094634890556335449e-01
4.096385542168675009e+00,3.333333333333333148e-01,4.975292591138270049e-01,4.999999999940606954e-01,5.094923377037048340e-01
4.116465863453814933e+00,3.333333333333333148e-01,4.975871335006623597e-01,4.999999999947365992e-01,5.095210671424865723e-01
4.136546184738955745e+00,3.333333333333333148e-01,4.976436497007220572e-01,4.999999999953356200e-01,5.095488429069519043e-01
4.156626506024096557e+00,3.333333333333333148e-01,4.976988391738806916e-01,4.999999999958663621e-01,5.095764994621276855e-01
4.176706827309237369e+00,3.333333333333333148e-01,4.977527325826094362e-01,4.999999999963368746e-01,5.096039175987243652e-01
4.196787148594377292e+00,3.333333333333333148e-01,4.978053598005156566e-01,4.999999999967538189e-01,5.096310973167419434e-01
4.216867469879518104e+00,3.333333333333333148e-01,4.978567499189494039e-01,4.999999999971231346e-01,5.096575617790222168e-01
4.236947791164658916e+00,3.333333333333333148e-01,4.979069312514202705e-01,4.999999999974505394e-01,5.096847414970397949e-01
4.257028112449798840e+00,3.333333333333333148e-01,4.979559313355127470e-01,4.999999999977405296e-01,5.097109675407409668e-01
4.277108433734939652e+00,3.333333333333333148e-01,4.980037769319306529e-01,4.999999999979977128e-01,5.097370743751525879e-01
4.297188755020080464e+00,3.333333333333333148e-01,4.980504940202264419e-01,4.999999999982255305e-01,5.097628235816955566e-01
4.317269076305221276e+00,3.333333333333333148e-01,4.980961077906794765e-01,4.999999999984273691e-01,5.097882151603698730e-01
4.337349397590361200e+00,3.333333333333333148e-01,4.981406426316816738e-01,4.999999999986061705e-01,5.098132491111755371e-01
4.357429718875502012e+00,3.333333333333333148e-01,4.981841221118481489e-01,4.999999999987647659e-01,5.098380446434020996e-01
4.377510040160642824e+00,3.333333333333333148e-01,4.982265689559082777e-01,4.999999999989052646e-01,5.098628401756286621e-01
4.397590361445782747e+00,3.333333333333333148e-01,4.982680050132218263e-01,4.999999999990298316e-01,5.098876357078552246e-01
4.417670682730923559e+00,3.333333333333333148e-01,4.983084512175043890e-01,4.999999999991401878e-01,5.099118351936340332e-01
4.437751004016064371e+00,3.333333333333333148e-01,4.983479275360192529e-01,4.999999999992379429e-01,5.099354386329650879e-01
4.457831325301205183e+00,3.333333333333333148e-01,4.983864529060759718e-01,4.999999999993245958e-01,5.099593997001647949e-01
4.477911646586345107e+00,3.333333333333333148e-01,4.984240451561458007e-01,4.999999999994014233e-01,5.099830031394958496e-01
4.497991967871485919e+00,3.333333333333333148e-01,4.984607209082249080e-01,4.999999999994697020e-01,5.100058913230895996e-01
4.518072289156626731e+00,3.333333333333333148e-01,4.984964954571970419e-01,4.999999999995300981e-01,5.100288987159729004e-01
4.538152610441766655e+00,3.333333333333333148e-01,4.985313826218100708e-01,4.999999999995834998e-01,5.100516676902770996e-01
4.558232931726907466e+00,3.333333333333333148e-01,4.985653945603954473e-01,4.999999999996309064e-01,5.100740790367126465e-01
4.578313253012048278e+00,3.333333333333333148e-01,4.985985415425130407e-01,4.999999999996728728e-01,5.100960135459899902e-01
4.598393574297189090e+00,3.333333333333333148e-01,4.986308316651411610e-01,4.999999999997100653e-01,5.101184248924255371e-01
4.618473895582329014e+00,3.333333333333333148e-01,4.986622704986393151e-01,4.999999999997429834e-01,5.101403594017028809e-01
4.638554216867469826e+00,3.333333333333333148e-01,4.986928606432102229e-01,4.999999999997721267e-01,5.101619362831115723e-01
4.658634538152610638e+00,3.333333333333333148e-01,4.987226011705850337e-01,4.999999999997978839e-01,5.101832747459411621e-01
4.678714859437750562e+00,3.333333333333333148e-01,4.987514869176289389e-01,4.999999999998206990e-01,5.102046132087707520e-01
4.698795180722891374e+00,3.333333333333333148e-01,4.987795075877919926e-01,4.999999999998410716e-01,5.102253556251525879e-01
4.718875502008032186e+00,3.333333333333333148e-01,4.988066466018415968e-01,4.999999999998591127e-01,5.102463364601135254e-01
4.738955823293172998e+00,3.333333333333333148e-01,4.988328796197564752e-01,4.999999999998749889e-01,5.102669596672058105e-01
4.759036144578312921e+00,3.333333333333333148e-01,4.988581726292228291e-01,4.999999999998890887e-01,5.102873444557189941e-01
4.779116465863453733e+00,3.333333333333333148e-01,4.988824794603171631e-01,4.999999999999014122e-01,5.103077292442321777e-01
4.799196787148594545e+00,3.333333333333333148e-01,4.989057385372562825e-01,4.999999999999121814e-01,5.103270411491394043e-01
4.819277108433734469e+00,3.333333333333333148e-01,4.989278686117662454e-01,4.999999999999216738e-01,5.103471875190734863e-01
4.839357429718875281e+00,3.333333333333333148e-01,4.989487631321233851e-01,4.999999999999300559e-01,5.103668570518493652e-01
4.859437751004016093e+00,3.333333333333333148e-01,4.989682827781677377e-01,4.999999999999372169e-01,5.103862881660461426e-01
4.879518072289156905e+00,3.333333333333333148e-01,4.989862455230079652e-01,4.999999999999433786e-01,5.104056000709533691e-01
4.899598393574296828e+00,3.333333333333333148e-01,4.990024133492360625e-01,4.999999999999486522e-01,5.104246735572814941e-01
4.919678714859437640e+00,3.333333333333333148e-01,4.990164744268628105e-01,4.999999999999531486e-01,5.104435086250305176e-01
4.939759036144578452e+00,3.333333333333333148e-01,4.990280191177857150e-01,4.999999999999564793e-01,5.104622244834899902e-01
4.959839357429719264e+00,3.333333333333333148e-01,4.990365075595754596e-01,4.999999999999589217e-01,5.104808211326599121e-01
4.979919678714859188e+00,3.333333333333333148e-01,4.990412257324368106e-01,4.999999999999600875e-01,5.104992985725402832e-01
5.000000000000000000e+00,3.333333333333333148e-01,4.990412257324368106e-01,4.999999999999600875e-01,5.105172991752624512e-01
0.000000000000000000e+00,3.750000000000000000e-01,2.227001388253088410e-01,2.227001388253088410e-01,2.351855486631393433e-01
2.008032128514056214e-02,3.750000000000000000e-01,2.326635437286413421e-01,2.659282925465435987e-01,2.741491198539733887e-01
4.016064257028112428e-02,3.750000000000000000e-01,2.419398468527613755e-01,2.996793638931176118e-01,3.054806590080261230e-01
6.024096385542168641e-02,3.750000000000000000e-01,2.506075669267227579e-01,3.268605288522092311e-01,3.311952948570251465e-01
8.032128514056224855e-02,3.750000000000000000e-01,2.587345061851794581e-01,3.492924136029618709e-01,3.526758551597595215e-01
1.004016064257028107e-01,3.750000000000000000e-01,2.663792460306003695e-01,3.681543716124688892e-01,3.708842396736145020e-01
1.204819277108433728e-01,3.750000000000000000e-01,2.735924543895100758e-01,3.842385970457761757e-01,3.864988684654235840e-01
1.405622489959839350e-01,3.750000000000000000e-01,2.804180186896561011e-01,3.980973824553152851e-01,4.000131487846374512e-01
1.606425702811244971e-01,3.750000000000000000e-01,2.868940217141541793e-01,4.101301359452901307e-01,4.117930531501770020e-01
1.807228915662650592e-01,3.750000000000000000e-01,2.930535783814060546e-01,4.206359233265031805e-01,4.221208691596984863e-01
2.008032128514056214e-01,3.750000000000000000e-01,2.989255509411157252e-01,4.298459127741596775e-01,4.312155842781066895e-01
2.208835341365461835e-01,3.750000000000000000e-01,3.045351588354896499e-01,4.379438690497162168e-01,4.392526745796203613e-01
2.409638554216867457e-01,3.750000000000000000e-01,3.099044979280238810e-01,4.450793999591999284e-01,4.463736414909362793e-01
2.610441767068273355e-01,3.750000000000000000e-01,3.150529821638285433e-01,4.513767229371926648e-01,4.526943564414978027e-01
2.811244979919678699e-01,3.750000000000000000e-01,3.199977191158948631e-01,4.569406120487066181e-01,4.583118557929992676e-01
3.012048192771084043e-01,3.750000000000000000e-01,3.247538293577838520e-01,4.618605389490786362e-01,4.633088707923889160e-01
3.212851405622489942e-01,3.750000000000000000e-01,3.293347182193016587e-01,4.662136364121340915e-01,4.677535891532897949e-01
3.413654618473895841e-01,3.750000000000000000e-01,3.337523072423747572e-01,4.700668799261899511e-01,4.717087149620056152e-01
3.614457831325301185e-01,3.750000000000000000e-01,3.380172315617125944e-01,4.734787395242585073e-01,4.752256274223327637e-01
3.815261044176706529e-01,3.750000000000000000e-01,3.421390084834428080e-01,4.765004647216061762e-01,4.783520102500915527e-01
4.016064257028112428e-01,3.750000000000000000e-01,3.461261817147308628e-01,4.791771091726971799e-01,4.811297059059143066e-01
4.216867469879518326e-01,3.750000000000000000e-01,3.499864449960696233e-01,4.815483658519751908e-01,4.835948348045349121e-01
4.417670682730923670e-01,3.750000000000000000e-01,3.537267482921447881e-01,4.836492605567948022e-01,4.857814908027648926e-01
4.618473895582329014e-01,3.750000000000000000e-01,3.573533891937238915e-01,4.855107366088516341e-01,4.877188801765441895e-01
4.819277108433734913e-01,3.750000000000000000e-01,3.608720917592997957e-01,4.871601538529745090e-01,4.894341826438903809e-01
5.020080321285140812e-01,3.750000000000000000e-01,3.642880746697191308e-01,4.886217185711607125e-01,4.909512400627136230e-01
5.220883534136546711e-01,3.750000000000000000e-01,3.676061102714096029e-01,4.899168565752901605e-01,4.922912716865539551e-01
5.421686746987951500e-01,3.750000000000000000e-01,3.708305758350127213e-01,4.910645387689904218e-01,4.934752583503723145e-01
5.622489959839357399e-01,3.750000000000000000e-01,3.739654981483668261e-01,4.920815664007419099e-01,4.945190548896789551e-01
5.823293172690763297e-01,3.750000000000000000e-01,3.770145923891594086e-01,4.929828217597850282e-01,4.954399466514587402e-01
6.024096385542168086e-01,3.750000000000000000e-01,3.799812960774595072e-01,4.937814889955153275e-01,4.962504506111145020e-01
6.224899598393573985e-01,3.750000000000000000e-01,3.828687987869725529e-01,4.944892489410305791e-01,4.969639182090759277e-01
6.425702811244979884e-01,3.750000000000000000e-01,3.856800681922066820e-01,4.951164512081349667e-01,4.975922703742980957e-01
6.626506024096385783e-01,3.750000000000000000e-01,3.884178729434628052e-01,4.956722663389472872e-01,4.981448054313659668e-01
6.827309236947791682e-01,3.750000000000000000e-01,3.910848027898902735e-01,4.961648204114008642e-01,4.986305832862854004e-01
7.028112449799196471e-01,3.750000000000000000e-01,3.936832863104824387e-01,4.966013141775347250e-01,4.990574717521667480e-01
7.228915662650602370e-01,3.750000000000000000e-01,3.962156065619238388e-01,4.969881285476002164e-01,4.994332194328308105e-01
7.429718875502008268e-01,3.750000000000000000e-01,3.986839149090782297e-01,4.973309180078522296e-01,4.997635483741760254e-01
7.630522088353413057e-01,3.750000000000000000e-01,4.010902432673212337e-01,4.976346933670779960e-01,5.000534653663635254e-01
7.831325301204818956e-01,3.750000000000000000e-01,4.034365149548059803e-01,4.979038950603741354e-01,5.003090500831604004e-01
8.032128514056224855e-01,3.750000000000000000e-01,4.057245543262197329e-01,4.981424580938647040e-01,5.005342364311218262e-01
8.232931726907630754e-01,3.750000000000000000e-01,4.079560953369105736e-01,4.983538695875033842e-01,5.007330775260925293e-01
8.433734939759036653e-01,3.750000000000000000e-01,4.101327891668247183e-01,4.985412197621058583e-01,5.009089112281799316e-01
8.634538152610441442e-01,3.750000000000000000e-01,4.122562110169994409e-01,4.987072471191268952e-01,5.010647177696228027e-01
8.835341365461847341e-01,3.750000000000000000e-01,4.143278661769779214e-01,4.988543784756568900e-01,5.012024044990539551e-01
9.036144578313253239e-01,3.750000000000000000e-01,4.163491954491018165e-01,4.989847644411629091e-01,5.013250708580017090e-01
9.236947791164658028e-01,3.750000000000000000e-01,4.183215800049053246e-01,4.991003108553950240e-01,5.014351010322570801e-01
9.437751004016063927e-01,3.750000000000000000e-01,4.202463457395286262e-01,4.992027066475355213e-01,5.015336871147155762e-01
9.638554216867469826e-01,3.750000000000000000e-01,4.221247671819910452e-01,4.992934485241595777e-01,5.016227364540100098e-01
9.839357429718875725e-01,3.750000000000000000e-01,4.239580710121350071e-01,4.993738628470967833e-01,5.017029643058776855e-01
1.004016064257028162e+00,3.750000000000000000e-01,4.257474392289239962e-01,4.994451250211258686e-01,5.017767548561096191e-01
1.024096385542168752e+00,3.750000000000000000e-01,4.274940120094298801e-01,4.995082766749841530e-01,5.018444657325744629e-01
1.044176706827309342e+00,3.750000000000000000e-01,4.291988902931724859e-01,4.995642408868845030e-01,5.019069314002990723e-01
1.064257028112449710e+00,3.750000000000000000e-01,4.308631381223769208e-01,4.996138356771277489e-01,5.019649863243103027e-01
1.084337349397590300e+00,3.750000000000000000e-01,4.324877847651285578e-01,4.996577859650555009e-01,5.020197033882141113e-01
1.104417670682730890e+00,3.750000000000000000e-01,4.340738266452584537e-01,4.996967341651321060e-01,5.020716786384582520e-01
1.124497991967871480e+00,3.750000000000000000e-01,4.356222291000208524e-01,4.997312495770470098e-01,5.021212697029113770e-01
1.144578313253012070e+00,3.750000000000000000e-01,4.371339279841960912e-01,4.997618367070987833e-01,5.021685957908630371e-01
1.164658634538152659e+00,3.750000000000000000e-01,4.386098311371084968e-01,4.997889426424961812e-01,5.022150874137878418e-01
1.184738955823293249e+00,3.750000000000000000e-01,4.400508197271609800e-01,4.998129635863692855e-01,5.022599101066589355e-01
1.204819277108433617e+00,3.750000000000000000e-01,4.414577494868275331e-01,4.998342506490126014e-01,5.023040175437927246e-01
1.224899598393574207e+00,3.750000000000000000e-01,4.428314518495733432e-01,4.998531149800112261e-01,5.023478865623474121e-01
1.244979919678714797e+00,3.750000000000000000e-01,4.441727349988794371e-01,4.998698323162671375e-01,5.023911595344543457e-01
1.265060240963855387e+00,3.750000000000000000e-01,4.454823848384019125e-01,4.998846470124024277e-01,5.024346709251403809e-01
1.285140562248995977e+00,3.750000000000000000e-01,4.467611658912846173e-01,4.998977756124526883e-01,5.024783015251159668e-01
1.305220883534136567e+00,3.750000000000000000e-01,4.480098221357494137e-01,4.999094100150566211e-01,5.025212168693542480e-01
1.325301204819277157e+00,3.750000000000000000e-01,4.492290777832952386e-01,4.999197202784084193e-01,5.025649666786193848e-01
1.345381526104417746e+00,3.750000000000000000e-01,4.504196380051380677e-01,4.999288571059712916e-01,5.026091933250427246e-01
1.365461847389558336e+00,3.750000000000000000e-01,4.515821896119017742e-01,4.999369540492857311e-01,5.026537775993347168e-01
1.385542168674698704e+00,3.750000000000000000e-01,4.527174016910199827e-01,4.999441294600712182e-01,5.026993155479431152e-01
1.405622489959839294e+00,3.750000000000000000e-01,4.538259262058228494e-01,4.999504882201538103e-01,5.027454495429992676e-01
1.425702811244979884e+00,3.750000000000000000e-01,4.549083985598503244e-01,4.999561232745081685e-01,5.027917027473449707e-01
1.445783132530120474e+00,3.750000000000000000e-01,4.559654381295501491e-01,4.999611169898179885e-01,5.028392672538757324e-01
1.465863453815261064e+00,3.750000000000000000e-01,4.569976487681779997e-01,4.999655423584171143e-01,5.028874278068542480e-01
1.485943775100401654e+00,3.750000000000000000e-01,4.580056192834194850e-01,4.999694640652074251e-01,5.029358267784118652e-01
1.506024096385542244e+00,3.750000000000000000e-01,4.589899238909808110e-01,4.999729394331468013e-01,5.029856562614440918e-01
1.526104417670682611e+00,3.750000000000000000e-01,4.599511226461618918e-01,4.999760192611297782e-01,5.030358433723449707e-01
1.546184738955823201e+00,3.750000000000000000e-01,4.608897618552119102e-01,4.999787485665070919e-01,5.030871033668518066e-01
1.566265060240963791e+00,3.750000000000000000e-01,4.618063744680810379e-01,4.999811672430968246e-01,5.031387209892272949e-01
1.586345381526104381e+00,3.750000000000000000e-01,4.627014804540158788e-01,4.999833106443058450e-01,5.031912922859191895e-01
1.606425702811244971e+00,3.750000000000000000e-01,4.635755871612955437e-01,4.999852100998851134e-01,5.032448172569274902e-01
1.626506024096385561e+00,3.750000000000000000e-01,4.644291896622779192e-01,4.999868933738714216e-01,5.032989382743835449e-01
1.646586345381526151e+00,3.750000000000000000e-01,4.652627710848045162e-01,4.999883850704102684e-01,5.033534169197082520e-01
1.666666666666666741e+00,3.750000000000000000e-01,4.660768029309099170e-01,4.999897069933900706e-01,5.034089684486389160e-01
1.686746987951807331e+00,3.750000000000000000e-01,4.668717453836889741e-01,4.999908784651466154e-01,5.034651160240173340e-01
1.706827309236947698e+00,3.750000000000000000e-01,4.676480476030923095e-01,4.999919166088943601e-01,5.035219788551330566e-01
1.726907630522088288e+00,3.750000000000000000e-01,4.684061480113462239e-01,4.999928365990135570e-01,5.035789608955383301e-01
1.746987951807228878e+00,3.750000000000000000e-01,4.691464745686286797e-01,4.999936518828518861e-01,5.036368966102600098e-01
1.767068273092369468e+00,3.750000000000000000e-01,4.698694450395733968e-01,4.999943743772821692e-01,5.036957859992980957e-01
1.787148594377510058e+00,3.750000000000000000e-01,4.705754672511234249e-01,4.999950146428894238e-01,5.037543177604675293e-01
1.807228915662650648e+00,3.750000000000000000e-01,4.712649393422061461e-01,4.999955820383330529e-01,5.038139224052429199e-01
1.827309236947791238e+00,3.750000000000000000e-01,4.719382500056640839e-01,4.999960848571410321e-01,5.038737654685974121e-01
1.847389558232931606e+00,3.750000000000000000e-01,4.725957787228342033e-01,4.999965304489352169e-01,5.039342045783996582e-01
1.867469879518072196e+00,3.750000000000000000e-01,4.732378959911393013e-01,4.999969253268590763e-01,5.039948821067810059e-01
1.887550200803212785e+00,3.750000000000000000e-01,4.738649635450215558e-01,4.999972752627795947e-01,5.040561556816101074e-01
1.907630522088353375e+00,3.750000000000000000e-01,4.744773345705248224e-01,4.999975853716542851e-01,5.041176676750183105e-01
1.927710843373493965e+00,3.750000000000000000e-01,4.750753539138052317e-01,4.999978601862945515e-01,5.041792988777160645e-01
1.947791164658634555e+00,3.750000000000000000e-01,4.756593582838319345e-01,4.999981037236218562e-01,5.042418837547302246e-01
1.967871485943775145e+00,3.750000000000000000e-01,4.762296764495155821e-01,4.999983195433822525e-01,5.043037533760070801e-01
1.987951807228915735e+00,3.750000000000000000e-01,4.767866294314905273e-01,4.999985108001781531e-01,5.043664574623107910e-01
2.008032128514056325e+00,3.750000000000000000e-01,4.773305306887556387e-01,4.999986802895795557e-01,5.044293999671936035e-01
2.028112449799196693e+00,3.750000000000000000e-01,4.778616863003681825e-01,4.999988304889859680e-01,5.044923424720764160e-01
2.048192771084337505e+00,3.750000000000000000e-01,4.783803951423715728e-01,4.999989635938379973e-01,5.045554041862487793e-01
2.068273092369477872e+00,3.750000000000000000e-01,4.788869490601248002e-01,4.999990815497077357e-01,5.046184659004211426e-01
2.088353413654618684e+00,3.750000000000000000e-01,4.793816330361936329e-01,4.999991860807371236e-01,5.046817660331726074e-01
2.108433734939759052e+00,3.750000000000000000e-01,4.798647253539518043e-01,4.999992787148395679e-01,5.047451853752136230e-01
2.128514056224899420e+00,3.750000000000000000e-01,4.803364977570326322e-01,4.999993608060325778e-01,5.048086047172546387e-01
2.148594377510040232e+00,3.750000000000000000e-01,4.807972156047650714e-01,4.999994335542300439e-01,5.048719048500061035e-01
2.168674698795180600e+00,3.750000000000000000e-01,4.812471380237180463e-01,4.999994980227808750e-01,5.049358010292053223e-01
2.188755020080321412e+00,3.750000000000000000e-01,4.816865180554742998e-01,4.999995551540113992e-01,5.049986243247985840e-01
2.208835341365461780e+00,3.750000000000000000e-01,4.821156028007449468e-01,4.999996057829996787e-01,5.050621628761291504e-01
2.228915662650602592e+00,3.750000000000000000e-01,4.825346335599339231e-01,4.999996506497814686e-01,5.051255822181701660e-01
2.248995983935742959e+00,3.750000000000000000e-01,4.829438459702551367e-01,4.999996904101672857e-01,5.051881670951843262e-01
2.269076305220883327e+00,3.750000000000000000e-01,4.833434701394990207e-01,4.999997256453282413e-01,5.052517056465148926e-01
2.289156626506024139e+00,3.750000000000000000e-01,4.837337307765439132e-01,4.999997568702911344e-01,5.053146481513977051e-01
2.309236947791164507e+00,3.750000000000000000e-01,4.841148473187020795e-01,4.999997845414660969e-01,5.053767561912536621e-01
2.329317269076305319e+00,3.750000000000000000e-01,4.844870340559853106e-01,4.999998090633182568e-01,5.054398179054260254e-01
2.349397590361445687e+00,3.750000000000000000e-01,4.848505002523748053e-01,4.999998307942796760e-01,5.055018067359924316e-01
2.369477911646586499e+00,3.750000000000000000e-01,4.852054502641739986e-01,4.999998500519883260e-01,5.055640339851379395e-01
2.389558232931726867e+00,3.750000000000000000e-01,4.855520836555218267e-01,4.999998671179309850e-01,5.056260228157043457e-01
2.409638554216867234e+00,3.750000000000000000e-01,4.858905953111394282e-01,4.999998822415577804e-01,5.056876540184020996e-01
2.429718875502008046e+00,3.750000000000000000e-01,4.862211755463833329e-01,4.999998956439282716e-01,5.057492852210998535e-01
2.449799196787148414e+00,3.750000000000000000e-01,4.865440102146728063e-01,4.999999075209429211e-01,5.058104395866394043e-01
2.469879518072289226e+00,3.750000000000000000e-01,4.868592808123589633e-01,4.999999180462061377e-01,5.058709979057312012e-01
2.489959839357429594e+00,3.750000000000000000e-01,4.871671645810994322e-01,4.999999273735638572e-01,5.059322714805603027e-01
2.510040160642570406e+00,3.750000000000000000e-01,4.874678346078031299e-01,4.999999356393526329e-01,5.059921145439147949e-01
2.530120481927710774e+00,3.750000000000000000e-01,4.877614599222021563e-01,4.999999429643920967e-01,5.060519576072692871e-01
2.550200803212851586e+00,3.750000000000000000e-01,4.880482055921138707e-01,4.999999494557512136e-01,5.061115622520446777e-01
2.570281124497991954e+00,3.750000000000000000e-01,4.883282328164468833e-01,4.999999552083131404e-01,5.061710476875305176e-01
2.590361445783132321e+00,3.750000000000000000e-01,4.886016990160086948e-01,4.999999603061622278e-01,5.062298178672790527e-01
2.610441767068273133e+00,3.750000000000000000e-01,4.888687579221662749e-01,4.999999648238129812e-01,5.062878727912902832e-01
2.630522088353413501e+00,3.750000000000000000e-01,4.891295596634149812e-01,4.999999688272990794e-01,5.063465237617492676e-01
2.650602409638554313e+00,3.750000000000000000e-01,4.893842508499036681e-01,4.999999723751389347e-01,5.064041018486022949e-01
2.670682730923694681e+00,3.750000000000000000e-01,4.896329746559681673e-01,4.999999755191905093e-01,5.064615607261657715e-01
2.690763052208835493e+00,3.750000000000000000e-01,4.898758709007180467e-01,4.999999783054101532e-01,5.065183043479919434e-01
2.710843373493975861e+00,3.750000000000000000e-01,4.901130761267273317e-01,4.999999807745234004e-01,5.065749287605285645e-01
2.730923694779116673e+00,3.750000000000000000e-01,4.903447236768711526e-01,4.999999829626209369e-01,5.066308379173278809e-01
2.751004016064257041e+00,3.750000000000000000e-01,4.905709437693552277e-01,4.999999849016859566e-01,5.066865086555480957e-01
2.771084337349397408e+00,3.750000000000000000e-01,4.907918635709798139e-01,4.999999866200612875e-01,5.067421793937683105e-01
2.791164658634538220e+00,3.750000000000000000e-01,4.910076072686819226e-01,4.999999881428641157e-01,5.067971348762512207e-01
2.811244979919678588e+00,3.750000000000000000e-01,4.912182961393944391e-01,4.999999894923531363e-01,5.068511366844177246e-01
2.831325301204819400e+00,3.750000000000000000e-01,4.914240486182648859e-01,4.999999906882536815e-01,5.069057345390319824e-01
2.851405622489959768e+00,3.750000000000000000e-01,4.916249803652705808e-01,4.999999917480459355e-01,5.069591403007507324e-01
2.871485943775100580e+00,3.750000000000000000e-01,4.918212043302701009e-01,4.999999926872206180e-01,5.070123076438903809e-01
2.891566265060240948e+00,3.750000000000000000e-01,4.920128308165261921e-01,4.999999935195055811e-01,5.070648789405822754e-01
2.911646586345381316e+00,3.750000000000000000e-01,4.921999675427379817e-01,4.999999942570662048e-01,5.071169734001159668e-01
2.931726907630522128e+00,3.750000000000000000e-01,4.923827197036168002e-01,4.999999949106831987e-01,5.071689486503601074e-01
2.951807228915662495e+00,3.750000000000000000e-01,4.925611900290403078e-01,4.999999954899104204e-01,5.072202086448669434e-01
2.971887550200803307e+00,3.750000000000000000e-01,4.927354788418182863e-01,4.999999960032145419e-01,5.072709918022155762e-01
2.991967871485943675e+00,3.750000000000000000e-01,4.929056841141037926e-01,4.999999964580983391e-01,5.073216557502746582e-01
3.012048192771084487e+00,3.750000000000000000e-01,4.930719015224797053e-01,4.999999968612107160e-01,5.073716044425964355e-01
3.032128514056224855e+00,3.750000000000000000e-01,4.932342245017538596e-01,4.999999972184438479e-01,5.074213147163391113e-01
3.052208835341365223e+00,3.750000000000000000e-01,4.933927442974923583e-01,4.999999975350193915e-01,5.074699521064758301e-01
3.072289156626506035e+00,3.750000000000000000e-01,4.935475500173198693e-01,4.999999978155647562e-01,5.075184702873229980e-01
3.092369477911646403e+00,3.750000000000000000e-01,4.936987286810174957e-01,4.999999980641807173e-01,5.075667500495910645e-01
3.112449799196787215e+00,3.750000000000000000e-01,4.938463652694456973e-01,4.999999982845008129e-01,5.076145529747009277e-01
3.132530120481927582e+00,3.750000000000000000e-01,4.939905427723194631e-01,4.999999984797459662e-01,5.076617598533630371e-01
3.152610441767068394e+00,3.750000000000000000e-01,4.941313422348633244e-01,4.999999986527696727e-01,5.077084898948669434e-01
3.172690763052208762e+00,3.750000000000000000e-01,4.942688428033720771e-01,4.999999988061011313e-01,5.077548623085021973e-01
3.192771084337349574e+00,3.750000000000000000e-01,4.944031217697033020e-01,4.999999989419814939e-01,5.078006386756896973e-01
3.212851405622489942e+00,3.750000000000000000e-01,4.945342546147262763e-01,4.999999990623970603e-01,5.078461766242980957e-01
3.232931726907630310e+00,3.750000000000000000e-01,4.946623150507513667e-01,4.999999991691077006e-01,5.078913569450378418e-01
3.253012048192771122e+00,3.750000000000000000e-01,4.947873750629653289e-01,4.999999992636733892e-01,5.079355835914611816e-01
3.273092369477911490e+00,3.750000000000000000e-01,4.949095049498932197e-01,4.999999993474763538e-01,5.079798102378845215e-01
3.293172690763052302e+00,3.750000000000000000e-01,4.950287733629120668e-01,4.999999994217414478e-01,5.080228447914123535e-01
3.313253012048192669e+00,3.750000000000000000e-01,4.951452473448370029e-01,4.999999994875543585e-01,5.080664753913879395e-01
3.333333333333333481e+00,3.750000000000000000e-01,4.952589923676015138e-01,4.999999995458769830e-01,5.081092715263366699e-01
3.353413654618473849e+00,3.750000000000000000e-01,4.953700723690534491e-01,4.999999995975618616e-01,5.081512331962585449e-01
3.373493975903614661e+00,3.750000000000000000e-01,4.954785497888870016e-01,4.999999996433642790e-01,5.081933140754699707e-01
3.393574297188755029e+00,3.750000000000000000e-01,4.955844856037299739e-01,4.999999996839538108e-01,5.082347989082336426e-01
3.413654618473895397e+00,3.750000000000000000e-01,4.956879393614072038e-01,4.999999997199237045e-01,5.082755684852600098e-01
3.433734939759036209e+00,3.750000000000000000e-01,4.957889692143972460e-01,4.999999997517999284e-01,5.083159804344177246e-01
3.453815261044176577e+00,3.750000000000000000e-01,4.958876319525027387e-01,4.999999997800482210e-01,5.083561539649963379e-01
3.473895582329317389e+00,3.750000000000000000e-01,4.959839830347508860e-01,4.999999998050816408e-01,5.083959698677062988e-01
3.493975903614457756e+00,3.750000000000000000e-01,4.960780766205414305e-01,4.999999998272660062e-01,5.084351897239685059e-01
3.514056224899598568e+00,3.750000000000000000e-01,4.961699656000606029e-01,4.999999998469255580e-01,5.084744095802307129e-01
3.534136546184738936e+00,3.750000000000000000e-01,4.962597016239753689e-01,4.999999998643475663e-01,5.085125565528869629e-01
3.554216867469879304e+00,3.750000000000000000e-01,4.963473351324251825e-01,4.999999998797867162e-01,5.085504651069641113e-01
3.574297188755020116e+00,3.750000000000000000e-01,4.964329153833256791e-01,4.999999998934686607e-01,5.085883736610412598e-01
3.594377510040160484e+00,3.750000000000000000e-01,4.965164904800001833e-01,4.999999999055933508e-01,5.086258053779602051e-01
3.614457831325301296e+00,3.750000000000000000e-01,4.965981073981517446e-01,4.999999999163381448e-01,5.086624026298522949e-01
3.634538152610441664e+00,3.750000000000000000e-01,4.966778120121900786e-01,4.999999999258599725e-01,5.086986422538757324e-01
3.654618473895582476e+00,3.750000000000000000e-01,4.967556491209271230e-01,4.999999999342981671e-01,5.087350010871887207e-01
3.674698795180722843e+00,3.750000000000000000e-01,4.968316624726505926e-01,4.999999999417759078e-01,5.087706446647644043e-01
3.694779116465863211e+00,3.750000000000000000e-01,4.969058947895916845e-01,4.999999999484025515e-01,5.088058114051818848e-01
3.714859437751004023e+00,3.750000000000000000e-01,4.969783877917928749e-01,4.999999999542750206e-01,5.088409781455993652e-01
3.734939759036144391e+00,3.750000000000000000e-01,4.970491822203887966e-01,4.999999999594790800e-01,5.088750720024108887e-01
3.755020080321285203e+00,3.750000000000000000e-01,4.971183178603086894e-01,4.999999999640907244e-01,5.089091658592224121e-01
3.775100401606425571e+00,3.750000000000000000e-01,4.971858335624076419e-01,4.999999999681775664e-01,5.089433789253234863e-01
3.795180722891566383e+00,3.750000000000000000e-01,4.972517672650343945e-01,4.999999999717993915e-01,5.089763998985290527e-01
3.815261044176706751e+00,3.750000000000000000e-01,4.973161560150405336e-01,4.999999999750089352e-01,5.090100169181823730e-01
3.835341365461847563e+00,3.750000000000000000e-01,4.973790359882364065e-01,4.999999999778531601e-01,5.090424418449401855e-01
3.855421686746987930e+00,3.750000000000000000e-01,4.974404425092954218e-01,4.999999999803736994e-01,5.090746283531188965e-01
3.875502008032128298e+00,3.750000000000000000e-01,4.975004100711084010e-01,4.999999999826073016e-01,5.091066956520080566e-01
3.895582329317269110e+00,3.750000000000000000e-01,4.975589723535865372e-01,4.999999999845867737e-01,5.091382861137390137e-01
3.915662650602409478e+00,3.750000000000000000e-01,4.976161622419095210e-01,4.999999999863410372e-01,5.091695189476013184e-01
3.935742971887550290e+00,3.750000000000000000e-01,4.976720118442128360e-01,4.999999999878956269e-01,5.092007517814636230e-01
3.955823293172690658e+00,3.750000000000000000e-01,4.977265525087047893e-01,4.999999999892733582e-01,5.092313885688781738e-01
3.975903614457831470e+00,3.750000000000000000e-01,4.977798148402006184e-01,4.999999999904942705e-01,5.092620253562927246e-01
3.995983935742971838e+00,3.750000000000000000e-01,4.978318287160571343e-01,4.999999999915761828e-01,5.092918276786804199e-01
4.016064257028112650e+00,3.750000000000000000e-01,4.978826233014858049e-01,4.999999999925348604e-01,5.093216300010681152e-01
4.036144578313252573e+00,3.750000000000000000e-01,4.979322270642166925e-01,4.999999999933844586e-01,5.093508362770080566e-01
4.056224899598393385e+00,3.750000000000000000e-01,4.979806677884801025e-01,4.999999999941374118e-01,5.093802809715270996e-01
4.076305220883534197e+00,3.750000000000000000e-01,4.980279725882641451e-01,4.999999999948046003e-01,5.094087719917297363e-01
4.096385542168675009e+00,3.750000000000000000e-01,4.980741679197969174e-01,4.999999999953958496e-01,5.094372630119323730e-01
4.116465863453814933e+00,3.750000000000000000e-01,4.981192795931937978e-01,4.999999999959198749e-01,5.094652771949768066e-01
4.136546184738955745e+00,3.750000000000000000e-01,4.981633327831943014e-01,4.999999999963842812e-01,5.094930529594421387e-01
4.156626506024096557e+00,3.750000000000000000e-01,4.982063520389015676e-01,4.999999999967957853e-01,5.095207095146179199e-01
4.176706827309237369e+00,3.750000000000000000e-01,4.982483612924166749e-01,4.999999999971605491e-01,5.095478892326354980e-01
4.196787148594377292e+00,3.750000000000000000e-01,4.982893838662424413e-01,4.999999999974837905e-01,5.095751881599426270e-01
4.216867469879518104e+00,3.750000000000000000e-01,4.983294424793025534e-01,4.999999999977701171e-01,5.096015334129333496e-01
4.236947791164658916e+00,3.750000000000000000e-01,4.983685592513945606e-01,4.999999999980240251e-01,5.096282362937927246e-01
4.257028112449798840e+00,3.750000000000000000e-01,4.984067557058567410e-01,4.999999999982489007e-01,5.096542239189147949e-01
4.277108433734939652e+00,3.750000000000000000e-01,4.984440527701859414e-01,4.999999999984482413e-01,5.096799731254577637e-01
4.297188755020080464e+00,3.750000000000000000e-01,4.984804707742893082e-01,4.999999999986247667e-01,5.097056031227111816e-01
4.317269076305221276e+00,3.750000000000000000e-01,4.985160294459850538e-01,4.999999999987811417e-01,5.097308754920959473e-01
4.337349397590361200e+00,3.750000000000000000e-01,4.985507479032891265e-01,4.999999999989198640e-01,5.097557902336120605e-01
4.357429718875502012e+00,3.750000000000000000e-01,4.985846446429217926e-01,4.999999999990427657e-01,5.097809433937072754e-01
4.377510040160642824e+00,3.750000000000000000e-01,4.986177375243420751e-01,4.999999999991516786e-01,5.098055005073547363e-01
4.397590361445782747e+00,3.750000000000000000e-01,4.986500437484625015e-01,4.999999999992482680e-01,5.098299384117126465e-01
4.417670682730923559e+00,3.750000000000000000e-01,4.986815798299966684e-01,4.999999999993338107e-01,5.098537802696228027e-01
4.437751004016064371e+00,3.750000000000000000e-01,4.987123615621388284e-01,4.999999999994095834e-01,5.098778605461120605e-01
4.457831325301205183e+00,3.750000000000000000e-01,4.987424039719557389e-01,4.999999999994767519e-01,5.099013447761535645e-01
4.477911646586345107e+00,3.750000000000000000e-01,4.987717212644515175e-01,4.999999999995363154e-01,5.099248290061950684e-01
4.497991967871485919e+00,3.750000000000000000e-01,4.988003267527372775e-01,4.999999999995892175e-01,5.099477171897888184e-01
4.518072289156626731e+00,3.750000000000000000e-01,4.988282327710334974e-01,4.999999999996361244e-01,5.099707245826721191e-01
4.538152610441766655e+00,3.750000000000000000e-01,4.988554505663301275e-01,4.999999999996776467e-01,5.099934935569763184e-01
4.558232931726907466e+00,3.750000000000000000e-01,4.988819901633273490e-01,4.999999999997143951e-01,5.100161433219909668e-01
4.578313253012048278e+00,3.750000000000000000e-01,4.989078601957045445e-01,4.999999999997468692e-01,5.100380778312683105e-01
4.598393574297189090e+00,3.750000000000000000e-01,4.989330676946700516e-01,4.999999999997757905e-01,5.100597739219665527e-01
4.618473895582329014e+00,3.750000000000000000e-01,4.989576178229535031e-01,4.999999999998013256e-01,5.100815892219543457e-01
4.638554216867469826e+00,3.750000000000000000e-01,4.989815135386786449e-01,4.999999999998239741e-01,5.101032853126525879e-01
4.658634538152610638e+00,3.750000000000000000e-01,4.990047551685455884e-01,4.999999999998439026e-01,5.101243853569030762e-01
4.678714859437750562e+00,3.750000000000000000e-01,4.990273398630210022e-01,4.999999999998615552e-01,5.101453661918640137e-01
4.698795180722891374e+00,3.750000000000000000e-01,4.990492608971302535e-01,4.999999999998773204e-01,5.101664662361145020e-01
4.718875502008032186e+00,3.750000000000000000e-01,4.990705067681242002e-01,4.999999999998913092e-01,5.101878046989440918e-01
4.738955823293172998e+00,3.750000000000000000e-01,4.990910600245321849e-01,4.999999999999035771e-01,5.102078318595886230e-01
4.759036144578312921e+00,3.750000000000000000e-01,4.991108957382951461e-01,4.999999999999145128e-01,5.102283358573913574e-01
4.779116465863453733e+00,3.750000000000000000e-01,4.991299795004707773e-01,4.999999999999241163e-01,5.102487206459045410e-01
4.799196787148594545e+00,3.750000000000000000e-01,4.991482647782671256e-01,4.999999999999323874e-01,5.102683901786804199e-01
4.819277108433734469e+00,3.750000000000000000e-01,4.991656894124300581e-01,4.999999999999397704e-01,5.102880597114562988e-01
4.839357429718875281e+00,3.750000000000000000e-01,4.991821709530936402e-01,4.999999999999462097e-01,5.103079676628112793e-01
4.859437751004016093e+00,3.750000000000000000e-01,4.991976004203834694e-01,4.999999999999518718e-01,5.103270411491394043e-01
4.879518072289156905e+00,3.750000000000000000e-01,4.992118339210926958e-01,4.999999999999567013e-01,5.103462338447570801e-01
4.899598393574296828e+00,3.750000000000000000e-01,4.992246813372974712e-01,4.999999999999608646e-01,5.103655457496643066e-01
4.919678714859437640e+00,3.750000000000000000e-01,4.992358910022923757e-01,4.999999999999643063e-01,5.103843808174133301e-01
4.939759036144578452e+00,3.750000000000000000e-01,4.992451288587235192e-01,4.999999999999669154e-01,5.104030966758728027e-01
4.959839357429719264e+00,3.750000000000000000e-01,4.992519500033292257e-01,4.999999999999686917e-01,5.104218125343322754e-01
4.979919678714859188e+00,3.750000000000000000e-01,4.992557596905818351e-01,4.999999999999696909e-01,5.104398131370544434e-01
5.000000000000000000e+00,3.750000000000000000e-01,4.992557596905818351e-01,4.999999999999696909e-01,5.104581713676452637e-01
0.000000000000000000e+00,4.166666666666666297e-01,3.029407160345926053e-01,3.029407160345926053e-01,3.162464499473571777e-01
2.008032128514056214e-02,4.166666666666666297e-01,3.108244558158216320e-01,3.358266987062858422e-01,3.437771201133728027e-01
4.016064257028112428e-02,4.166666666666666297e-01,3.180599874287020068e-01,3.606981352004354768e-01,3.658426403999328613e-01
6.024096385542168641e-02,4.166666666666666297e-01,3.247345523562986114e-01,3.802830983335597770e-01,3.838704228401184082e-01
8.032128514056224855e-02,4.166666666666666297e-01,3.309209751643932829e-01,3.961924568474237129e-01,3.988602757453918457e-01
1.004016064257028107e-01,4.166666666666666297e-01,3.366803542076177713e-01,4.094221152134673303e-01,4.115133881568908691e-01
1.204819277108433728e-01,4.166666666666666297e-01,3.420641940776971146e-01,4.206157551163622887e-01,4.223263859748840332e-01
1.405622489959839350e-01,4.166666666666666297e-01,3.471161075203401669e-01,4.302077413594834754e-01,4.316578507423400879e-01
1.606425702811244971e-01,4.166666666666666297e-01,3.518731828376815418e-01,4.385035944846372158e-01,4.397762417793273926e-01
1.807228915662650592e-01,4.166666666666666297e-01,3.563670894017972324e-01,4.457267584313999165e-01,4.468833804130554199e-01
2.008032128514056214e-01,4.166666666666666297e-01,3.606249765975243493e-01,4.520465850898193749e-01,4.531379342079162598e-01
2.208835341365461835e-01,4.166666666666666297e-01,3.646702086518123775e-01,4.575955461726511908e-01,4.586632847785949707e-01
2.409638554216867457e-01,4.166666666666666297e-01,3.685229681962257087e-01,4.624801028896236565e-01,4.635602831840515137e-01
2.610441767068273355e-01,4.166666666666666297e-01,3.722007541788416307e-01,4.667877516384980607e-01,4.679096341133117676e-01
2.811244979919678699e-01,4.166666666666666297e-01,3.757187942600924146e-01,4.705917130135475746e-01,4.717785716056823730e-01
3.012048192771084043e-01,4.166666666666666297e-01,3.790903876363634906e-01,4.739541384089691611e-01,4.752230048179626465e-01
3.212851405622489942e-01,4.166666666666666297e-01,3.823271910035606624e-01,4.769283656106604319e-01,4.782909750938415527e-01
3.413654618473895841e-01,4.166666666666666297e-01,3.854394578593646759e-01,4.795605521189080789e-01,4.810240864753723145e-01
3.614457831325301185e-01,4.166666666666666297e-01,3.884362393717491480e-01,4.818908928389161739e-01,4.834571480751037598e-01
3.815261044176706529e-01,4.166666666666666297e-01,3.913255534836045380e-01,4.839545539635378146e-01,4.856227040290832520e-01
4.016064257028112428e-01,4.166666666666666297e-01,3.941145276837202394e-01,4.857824083734518794e-01,4.875476956367492676e-01
4.216867469879518326e-01,4.166666666666666297e-01,3.968095198818764047e-01,4.874016286164336575e-01,4.892584681510925293e-01
4.417670682730923670e-01,4.166666666666666297e-01,3.994162210268648594e-01,4.888361749036821968e-01,4.907765984535217285e-01
4.618473895582329014e-01,4.166666666666666297e-01,4.019397424601890423e-01,4.901072035828832885e-01,4.921228289604187012e-01
4.819277108433734913e-01,4.166666666666666297e-01,4.043846904736660974e-01,4.912334137608338480e-01,4.933149218559265137e-01
5.020080321285140812e-01,4.166666666666666297e-01,4.067552301118566027e-01,4.922313446277837290e-01,4.943694472312927246e-01
5.220883534136546711e-01,4.166666666666666297e-01,4.090551399111339581e-01,4.931156326241009635e-01,4.953016638755798340e-01
5.421686746987951500e-01,4.166666666666666297e-01,4.112878589812151708e-01,4.938992352822587084e-01,4.961252808570861816e-01
5.622489959839357399e-01,4.166666666666666297e-01,4.134565276001432865e-01,4.945936269882731939e-01,4.968511462211608887e-01
5.823293172690763297e-01,4.166666666666666297e-01,4.155640223004617995e-01,4.952089707900511062e-01,4.974910616874694824e-01
6.024096385542168086e-01,4.166666666666666297e-01,4.176129862649475832e-01,4.957542695769539542e-01,4.980549216270446777e-01
6.224899598393573985e-01,4.166666666666666297e-01,4.196058557185642357e-01,4.962374993625818242e-01,4.985513091087341309e-01
6.425702811244979884e-01,4.166666666666666297e-01,4.215448828942268689e-01,4.966657269544716424e-01,4.989878535270690918e-01
6.626506024096385783e-01,4.166666666666666297e-01,4.234321560594535017e-01,4.970452139462648855e-01,4.993714690208435059e-01
6.827309236947791682e-01,4.166666666666666297e-01,4.252696170156956001e-01,4.973815086909353922e-01,4.997096657752990723e-01
7.028112449799196471e-01,4.166666666666666297e-01,4.270590764193846756e-01,4.976795276884785624e-01,5.000063776969909668e-01
7.228915662650602370e-01,4.166666666666666297e-01,4.288022272213021790e-01,4.979436276349248347e-01,5.002678036689758301e-01
7.429718875502008268e-01,4.166666666666666297e-01,4.305006564769646160e-01,4.981776692225933223e-01,5.004977583885192871e-01
7.630522088353413057e-01,4.166666666666666297e-01,4.321558557438469617e-01,4.983850736477876131e-01,5.007001757621765137e-01
7.831325301204818956e-01,4.166666666666666297e-01,4.337692302502372255e-01,4.985688726670970405e-01,5.008793473243713379e-01
8.032128514056224855e-01,4.166666666666666297e-01,4.353421069943240185e-01,4.987317529437388930e-01,5.010371804237365723e-01
8.232931726907630754e-01,4.166666666666666297e-01,4.368757419099678629e-01,4.988760953384226426e-01,5.011766552925109863e-01
8.433734939759036653e-01,4.166666666666666297e-01,4.383713262168091873e-01,4.990040097230848404e-01,5.013009905815124512e-01
8.634538152610441442e-01,4.166666666666666297e-01,4.398299920563848997e-01,4.991173658289520532e-01,5.014114975929260254e-01
8.835341365461847341e-01,4.166666666666666297e-01,4.412528175022975008e-01,4.992178205815056002e-01,5.015098452568054199e-01
9.036144578313253239e-01,4.166666666666666297e-01,4.426408310208313490e-01,4.993068423229681807e-01,5.015988945960998535e-01
9.236947791164658028e-01,4.166666666666666297e-01,4.439950154484276768e-01,4.993857322770585694e-01,5.016781687736511230e-01
9.437751004016063927e-01,4.166666666666666297e-01,4.453163115438543707e-01,4.994556435702049990e-01,5.017507672309875488e-01
9.638554216867469826e-01,4.166666666666666297e-01,4.466056211655258790e-01,4.995175980875311561e-01,5.018174052238464355e-01
9.839357429718875725e-01,4.166666666666666297e-01,4.478638101180535958e-01,4.995725014101800587e-01,5.018783211708068848e-01
1.004016064257028162e+00,4.166666666666666297e-01,4.490917107066014768e-01,4.996211560524292383e-01,5.019347071647644043e-01
1.024096385542168752e+00,4.166666666666666297e-01,4.502901240328429089e-01,4.996642731921582814e-01,5.019873976707458496e-01
1.044176706827309342e+00,4.166666666666666297e-01,4.514598220621734437e-01,4.997024830661787598e-01,5.020365118980407715e-01
1.064257028112449710e+00,4.166666666666666297e-01,4.526015494882249524e-01,4.997363441824060337e-01,5.020841956138610840e-01
1.084337349397590300e+00,4.166666666666666297e-01,4.537160254175861551e-01,4.997663514835446463e-01,5.021294951438903809e-01
1.104417670682730890e+00,4.166666666666666297e-01,4.548039448948937857e-01,4.997929435816276800e-01,5.021731257438659668e-01
1.124497991967871480e+00,4.166666666666666297e-01,4.558659802860596244e-01,4.998165091691660344e-01,5.022155642509460449e-01
1.144578313253012070e+00,4.166666666666666297e-01,4.569027825353033090e-01,4.998373927006209971e-01,5.022569298744201660e-01
1.164658634538152659e+00,4.166666666666666297e-01,4.579149823098206395e-01,4.998558994272513378e-01,5.022979378700256348e-01
1.184738955823293249e+00,4.166666666666666297e-01,4.589031910443057694e-01,4.998722998589288924e-01,5.023382306098937988e-01
1.204819277108433617e+00,4.166666666666666297e-01,4.598680018961285865e-01,4.998868337181424093e-01,5.023787617683410645e-01
1.224899598393574207e+00,4.166666666666666297e-01,4.608099906207212548e-01,4.998997134439854828e-01,5.024191737174987793e-01
1.244979919678714797e+00,4.166666666666666297e-01,4.617297163756328704e-01,4.999111272973469910e-01,5.024595856666564941e-01
1.265060240963855387e+00,4.166666666666666297e-01,4.626277224607457383e-01,4.999212421126909001e-01,5.025009512901306152e-01
1.285140562248995977e+00,4.166666666666666297e-01,4.635045370012935151e-01,4.999302057366500907e-01,5.025420784950256348e-01
1.305220883534136567e+00,4.166666666666666297e-01,4.643606735795708929e-01,4.999381491890768081e-01,5.025836825370788574e-01
1.325301204819277157e+00,4.166666666666666297e-01,4.651966318205631445e-01,4.999451885781393545e-01,5.026256442070007324e-01
1.345381526104417746e+00,4.166666666666666297e-01,4.660128979361342072e-01,4.999514267974568549e-01,5.026686787605285645e-01
1.365461847389558336e+00,4.166666666666666297e-01,4.668099452318985598e-01,4.999569550300790310e-01,5.027121901512145996e-01
1.385542168674698704e+00,4.166666666666666297e-01,4.675882345804394102e-01,4.999618540812940104e-01,5.027567744255065918e-01
1.405622489959839294e+00,4.166666666666666297e-01,4.683482148641353593e-01,4.999661955597458074e-01,5.028014779090881348e-01
1.425702811244979884e+00,4.166666666666666297e-01,4.690903233904946124e-01,4.999700429241275557e-01,5.028476119041442871e-01
1.445783132530120474e+00,4.166666666666666297e-01,4.698149862825822254e-01,4.999734524107459777e-01,5.028939843177795410e-01
1.465863453815261064e+00,4.166666666666666297e-01,4.705226188468398796e-01,4.999764738555189658e-01,5.029413104057312012e-01
1.485943775100401654e+00,4.166666666666666297e-01,4.712136259203530408e-01,4.999791514224192213e-01,5.029897093772888184e-01
1.506024096385542244e+00,4.166666666666666297e-01,4.718884021993952071e-01,4.999815242490118217e-01,5.030385851860046387e-01
1.526104417670682611e+00,4.166666666666666297e-01,4.725473325508855460e-01,4.999836270185218368e-01,5.030885338783264160e-01
1.546184738955823201e+00,4.166666666666666297e-01,4.731907923082204759e-01,4.999854904667930811e-01,5.031389594078063965e-01
1.566265060240963791e+00,4.166666666666666297e-01,4.738191475527860907e-01,4.999871418315495752e-01,5.031899809837341309e-01
1.586345381526104381e+00,4.166666666666666297e-01,4.744327553823208254e-01,4.999886052505244649e-01,5.032418370246887207e-01
1.606425702811244971e+00,4.166666666666666297e-01,4.750319641671765791e-01,4.999899021142779065e-01,5.032946467399597168e-01
1.626506024096385561e+00,4.166666666666666297e-01,4.756171137954171568e-01,4.999910513788586863e-01,5.033481717109680176e-01
1.646586345381526151e+00,4.166666666666666297e-01,4.761885359075980761e-01,4.999920698428823584e-01,5.034024119377136230e-01
1.666666666666666741e+00,4.166666666666666297e-01,4.767465541219852443e-01,4.999929723930739978e-01,5.034572482109069824e-01
1.686746987951807331e+00,4.166666666666666297e-01,4.772914842508938493e-01,4.999937722218648073e-01,5.035123229026794434e-01
1.706827309236947698e+00,4.166666666666666297e-01,4.778236345087624182e-01,4.999944810202236467e-01,5.035682320594787598e-01
1.726907630522088288e+00,4.166666666666666297e-01,4.783433057125159316e-01,4.999951091485421717e-01,5.036249756813049316e-01
1.746987951807228878e+00,4.166666666666666297e-01,4.788507914747169858e-01,4.999956657880710309e-01,5.036820769309997559e-01
1.767068273092369468e+00,4.166666666666666297e-01,4.793463783899596375e-01,4.999961590751206275e-01,5.037396550178527832e-01
1.787148594377510058e+00,4.166666666666666297e-01,4.798303462149136611e-01,4.999965962199886538e-01,5.037978291511535645e-01
1.807228915662650648e+00,4.166666666666666297e-01,4.803029680423927528e-01,4.999969836123514533e-01,5.038564801216125488e-01
1.827309236947791238e+00,4.166666666666666297e-01,4.807645104697837457e-01,4.999973269146607002e-01,5.039154887199401855e-01
1.847389558232931606e+00,4.166666666666666297e-01,4.812152337621456999e-01,4.999976311449111921e-01,5.039748549461364746e-01
1.867469879518072196e+00,4.166666666666666297e-01,4.816553920102583097e-01,4.999979007499874561e-01,5.040349364280700684e-01
1.887550200803212785e+00,4.166666666666666297e-01,4.820852332838777565e-01,4.999981396706635883e-01,5.040947794914245605e-01
1.907630522088353375e+00,4.166666666666666297e-01,4.825049997804340407e-01,4.999983513992048434e-01,5.041558146476745605e-01
1.927710843373493965e+00,4.166666666666666297e-01,4.829149279693855656e-01,4.999985390304132471e-01,5.042163729667663574e-01
1.947791164658634555e+00,4.166666666666666297e-01,4.833152487324305357e-01,4.999987053068641885e-01,5.042774081230163574e-01
1.967871485943775145e+00,4.166666666666666297e-01,4.837061874997560795e-01,4.999988526589937421e-01,5.043389201164245605e-01
1.987951807228915735e+00,4.166666666666666297e-01,4.840879643824960166e-01,4.999989832406240287e-01,5.044003129005432129e-01
2.008032128514056325e+00,4.166666666666666297e-01,4.844607943015522555e-01,4.999990989604458091e-01,5.044618248939514160e-01
2.028112449799196693e+00,4.166666666666666297e-01,4.848248871129254289e-01,4.999992015099174458e-01,5.045240521430969238e-01
2.048192771084337505e+00,4.166666666666666297e-01,4.851804477296902118e-01,4.999992923879879037e-01,5.045859217643737793e-01
2.068273092369477872e+00,4.166666666666666297e-01,4.855276762407399471e-01,4.999993729230072237e-01,5.046477913856506348e-01
2.088353413654618684e+00,4.166666666666666297e-01,4.858667680264200373e-01,4.999994442921429916e-01,5.047101378440856934e-01
2.108433734939759052e+00,4.166666666666666297e-01,4.861979138711574611e-01,4.999995075385864629e-01,5.047723650932312012e-01
2.128514056224899420e+00,4.166666666666666297e-01,4.865213000731928306e-01,4.999995635868003108e-01,5.048344731330871582e-01
2.148594377510040232e+00,4.166666666666666297e-01,4.868371085515100227e-01,4.999996132560326489e-01,5.048968195915222168e-01
2.168674698795180600e+00,4.166666666666666297e-01,4.871455169500553684e-01,4.999996572722906207e-01,5.049588084220886230e-01
2.188755020080321412e+00,4.166666666666666297e-01,4.874466987393339390e-01,4.999996962789527988e-01,5.050212740898132324e-01
2.208835341365461780e+00,4.166666666666666297e-01,4.877408233154633121e-01,4.999997308461732737e-01,5.050831437110900879e-01
2.228915662650602592e+00,4.166666666666666297e-01,4.880280560967644177e-01,4.999997614792154876e-01,5.051452517509460449e-01
2.248995983935742959e+00,4.166666666666666297e-01,4.883085586179614634e-01,4.999997886258378266e-01,5.052072405815124512e-01
2.269076305220883327e+00,4.166666666666666297e-01,4.885824886220621055e-01,4.999998126828381073e-01,5.052692294120788574e-01
2.289156626506024139e+00,4.166666666666666297e-01,4.888500001499853642e-01,4.999998340018533827e-01,5.053308606147766113e-01
2.309236947791164507e+00,4.166666666666666297e-01,4.891112436280002362e-01,4.999998528945004406e-01,5.053922533988952637e-01
2.329317269076305319e+00,4.166666666666666297e-01,4.893663659530369525e-01,4.999998696369298279e-01,5.054535269737243652e-01
2.349397590361445687e+00,4.166666666666666297e-01,4.896155105759300019e-01,4.999998844738633985e-01,5.055148005485534668e-01
2.369477911646586499e+00,4.166666666666666297e-01,4.898588175826478763e-01,4.999998976221700087e-01,5.055758357048034668e-01
2.389558232931726867e+00,4.166666666666666297e-01,4.900964237735652707e-01,4.999999092740363693e-01,5.056365132331848145e-01
2.409638554216867234e+00,4.166666666666666297e-01,4.903284627408286966e-01,4.999999195997758550e-01,5.056968331336975098e-01
2.429718875502008046e+00,4.166666666666666297e-01,4.905550649438663036e-01,4.999999287503182344e-01,5.057570338249206543e-01
2.449799196787148414e+00,4.166666666666666297e-01,4.907763577830897561e-01,4.999999368594152949e-01,5.058171153068542480e-01
2.469879518072289226e+00,4.166666666666666297e-01,4.909924656718355762e-01,4.999999440455967226e-01,5.058766007423400879e-01
2.489959839357429594e+00,4.166666666666666297e-01,4.912035101065898579e-01,4.999999504139015505e-01,5.059363245964050293e-01
2.510040160642570406e+00,4.166666666666666297e-01,4.914096097355416526e-01,4.999999560574143187e-01,5.059953331947326660e-01
2.530120481927710774e+00,4.166666666666666297e-01,4.916108804255054365e-01,4.999999610586252086e-01,5.060541033744812012e-01
2.550200803212851586e+00,4.166666666666666297e-01,4.918074353272551824e-01,4.999999654906363555e-01,5.061127543449401855e-01
2.570281124497991954e+00,4.166666666666666297e-01,4.919993849393081708e-01,4.999999694182296062e-01,5.061708092689514160e-01
2.590361445783132321e+00,4.166666666666666297e-01,4.921868371701982325e-01,4.999999728988141490e-01,5.062281489372253418e-01
2.610441767068273133e+00,4.166666666666666297e-01,4.923698973992746697e-01,4.999999759832651214e-01,5.062856078147888184e-01
2.630522088353413501e+00,4.166666666666666297e-01,4.925486685360638273e-01,4.999999787166672927e-01,5.063427090644836426e-01
2.650602409638554313e+00,4.166666666666666297e-01,4.927232510782283414e-01,4.999999811389744808e-01,5.063992142677307129e-01
2.670682730923694681e+00,4.166666666666666297e-01,4.928937431681573167e-01,4.999999832855929749e-01,5.064556002616882324e-01
2.690763052208835493e+00,4.166666666666666297e-01,4.930602406482222921e-01,4.999999851878997315e-01,5.065117478370666504e-01
2.710843373493975861e+00,4.166666666666666297e-01,4.932228371147301393e-01,4.999999868737004527e-01,5.065672993659973145e-01
2.730923694779116673e+00,4.166666666666666297e-01,4.933816239706038664e-01,4.999999883676361501e-01,5.066223740577697754e-01
2.751004016064257041e+00,4.166666666666666297e-01,4.935366904768241358e-01,4.999999896915434117e-01,5.066769719123840332e-01
2.771084337349397408e+00,4.166666666666666297e-01,4.936881238026586405e-01,4.999999908647737024e-01,5.067312121391296387e-01
2.791164658634538220e+00,4.166666666666666297e-01,4.938360090747097031e-01,4.999999919044758045e-01,5.067852139472961426e-01
2.811244979919678588e+00,4.166666666666666297e-01,4.939804294248089089e-01,4.999999928258468396e-01,5.068387389183044434e-01
2.831325301204819400e+00,4.166666666666666297e-01,4.941214660367847511e-01,4.999999936423545344e-01,5.068917870521545410e-01
2.851405622489959768e+00,4.166666666666666297e-01,4.942591981921314326e-01,4.999999943659335644e-01,5.069442391395568848e-01
2.871485943775100580e+00,4.166666666666666297e-01,4.943937033146042492e-01,4.999999950071604138e-01,5.069962143898010254e-01
2.891566265060240948e+00,4.166666666666666297e-01,4.945250570137678658e-01,4.999999955754074743e-01,5.070483088493347168e-01
2.911646586345381316e+00,4.166666666666666297e-01,4.946533331275205225e-01,4.999999960789811015e-01,5.070996880531311035e-01
2.931726907630522128e+00,4.166666666666666297e-01,4.947786037636213718e-01,4.999999965252416856e-01,5.071503520011901855e-01
2.951807228915662495e+00,4.166666666666666297e-01,4.949009393402414858e-01,4.999999969207121753e-01,5.072007775306701660e-01
2.971887550200803307e+00,4.166666666666666297e-01,4.950204086255633462e-01,4.999999972711734464e-01,5.072507262229919434e-01
2.991967871485943675e+00,4.166666666666666297e-01,4.951370787764513559e-01,4.999999975817479014e-01,5.073001980781555176e-01
3.012048192771084487e+00,4.166666666666666297e-01,4.952510153762144096e-01,4.999999978569750758e-01,5.073494315147399902e-01
3.032128514056224855e+00,4.166666666666666297e-01,4.953622824714827844e-01,4.999999981008780292e-01,5.073983073234558105e-01
3.052208835341365223e+00,4.166666666666666297e-01,4.954709426082193335e-01,4.999999983170216877e-01,5.074463486671447754e-01
3.072289156626506035e+00,4.166666666666666297e-01,4.955770568668863563e-01,4.999999985085655796e-01,5.074941515922546387e-01
3.092369477911646403e+00,4.166666666666666297e-01,4.956806848967874046e-01,4.999999986783094097e-01,5.075412392616271973e-01
3.112449799196787215e+00,4.166666666666666297e-01,4.957818849496034019e-01,4.999999988287342489e-01,5.075884461402893066e-01
3.132530120481927582e+00,4.166666666666666297e-01,4.958807139121425567e-01,4.999999989620388385e-01,5.076346993446350098e-01
3.152610441767068394e+00,4.166666666666666297e-01,4.959772273383216135e-01,4.999999990801718419e-01,5.076804757118225098e-01
3.172690763052208762e+00,4.166666666666666297e-01,4.960714794803973704e-01,4.999999991848596004e-01,5.077263712882995605e-01
3.192771084337349574e+00,4.166666666666666297e-01,4.961635233194661154e-01,4.999999992776326674e-01,5.077715516090393066e-01
3.212851405622489942e+00,4.166666666666666297e-01,4.962534105952464691e-01,4.999999993598470693e-01,5.078160166740417480e-01
3.232931726907630310e+00,4.166666666666666297e-01,4.963411918351651186e-01,4.999999994327044561e-01,5.078603625297546387e-01
3.253012048192771122e+00,4.166666666666666297e-01,4.964269163827597642e-01,4.999999994972696427e-01,5.079038739204406738e-01
3.273092369477911490e+00,4.166666666666666297e-01,4.965106324254148773e-01,4.999999995544864295e-01,5.079475045204162598e-01
3.293172690763052302e+00,4.166666666666666297e-01,4.965923870214484781e-01,4.999999996051912587e-01,5.079899430274963379e-01
3.313253012048192669e+00,4.166666666666666297e-01,4.966722261265619220e-01,4.999999996501254262e-01,5.080325007438659668e-01
3.333333333333333481e+00,4.166666666666666297e-01,4.967501946196695162e-01,4.999999996899455734e-01,5.080747008323669434e-01
3.353413654618473849e+00,4.166666666666666297e-01,4.968263363281218425e-01,4.999999997252336792e-01,5.081164240837097168e-01
3.373493975903614661e+00,4.166666666666666297e-01,4.969006940523367777e-01,4.999999997565054977e-01,5.081577897071838379e-01
3.393574297188755029e+00,4.166666666666666297e-01,4.969733095898517528e-01,4.999999997842182187e-01,5.081984400749206543e-01
3.413654618473895397e+00,4.166666666666666297e-01,4.970442237588112988e-01,4.999999998087769071e-01,5.082389712333679199e-01
3.433734939759036209e+00,4.166666666666666297e-01,4.971134764209016454e-01,4.999999998305405535e-01,5.082784295082092285e-01
3.453815261044176577e+00,4.166666666666666297e-01,4.971811065037466393e-01,4.999999998498274034e-01,5.083182454109191895e-01
3.473895582329317389e+00,4.166666666666666297e-01,4.972471520227760289e-01,4.999999998669191204e-01,5.083577036857604980e-01
3.493975903614457756e+00,4.166666666666666297e-01,4.973116501025781622e-01,4.999999998820656710e-01,5.083962082862854004e-01
3.514056224899598568e+00,4.166666666666666297e-01,4.973746369977498083e-01,4.999999998954883784e-01,5.084345936775207520e-01
3.534136546184738936e+00,4.166666666666666297e-01,4.974361481132527074e-01,4.999999999073835300e-01,5.084727406501770020e-01
3.554216867469879304e+00,4.166666666666666297e-01,4.974962180242895049e-01,4.999999999179247645e-01,5.085099339485168457e-01
3.574297188755020116e+00,4.166666666666666297e-01,4.975548804957079518e-01,4.999999999272660700e-01,5.085471272468566895e-01
3.594377510040160484e+00,4.166666666666666297e-01,4.976121685009450291e-01,4.999999999355443370e-01,5.085839629173278809e-01
3.614457831325301296e+00,4.166666666666666297e-01,4.976681142405193770e-01,4.999999999428804132e-01,5.086203217506408691e-01
3.634538152610441664e+00,4.166666666666666297e-01,4.977227491600831888e-01,4.999999999493814351e-01,5.086564421653747559e-01
3.654618473895582476e+00,4.166666666666666297e-01,4.977761039680401178e-01,4.999999999551426044e-01,5.086920857429504395e-01
3.674698795180722843e+00,4.166666666666666297e-01,4.978282086527403005e-01,4.999999999602480205e-01,5.087271332740783691e-01
3.694779116465863211e+00,4.166666666666666297e-01,4.978790924992588240e-01,4.999999999647724014e-01,5.087620615959167480e-01
3.714859437751004023e+00,4.166666666666666297e-01,4.979287841057656316e-01,4.999999999687818053e-01,5.087965130805969238e-01
3.734939759036144391e+00,4.166666666666666297e-01,4.979773113994947487e-01,4.999999999723349631e-01,5.088307261466979980e-01
3.755020080321285203e+00,4.166666666666666297e-01,4.980247016523171588e-01,4.999999999754835556e-01,5.088645815849304199e-01
3.775100401606425571e+00,4.166666666666666297e-01,4.980709814959262682e-01,4.999999999782738791e-01,5.088977217674255371e-01
3.795180722891566383e+00,4.166666666666666297e-01,4.981161769366376224e-01,4.999999999807466233e-01,5.089307427406311035e-01
3.815261044176706751e+00,4.166666666666666297e-01,4.981603133698097041e-01,4.999999999829378705e-01,5.089635252952575684e-01
3.835341365461847563e+00,4.166666666666666297e-01,4.982034155938882547e-01,4.999999999848797616e-01,5.089958310127258301e-01
3.855421686746987930e+00,4.166666666666666297e-01,4.982455078240760060e-01,4.999999999866006073e-01,5.090276598930358887e-01
3.875502008032128298e+00,4.166666666666666297e-01,4.982866137056297662e-01,4.999999999881256652e-01,5.090596079826354980e-01
3.895582329317269110e+00,4.166666666666666297e-01,4.983267563267854139e-01,4.999999999894771396e-01,5.090910792350769043e-01
3.915662650602409478e+00,4.166666666666666297e-01,4.983659582313069714e-01,4.999999999906747927e-01,5.091220736503601074e-01
3.935742971887550290e+00,4.166666666666666297e-01,4.984042414306597557e-01,4.999999999917361104e-01,5.091525912284851074e-01
3.955823293172690658e+00,4.166666666666666297e-01,4.984416274157992266e-01,4.999999999926768024e-01,5.091826319694519043e-01
3.975903614457831470e+00,4.166666666666666297e-01,4.984781371685708673e-01,4.999999999935104689e-01,5.092133879661560059e-01
3.995983935742971838e+00,4.166666666666666297e-01,4.985137911727087756e-01,4.999999999942491558e-01,5.092424750328063965e-01
4.016064257028112650e+00,4.166666666666666297e-01,4.985486094244217514e-01,4.999999999949036322e-01,5.092719197273254395e-01
4.036144578313252573e+00,4.166666666666666297e-01,4.985826114425490063e-01,4.999999999954837793e-01,5.093010067939758301e-01
4.056224899598393385e+00,4.166666666666666297e-01,4.986158162782650671e-01,4.999999999959978680e-01,5.093297362327575684e-01
4.076305220883534197e+00,4.166666666666666297e-01,4.986482425243084493e-01,4.999999999964534481e-01,5.093582272529602051e-01
4.096385542168675009e+00,4.166666666666666297e-01,4.986799083237026808e-01,4.999999999968571252e-01,5.093865990638732910e-01
4.116465863453814933e+00,4.166666666666666297e-01,4.987108313779312074e-01,4.999999999972149500e-01,5.094143748283386230e-01
4.136546184738955745e+00,4.166666666666666297e-01,4.987410289545205488e-01,4.999999999975320297e-01,5.094422698020935059e-01
4.156626506024096557e+00,4.166666666666666297e-01,4.987705178939759731e-01,4.999999999978129717e-01,5.094692111015319824e-01
4.176706827309237369e+00,4.166666666666666297e-01,4.987993146160026314e-01,4.999999999980621612e-01,5.094966292381286621e-01
4.196787148594377292e+00,4.166666666666666297e-01,4.988274351249321614e-01,4.999999999982827625e-01,5.095229744911193848e-01
4.216867469879518104e+00,4.166666666666666297e-01,4.988548950142586147e-01,4.999999999984782728e-01,5.095497965812683105e-01
4.236947791164658916e+00,4.166666666666666297e-01,4.988817094701661348e-01,4.999999999986517452e-01,5.095756649971008301e-01
4.257028112449798840e+00,4.166666666666666297e-01,4.989078932739106076e-01,4.999999999988052890e-01,5.096016526222229004e-01
4.277108433734939652e+00,4.166666666666666297e-01,4.989334608028856977e-01,4.999999999989413468e-01,5.096276402473449707e-01
4.297188755020080464e+00,4.166666666666666297e-01,4.989584260301702101e-01,4.999999999990618060e-01,5.096530318260192871e-01
4.317269076305221276e+00,4.166666666666666297e-01,4.989828025223088659e-01,4.999999999991684985e-01,5.096780657768249512e-01
4.337349397590361200e+00,4.166666666666666297e-01,4.990066034350267854e-01,4.999999999992630340e-01,5.097028613090515137e-01
4.357429718875502012e+00,4.166666666666666297e-01,4.990298415065109183e-01,4.999999999993469668e-01,5.097275376319885254e-01
4.377510040160642824e+00,4.166666666666666297e-01,4.990525290478052822e-01,4.999999999994214073e-01,5.097519755363464355e-01
4.397590361445782747e+00,4.166666666666666297e-01,4.990746779297657865e-01,4.999999999994874100e-01,5.097760558128356934e-01
4.417670682730923559e+00,4.166666666666666297e-01,4.990962995658824730e-01,4.999999999995458078e-01,5.098003745079040527e-01
4.437751004016064371e+00,4.166666666666666297e-01,4.991174048901099725e-01,4.999999999995975997e-01,5.098239779472351074e-01
4.457831325301205183e+00,4.166666666666666297e-01,4.991380043286243184e-01,4.999999999996434519e-01,5.098474621772766113e-01
4.477911646586345107e+00,4.166666666666666297e-01,4.991581077641416564e-01,4.999999999996840860e-01,5.098707079887390137e-01
4.497991967871485919e+00,4.166666666666666297e-01,4.991777244910681754e-01,4.999999999997202238e-01,5.098934769630432129e-01
4.518072289156626731e+00,4.166666666666666297e-01,4.991968631592637595e-01,4.999999999997523092e-01,5.099162459373474121e-01
4.538152610441766655e+00,4.166666666666666297e-01,4.992155317035748552e-01,4.999999999997806754e-01,5.099388957023620605e-01
4.558232931726907466e+00,4.166666666666666297e-01,4.992337372554510044e-01,4.999999999998057665e-01,5.099613070487976074e-01
4.578313253012048278e+00,4.166666666666666297e-01,4.992514860318538195e-01,4.999999999998279154e-01,5.099831223487854004e-01
4.598393574297189090e+00,4.166666666666666297e-01,4.992687831951894140e-01,4.999999999998477329e-01,5.100051760673522949e-01
4.618473895582329014e+00,4.166666666666666297e-01,4.992856326760167218e-01,4.999999999998651634e-01,5.100271105766296387e-01
4.638554216867469826e+00,4.166666666666666297e-01,4.993020369476313114e-01,4.999999999998805955e-01,5.100483298301696777e-01
4.658634538152610638e+00,4.166666666666666297e-01,4.993179967380439455e-01,4.999999999998941957e-01,5.100693106651306152e-01
4.678714859437750562e+00,4.166666666666666297e-01,4.993335106600325091e-01,4.999999999999062972e-01,5.100907683372497559e-01
4.698795180722891374e+00,4.166666666666666297e-01,4.993485747333756275e-01,4.999999999999171219e-01,5.101119875907897949e-01
4.718875502008032186e+00,4.166666666666666297e-01,4.993631817644275106e-01,4.999999999999266143e-01,5.101323723793029785e-01
4.738955823293172998e+00,4.166666666666666297e-01,4.993773205359809952e-01,4.999999999999348854e-01,5.101527571678161621e-01
4.759036144578312921e+00,4.166666666666666297e-01,4.993909747436186541e-01,4.999999999999423794e-01,5.101729035377502441e-01
4.779116465863453733e+00,4.166666666666666297e-01,4.994041215917566223e-01,4.999999999999488187e-01,5.101932883262634277e-01
4.799196787148594545e+00,4.166666666666666297e-01,4.994167299308722718e-01,4.999999999999546474e-01,5.102130770683288574e-01
4.819277108433734469e+00,4.166666666666666297e-01,4.994287577735599948e-01,4.999999999999596434e-01,5.102327466011047363e-01
4.839357429718875281e+00,4.166666666666666297e-01,4.994401489662317339e-01,4.999999999999640843e-01,5.102525353431701660e-01
4.859437751004016093e+00,4.166666666666666297e-01,4.994508287086095732e-01,4.999999999999680256e-01,5.102717280387878418e-01
4.879518072289156905e+00,4.166666666666666297e-01,4.994606974948960776e-01,4.999999999999712452e-01,5.102905631065368652e-01
4.899598393574296828e+00,4.166666666666666297e-01,4.994696228847471109e-01,4.999999999999740208e-01,5.103098750114440918e-01
4.919678714859437640e+00,4.166666666666666297e-01,4.994774282789520847e-01,4.999999999999764633e-01,5.103283524513244629e-01
4.939759036144578452e+00,4.166666666666666297e-01,4.994838775453626090e-01,4.999999999999782396e-01,5.103474259376525879e-01
4.959839357429719264e+00,4.166666666666666297e-01,4.994886538736130754e-01,4.999999999999794054e-01,5.103656649589538574e-01
4.979919678714859188e+00,4.166666666666666297e-01,4.994913305723554520e-01,4.999999999999801270e-01,5.103842616081237793e-01
5.000000000000000000e+00,4.166666666666666297e-01,4.994913305723554520e-01,4.999999999999801270e-01,5.104025006294250488e-01
0.000000000000000000e+00,4.583333333333333148e-01,3.973146620215082803e-01,3.973146620215082803e-01,4.061092734336853027e-01
2.008032128514056214e-02,4.583333333333333148e-01,4.017165279758295737e-01,4.152215979253754963e-01,4.201204180717468262e-01
4.016064257028112428e-02,4.583333333333333148e-01,4.057183652477434621e-01,4.284819989878215774e-01,4.314426779747009277e-01
6.024096385542168641e-02,4.583333333333333148e-01,4.093789245232300478e-01,4.387706040031442156e-01,4.407199621200561523e-01
8.032128514056224855e-02,4.583333333333333148e-01,4.127462899474400593e-01,4.470421388018018805e-01,4.484365582466125488e-01
1.004016064257028107e-01,4.583333333333333148e-01,4.158601103032267821e-01,4.538707283061512165e-01,4.549478888511657715e-01
1.204819277108433728e-01,4.583333333333333148e-01,4.187533027289825349e-01,4.596191167724223425e-01,4.605101943016052246e-01
1.405622489959839350e-01,4.583333333333333148e-01,4.214533673267057412e-01,4.645274409726253273e-01,4.653096795082092285e-01
1.606425702811244971e-01,4.583333333333333148e-01,4.239834116417108278e-01,4.687618567136805914e-01,4.694867730140686035e-01
1.807228915662650592e-01,4.583333333333333148e-01,4.263629565273402977e-01,4.724421888976074735e-01,4.731464982032775879e-01
2.008032128514056214e-01,4.583333333333333148e-01,4.286085755748914594e-01,4.756581843960946965e-01,4.763717055320739746e-01
2.208835341365461835e-01,4.583333333333333148e-01,4.307344065633036956e-01,4.784793592308972943e-01,4.792286753654479980e-01
2.409638554216867457e-01,4.583333333333333148e-01,4.327525635535440784e-01,4.809611365823960871e-01,4.817668795585632324e-01
2.610441767068273355e-01,4.583333333333333148e-01,4.346734711506213267e-01,4.831487791979742208e-01,4.840283989906311035e-01
2.811244979919678699e-01,4.583333333333333148e-01,4.365061372779483473e-01,4.850799784400958159e-01,4.860473275184631348e-01
3.012048192771084043e-01,4.583333333333333148e-01,4.382583769976214350e-01,4.867866068991991146e-01,4.878516793251037598e-01
3.212851405622489942e-01,4.583333333333333148e-01,4.399369970780007133e-01,4.882959392333613424e-01,4.894638657569885254e-01
3.413654618473895841e-01,4.583333333333333148e-01,4.415479488845549527e-01,4.896315279314788493e-01,4.909053444862365723e-01
3.614457831325301185e-01,4.583333333333333148e-01,4.430964555591815346e-01,4.908138504095740928e-01,4.921924471855163574e-01
3.815261044176706529e-01,4.583333333333333148e-01,4.445871182206558858e-01,4.918608011864807894e-01,4.933412671089172363e-01
4.016064257028112428e-01,4.583333333333333148e-01,4.460240049669052520e-01,4.927880765725918821e-01,4.943653941154479980e-01
4.216867469879518326e-01,4.583333333333333148e-01,4.474107257180519048e-01,4.936094828519518307e-01,4.952763915061950684e-01
4.417670682730923670e-01,4.583333333333333148e-01,4.487504953564933619e-01,4.943371885235247065e-01,4.960871338844299316e-01
4.618473895582329014e-01,4.583333333333333148e-01,4.500461871591435736e-01,4.949819345009494054e-01,4.968068003654479980e-01
4.819277108433734913e-01,4.583333333333333148e-01,4.513003781495569244e-01,4.955532118553667154e-01,4.974444508552551270e-01
5.020080321285140812e-01,4.583333333333333148e-01,4.525153877031933281e-01,4.960594138608404591e-01,4.980084300041198730e-01
5.220883534136546711e-01,4.583333333333333148e-01,4.536933105018417511e-01,4.965079672283315704e-01,4.985075592994689941e-01
5.421686746987951500e-01,4.583333333333333148e-01,4.548360447411861074e-01,4.969054461532181333e-01,4.989475607872009277e-01
5.622489959839357399e-01,4.583333333333333148e-01,4.559453163394412978e-01,4.972576719379825372e-01,4.993355870246887207e-01
5.823293172690763297e-01,4.583333333333333148e-01,4.570226997676821168e-01,4.975698003486878074e-01,4.996777176856994629e-01
6.024096385542168086e-01,4.583333333333333148e-01,4.580696360183250104e-01,4.978463984331125136e-01,4.999783635139465332e-01
6.224899598393573985e-01,4.583333333333333148e-01,4.590874481427177911e-01,4.980915122130331607e-01,5.002433657646179199e-01
6.425702811244979884e-01,4.583333333333333148e-01,4.600773547184294765e-01,4.983087264261715776e-01,5.004755854606628418e-01
6.626506024096385783e-01,4.583333333333333148e-01,4.610404815487564312e-01,4.985012173106014854e-01,5.006806254386901855e-01
6.827309236947791682e-01,4.583333333333333148e-01,4.619778718489265246e-01,4.986717992799798993e-01,5.008603930473327637e-01
7.028112449799196471e-01,4.583333333333333148e-01,4.628904951336346718e-01,4.988229662212208537e-01,5.010189414024353027e-01
7.228915662650602370e-01,4.583333333333333148e-01,4.637792549874206194e-01,4.989569280499860371e-01,5.011581778526306152e-01
7.429718875502008268e-01,4.583333333333333148e-01,4.646449958717877582e-01,4.990756430787119391e-01,5.012813210487365723e-01
7.630522088353413057e-01,4.583333333333333148e-01,4.654885090998915897e-01,4.991808466834035118e-01,5.013905167579650879e-01
7.831325301204818956e-01,4.583333333333333148e-01,4.663105380903018182e-01,4.992740766966367594e-01,5.014864802360534668e-01
8.032128514056224855e-01,4.583333333333333148e-01,4.671117829951124123e-01,4.993566959033530761e-01,5.015724301338195801e-01
8.232931726907630754e-01,4.583333333333333148e-01,4.678929047840052480e-01,4.994299119717450219e-01,5.016489624977111816e-01
8.433734939759036653e-01,4.583333333333333148e-01,4.686545288543402243e-01,4.994947951127971519e-01,5.017182230949401855e-01
8.634538152610441442e-01,4.583333333333333148e-01,4.693972482275759472e-01,4.995522937280475473e-01,5.017804503440856934e-01
8.835341365461847341e-01,4.583333333333333148e-01,4.701216263840416465e-01,4.996032482752164050e-01,5.018371939659118652e-01
9.036144578313253239e-01,4.583333333333333148e-01,4.708281997810280228e-01,4.996484035549671465e-01,5.018895268440246582e-01
9.236947791164658028e-01,4.583333333333333148e-01,4.715174800931504762e-01,4.996884195987756905e-01,5.019375681877136230e-01
9.437751004016063927e-01,4.583333333333333148e-01,4.721899562087956137e-01,4.997238813173002225e-01,5.019826292991638184e-01
9.638554216867469826e-01,4.583333333333333148e-01,4.728460960120541290e-01,4.997553070504374140e-01,5.020245909690856934e-01
9.839357429718875725e-01,4.583333333333333148e-01,4.734863479757493443e-01,4.997831561441427595e-01,5.020648837089538574e-01
1.004016064257028162e+00,4.583333333333333148e-01,4.741111425879119823e-01,4.998078356648271714e-01,5.021031498908996582e-01
1.024096385542168752e+00,4.583333333333333148e-01,4.747208936312335426e-01,4.998297063495181214e-01,5.021407008171081543e-01
1.044176706827309342e+00,4.583333333333333148e-01,4.753159993325902222e-01,4.998490878787814617e-01,5.021764636039733887e-01
1.064257028112449710e+00,4.583333333333333148e-01,4.758968433976217827e-01,4.998662635494972584e-01,5.022121071815490723e-01
1.084337349397590300e+00,4.583333333333333148e-01,4.764637959435103487e-01,4.998814844158006587e-01,5.022472739219665527e-01
1.104417670682730890e+00,4.583333333333333148e-01,4.770172143415119526e-01,4.998949729587232049e-01,5.022826790809631348e-01
1.124497991967871480e+00,4.583333333333333148e-01,4.775574439793993653e-01,4.999069263381770711e-01,5.023176074028015137e-01
1.144578313253012070e+00,4.583333333333333148e-01,4.780848189527618364e-01,4.999175192748194774e-01,5.023525357246398926e-01
1.164658634538152659e+00,4.583333333333333148e-01,4.785996626930457132e-01,4.999269066039227494e-01,5.023879408836364746e-01
1.184738955823293249e+00,4.583333333333333148e-01,4.791022885392900998e-01,4.999352255385804411e-01,5.024239420890808105e-01
1.204819277108433617e+00,4.583333333333333148e-01,4.795930002596968111e-01,4.999425976753316125e-01,5.024601817131042480e-01
1.224899598393574207e+00,4.583333333333333148e-01,4.800720925284603369e-01,4.999491307715195343e-01,5.024976134300231934e-01
1.244979919678714797e+00,4.583333333333333148e-01,4.805398513626537582e-01,4.999549203203647596e-01,5.025350451469421387e-01
1.265060240963855387e+00,4.583333333333333148e-01,4.809965545234157758e-01,4.999600509467742593e-01,5.025739073753356934e-01
1.285140562248995977e+00,4.583333333333333148e-01,4.814424718851957885e-01,4.999645976442912421e-01,5.026127696037292480e-01
1.305220883534136567e+00,4.583333333333333148e-01,4.818778657763888029e-01,4.999686268712634218e-01,5.026528239250183105e-01
1.325301204819277157e+00,4.583333333333333148e-01,4.823029912943105346e-01,4.999721975222541359e-01,5.026937127113342285e-01
1.345381526104417746e+00,4.583333333333333148e-01,4.827180965971327176e-01,4.999753617888955670e-01,5.027351975440979004e-01
1.365461847389558336e+00,4.583333333333333148e-01,4.831234231751033170e-01,4.999781659227647279e-01,5.027781128883361816e-01
1.385542168674698704e+00,4.583333333333333148e-01,4.835192061031161614e-01,4.999806509114361752e-01,5.028215050697326660e-01
1.405622489959839294e+00,4.583333333333333148e-01,4.839056742764645258e-01,4.999828530775896618e-01,5.028654932975769043e-01
1.425702811244979884e+00,4.583333333333333148e-01,4.842830506314119710e-01,4.999848046099340526e-01,5.029106736183166504e-01
1.445783132530120474e+00,4.583333333333333148e-01,4.846515523520308344e-01,4.999865340337041886e-01,5.029569268226623535e-01
1.465863453815261064e+00,4.583333333333333148e-01,4.850113910646015603e-01,4.999880666276090291e-01,5.030036568641662598e-01
1.485943775100401654e+00,4.583333333333333148e-01,4.853627730207247248e-01,4.999894247933275859e-01,5.030515789985656738e-01
1.506024096385542244e+00,4.583333333333333148e-01,4.857058992701727140e-01,4.999906283829498865e-01,5.030995011329650879e-01
1.526104417670682611e+00,4.583333333333333148e-01,4.860409658243958764e-01,4.999916949891519691e-01,5.031488537788391113e-01
1.546184738955823201e+00,4.583333333333333148e-01,4.863681638115021633e-01,4.999926402023454064e-01,5.031985640525817871e-01
1.566265060240963791e+00,4.583333333333333148e-01,4.866876796234402835e-01,4.999934778385594081e-01,5.032498240470886230e-01
1.586345381526104381e+00,4.583333333333333148e-01,4.869996950560391280e-01,4.999942201413878906e-01,5.033010840415954590e-01
1.606425702811244971e+00,4.583333333333333148e-01,4.873043874424890509e-01,4.999948779609522664e-01,5.033532977104187012e-01
1.626506024096385561e+00,4.583333333333333148e-01,4.876019297807882569e-01,4.999954609124950267e-01,5.034062266349792480e-01
1.646586345381526151e+00,4.583333333333333148e-01,4.878924908556233064e-01,4.999959775169251497e-01,5.034596323966979980e-01
1.666666666666666741e+00,4.583333333333333148e-01,4.881762353551063471e-01,4.999964353253665839e-01,5.035143494606018066e-01
1.686746987951807331e+00,4.583333333333333148e-01,4.884533239827459350e-01,4.999968410295319021e-01,5.035691857337951660e-01
1.706827309236947698e+00,4.583333333333333148e-01,4.887239135649942279e-01,4.999972005595336166e-01,5.036243796348571777e-01
1.726907630522088288e+00,4.583333333333333148e-01,4.889881571546753625e-01,4.999975191705641753e-01,5.036801695823669434e-01
1.746987951807228878e+00,4.583333333333333148e-01,4.892462041305729592e-01,4.999978015197094616e-01,5.037366747856140137e-01
1.767068273092369468e+00,4.583333333333333148e-01,4.894982002934257226e-01,4.999980517340216757e-01,5.037938952445983887e-01
1.787148594377510058e+00,4.583333333333333148e-01,4.897442879585573450e-01,4.999982734708432464e-01,5.038508772850036621e-01
1.807228915662650648e+00,4.583333333333333148e-01,4.899846060453462160e-01,4.999984699712656244e-01,5.039088129997253418e-01
1.827309236947791238e+00,4.583333333333333148e-01,4.902192901637189015e-01,4.999986441075038868e-01,5.039672255516052246e-01
1.847389558232931606e+00,4.583333333333333148e-01,4.904484726978373121e-01,4.999987984248793760e-01,5.040257573127746582e-01
1.867469879518072196e+00,4.583333333333333148e-01,4.906722828871336040e-01,4.999989351790243286e-01,5.040845274925231934e-01
1.887550200803212785e+00,4.583333333333333148e-01,4.908908469048312018e-01,4.999990563688521683e-01,5.041437745094299316e-01
1.907630522088353375e+00,4.583333333333333148e-01,4.911042879340817846e-01,4.999991637657750787e-01,5.042036175727844238e-01
1.927710843373493965e+00,4.583333333333333148e-01,4.913127262418345853e-01,4.999992589395967912e-01,5.042632222175598145e-01
1.947791164658634555e+00,4.583333333333333148e-01,4.915162792505454736e-01,4.999993432814579530e-01,5.043231844902038574e-01
1.967871485943775145e+00,4.583333333333333148e-01,4.917150616078251879e-01,4.999994180241696395e-01,5.043836236000061035e-01
1.987951807228915735e+00,4.583333333333333148e-01,4.919091852541180310e-01,4.999994842602339951e-01,5.044440627098083496e-01
2.008032128514056325e+00,4.583333333333333148e-01,4.920987594884943528e-01,4.999995429578130701e-01,5.045043826103210449e-01
2.028112449799196693e+00,4.583333333333333148e-01,4.922838910326358119e-01,4.999995949748800017e-01,5.045654177665710449e-01
2.048192771084337505e+00,4.583333333333333148e-01,4.924646840930852476e-01,4.999996410717599260e-01,5.046262145042419434e-01
2.068273092369477872e+00,4.583333333333333148e-01,4.926412404218278307e-01,4.999996819222434219e-01,5.046872496604919434e-01
2.088353413654618684e+00,4.583333333333333148e-01,4.928136593752681094e-01,4.999997181234355215e-01,5.047481656074523926e-01
2.108433734939759052e+00,4.583333333333333148e-01,4.929820379716584600e-01,4.999997502044831732e-01,5.048093199729919434e-01
2.128514056224899420e+00,4.583333333333333148e-01,4.931464709470365637e-01,4.999997786343097217e-01,5.048704743385314941e-01
2.148594377510040232e+00,4.583333333333333148e-01,4.933070508097225360e-01,4.999998038284697022e-01,5.049315094947814941e-01
2.168674698795180600e+00,4.583333333333333148e-01,4.934638678934228917e-01,4.999998261552218159e-01,5.049924254417419434e-01
2.188755020080321412e+00,4.583333333333333148e-01,4.936170104089884214e-01,4.999998459409129015e-01,5.050534605979919434e-01
2.208835341365461780e+00,4.583333333333333148e-01,4.937665644948686094e-01,4.999998634747471193e-01,5.051140189170837402e-01
2.228915662650602592e+00,4.583333333333333148e-01,4.939126142663032293e-01,4.999998790130134596e-01,5.051749348640441895e-01
2.248995983935742959e+00,4.583333333333333148e-01,4.940552418632894183e-01,4.999998927828325779e-01,5.052359700202941895e-01
2.269076305220883327e+00,4.583333333333333148e-01,4.941945274973620350e-01,4.999999049854755850e-01,5.052964091300964355e-01
2.289156626506024139e+00,4.583333333333333148e-01,4.943305494972212721e-01,4.999999157993065269e-01,5.053570866584777832e-01
2.309236947791164507e+00,4.583333333333333148e-01,4.944633843532409423e-01,4.999999253823894096e-01,5.054169297218322754e-01
2.329317269076305319e+00,4.583333333333333148e-01,4.945931067608902998e-01,4.999999338747984634e-01,5.054773688316345215e-01
2.349397590361445687e+00,4.583333333333333148e-01,4.947197896630980973e-01,4.999999414006662812e-01,5.055373311042785645e-01
2.369477911646586499e+00,4.583333333333333148e-01,4.948435042915904081e-01,4.999999480699970911e-01,5.055974125862121582e-01
2.389558232931726867e+00,4.583333333333333148e-01,4.949643202072275261e-01,4.999999539802755244e-01,5.056566596031188965e-01
2.409638554216867234e+00,4.583333333333333148e-01,4.950823053393689777e-01,4.999999592178908103e-01,5.057155489921569824e-01
2.429718875502008046e+00,4.583333333333333148e-01,4.951975260242919008e-01,4.999999638594007090e-01,5.057745575904846191e-01
2.449799196787148414e+00,4.583333333333333148e-01,4.953100470426873847e-01,4.999999679726490620e-01,5.058336853981018066e-01
2.469879518072289226e+00,4.583333333333333148e-01,4.954199316562589717e-01,4.999999716177587206e-01,5.058917403221130371e-01
2.489959839357429594e+00,4.583333333333333148e-01,4.955272416434464144e-01,4.999999748480098427e-01,5.059501528739929199e-01
2.510040160642570406e+00,4.583333333333333148e-01,4.956320373342980035e-01,4.999999777106181598e-01,5.060078501701354980e-01
2.530120481927710774e+00,4.583333333333333148e-01,4.957343776445115591e-01,4.999999802474261457e-01,5.060656666755676270e-01
2.550200803212851586e+00,4.583333333333333148e-01,4.958343201086664043e-01,4.999999824955138616e-01,5.061227679252624512e-01
2.570281124497991954e+00,4.583333333333333148e-01,4.959319209126660244e-01,4.999999844877414668e-01,5.061796307563781738e-01
2.590361445783132321e+00,4.583333333333333148e-01,4.960272349254112312e-01,4.999999862532288342e-01,5.062366127967834473e-01
2.610441767068273133e+00,4.583333333333333148e-01,4.961203157297226496e-01,4.999999878177818213e-01,5.062928795814514160e-01
2.630522088353413501e+00,4.583333333333333148e-01,4.962112156525316231e-01,4.999999892042694127e-01,5.063480734825134277e-01
2.650602409638554313e+00,4.583333333333333148e-01,4.962999857943569681e-01,4.999999904329575640e-01,5.064039826393127441e-01
2.670682730923694681e+00,4.583333333333333148e-01,4.963866760580853965e-01,4.999999915218056867e-01,5.064594149589538574e-01
2.690763052208835493e+00,4.583333333333333148e-01,4.964713351770724814e-01,4.999999924867294387e-01,5.065138936042785645e-01
2.710843373493975861e+00,4.583333333333333148e-01,4.965540107425801541e-01,4.999999933418328713e-01,5.065683722496032715e-01
2.730923694779116673e+00,4.583333333333333148e-01,4.966347492305681621e-01,4.999999940996149861e-01,5.066224932670593262e-01
2.751004016064257041e+00,4.583333333333333148e-01,4.967135960278531992e-01,4.999999947711520898e-01,5.066761374473571777e-01
2.771084337349397408e+00,4.583333333333333148e-01,4.967905954576527505e-01,4.999999953662599972e-01,5.067290663719177246e-01
2.791164658634538220e+00,4.583333333333333148e-01,4.968657908045267524e-01,4.999999958936372502e-01,5.067822337150573730e-01
2.811244979919678588e+00,4.583333333333333148e-01,4.969392243387335539e-01,4.999999963609924047e-01,5.068339705467224121e-01
2.831325301204819400e+00,4.583333333333333148e-01,4.970109373400116715e-01,4.999999967751568852e-01,5.068866610527038574e-01
2.851405622489959768e+00,4.583333333333333148e-01,4.970809701208030451e-01,4.999999971421842937e-01,5.069380402565002441e-01
2.871485943775100580e+00,4.583333333333333148e-01,4.971493620489302878e-01,4.999999974674394498e-01,5.069890618324279785e-01
2.891566265060240948e+00,4.583333333333333148e-01,4.972161515697412493e-01,4.999999977556764397e-01,5.070402026176452637e-01
2.911646586345381316e+00,4.583333333333333148e-01,4.972813762277324967e-01,4.999999980111085596e-01,5.070902705192565918e-01
2.931726907630522128e+00,4.583333333333333148e-01,4.973450726876660899e-01,4.999999982374691010e-01,5.071401000022888184e-01
2.951807228915662495e+00,4.583333333333333148e-01,4.974072767551898089e-01,4.999999984380669171e-01,5.071895718574523926e-01
2.971887550200803307e+00,4.583333333333333148e-01,4.974680233969732135e-01,4.999999986158344401e-01,5.072384476661682129e-01
2.991967871485943675e+00,4.583333333333333148e-01,4.975273467603709143e-01,4.999999987733700357e-01,5.072873234748840332e-01
3.012048192771084487e+00,4.583333333333333148e-01,4.975852801926252122e-01,4.999999989129759181e-01,5.073356032371520996e-01
3.032128514056224855e+00,4.583333333333333148e-01,4.976418562596166550e-01,4.999999990366930658e-01,5.073831677436828613e-01
3.052208835341365223e+00,4.583333333333333148e-01,4.976971067641764446e-01,4.999999991463294213e-01,5.074303746223449707e-01
3.072289156626506035e+00,4.583333333333333148e-01,4.977510627639671892e-01,4.999999992434878693e-01,5.074773430824279785e-01
3.092369477911646403e+00,4.583333333333333148e-01,4.978037545889458793e-01,4.999999993295884404e-01,5.075240731239318848e-01
3.112449799196787215e+00,4.583333333333333148e-01,4.978552118584164132e-01,4.999999994058897945e-01,5.075696110725402832e-01
3.132530120481927582e+00,4.583333333333333148e-01,4.979054634976818883e-01,4.999999994735069286e-01,5.076155066490173340e-01
3.152610441767068394e+00,4.583333333333333148e-01,4.979545377543069251e-01,4.999999995334286074e-01,5.076602101325988770e-01
3.172690763052208762e+00,4.583333333333333148e-01,4.980024622139984647e-01,4.999999995865302416e-01,5.077051520347595215e-01
3.192771084337349574e+00,4.583333333333333148e-01,4.980492638161134189e-01,4.999999996335882657e-01,5.077494978904724121e-01
3.212851405622489942e+00,4.583333333333333148e-01,4.980949688688033894e-01,4.999999996752906295e-01,5.077932476997375488e-01
3.232931726907630310e+00,4.583333333333333148e-01,4.981396030638039485e-01,4.999999997122466788e-01,5.078369975090026855e-01
3.253012048192771122e+00,4.583333333333333148e-01,4.981831914908765868e-01,4.999999997449965927e-01,5.078799128532409668e-01
3.273092369477911490e+00,4.583333333333333148e-01,4.982257586519125425e-01,4.999999997740190993e-01,5.079223513603210449e-01
3.293172690763052302e+00,4.583333333333333148e-01,4.982673284747051179e-01,4.999999997997384704e-01,5.079644322395324707e-01
3.313253012048192669e+00,4.583333333333333148e-01,4.983079243263993652e-01,4.999999998225307940e-01,5.080065131187438965e-01
3.333333333333333481e+00,4.583333333333333148e-01,4.983475690266256919e-01,4.999999998427292480e-01,5.080477595329284668e-01
3.353413654618473849e+00,4.583333333333333148e-01,4.983862848603256013e-01,4.999999998606288742e-01,5.080890059471130371e-01
3.373493975903614661e+00,4.583333333333333148e-01,4.984240935902759517e-01,4.999999998764910747e-01,5.081294178962707520e-01
3.393574297188755029e+00,4.583333333333333148e-01,4.984610164693193401e-01,4.999999998905479415e-01,5.081693530082702637e-01
3.413654618473895397e+00,4.583333333333333148e-01,4.984970742523068821e-01,4.999999999030051989e-01,5.082091689109802246e-01
3.433734939759036209e+00,4.583333333333333148e-01,4.985322872077606604e-01,4.999999999140444795e-01,5.082483887672424316e-01
3.453815261044176577e+00,4.583333333333333148e-01,4.985666751292611720e-01,4.999999999238275983e-01,5.082874894142150879e-01
3.473895582329317389e+00,4.583333333333333148e-01,4.986002573465675991e-01,4.999999999324973854e-01,5.083258748054504395e-01
3.493975903614457756e+00,4.583333333333333148e-01,4.986330527364754017e-01,4.999999999401804063e-01,5.083636641502380371e-01
3.514056224899598568e+00,4.583333333333333148e-01,4.986650797334183927e-01,4.999999999469890155e-01,5.084021687507629395e-01
3.534136546184738936e+00,4.583333333333333148e-01,4.986963563398204569e-01,4.999999999530228001e-01,5.084390044212341309e-01
3.554216867469879304e+00,4.583333333333333148e-01,4.987269001362023557e-01,4.999999999583698007e-01,5.084759593009948730e-01
3.574297188755020116e+00,4.583333333333333148e-01,4.987567282910490563e-01,4.999999999631080660e-01,5.085129141807556152e-01
3.594377510040160484e+00,4.583333333333333148e-01,4.987858575704438024e-01,4.999999999673070961e-01,5.085483193397521973e-01
3.614457831325301296e+00,4.583333333333333148e-01,4.988143043474718707e-01,4.999999999710282306e-01,5.085846781730651855e-01
3.634538152610441664e+00,4.583333333333333148e-01,4.988420846114006157e-01,4.999999999743257595e-01,5.086200833320617676e-01
3.654618473895582476e+00,4.583333333333333148e-01,4.988692139766399691e-01,4.999999999772479775e-01,5.086550116539001465e-01
3.674698795180722843e+00,4.583333333333333148e-01,4.988957076914871114e-01,4.999999999798376837e-01,5.086902976036071777e-01
3.694779116465863211e+00,4.583333333333333148e-01,4.989215806466602565e-01,4.999999999821326258e-01,5.087239146232604980e-01
3.714859437751004023e+00,4.583333333333333148e-01,4.989468473836248807e-01,4.999999999841663323e-01,5.087580084800720215e-01
3.734939759036144391e+00,4.583333333333333148e-01,4.989715221027168912e-01,4.999999999859686128e-01,5.087917447090148926e-01
3.755020080321285203e+00,4.583333333333333148e-01,4.989956186710640673e-01,4.999999999875656687e-01,5.088252425193786621e-01
3.775100401606425571e+00,4.583333333333333148e-01,4.990191506303122138e-01,4.999999999889809255e-01,5.088583827018737793e-01
3.795180722891566383e+00,4.583333333333333148e-01,4.990421312041548041e-01,4.999999999902351444e-01,5.088908076286315918e-01
3.815261044176706751e+00,4.583333333333333148e-01,4.990645733056716105e-01,4.999999999913464777e-01,5.089231133460998535e-01
3.835341365461847563e+00,4.583333333333333148e-01,4.990864895444759308e-01,4.999999999923314675e-01,5.089549422264099121e-01
3.855421686746987930e+00,4.583333333333333148e-01,4.991078922336736334e-01,4.999999999932042694e-01,5.089865326881408691e-01
3.875502008032128298e+00,4.583333333333333148e-01,4.991287933966331858e-01,4.999999999939777062e-01,5.090175271034240723e-01
3.895582329317269110e+00,4.583333333333333148e-01,4.991492047735673898e-01,4.999999999946631579e-01,5.090487599372863770e-01
3.915662650602409478e+00,4.583333333333333148e-01,4.991691378279277669e-01,4.999999999952706164e-01,5.090792775154113770e-01
3.935742971887550290e+00,4.583333333333333148e-01,4.991886037526073183e-01,4.999999999958089636e-01,5.091094374656677246e-01
3.955823293172690658e+00,4.583333333333333148e-01,4.992076134759524386e-01,4.999999999962861930e-01,5.091397166252136230e-01
3.975903614457831470e+00,4.583333333333333148e-01,4.992261776675780971e-01,4.999999999967091324e-01,5.091692805290222168e-01
3.995983935742971838e+00,4.583333333333333148e-01,4.992443067439834015e-01,4.999999999970837772e-01,5.091989636421203613e-01
4.016064257028112650e+00,4.583333333333333148e-01,4.992620108739606044e-01,4.999999999974157339e-01,5.092279314994812012e-01
4.036144578313252573e+00,4.583333333333333148e-01,4.992792999837894485e-01,4.999999999977099985e-01,5.092561841011047363e-01
4.056224899598393385e+00,4.583333333333333148e-01,4.992961837622081900e-01,4.999999999979709009e-01,5.092850327491760254e-01
4.076305220883534197e+00,4.583333333333333148e-01,4.993126716651473118e-01,4.999999999982020493e-01,5.093130469322204590e-01
4.096385542168675009e+00,4.583333333333333148e-01,4.993287729202130487e-01,4.999999999984067744e-01,5.093411803245544434e-01
4.116465863453814933e+00,4.583333333333333148e-01,4.993444965309003503e-01,4.999999999985884069e-01,5.093685984611511230e-01
4.136546184738955745e+00,4.583333333333333148e-01,4.993598512805152434e-01,4.999999999987492783e-01,5.093961358070373535e-01
4.156626506024096557e+00,4.583333333333333148e-01,4.993748457357776727e-01,4.999999999988917754e-01,5.094230771064758301e-01
4.176706827309237369e+00,4.583333333333333148e-01,4.993894882500750088e-01,4.999999999990182298e-01,5.094495415687561035e-01
4.196787148594377292e+00,4.583333333333333148e-01,4.994037869663250362e-01,4.999999999991300847e-01,5.094762444496154785e-01
4.216867469879518104e+00,4.583333333333333148e-01,4.994177498194038445e-01,4.999999999992292832e-01,5.095024704933166504e-01
4.236947791164658916e+00,4.583333333333333148e-01,4.994313845380805583e-01,4.999999999993173239e-01,5.095285773277282715e-01
4.257028112449798840e+00,4.583333333333333148e-01,4.994446986463921823e-01,4.999999999993953170e-01,5.095542073249816895e-01
4.277108433734939652e+00,4.583333333333333148e-01,4.994576994643766810e-01,4.999999999994642619e-01,5.095794796943664551e-01
4.297188755020080464e+00,4.583333333333333148e-01,4.994703941080635978e-01,4.999999999995252686e-01,5.096048712730407715e-01
4.317269076305221276e+00,4.583333333333333148e-01,4.994827894886027519e-01,4.999999999995792810e-01,5.096296668052673340e-01
4.337349397590361200e+00,4.583333333333333148e-01,4.994948923103829097e-01,4.999999999996271316e-01,5.096544623374938965e-01
4.357429718875502012e+00,4.583333333333333148e-01,4.995067090679600197e-01,4.999999999996695976e-01,5.096787810325622559e-01
4.377510040160642824e+00,4.583333333333333148e-01,4.995182460415723558e-01,4.999999999997074562e-01,5.097029805183410645e-01
4.397590361445782747e+00,4.583333333333333148e-01,4.995295092909677326e-01,4.999999999997410405e-01,5.097267031669616699e-01
4.417670682730923559e+00,4.583333333333333148e-01,4.995405046471997901e-01,4.999999999997706834e-01,5.097505450248718262e-01
4.437751004016064371e+00,4.583333333333333148e-01,4.995512377019645789e-01,4.999999999997969402e-01,5.097741484642028809e-01
4.457831325301205183e+00,4.583333333333333148e-01,4.995617137939391550e-01,4.999999999998202549e-01,5.097975134849548340e-01
4.477911646586345107e+00,4.583333333333333148e-01,4.995719379914366765e-01,4.999999999998408495e-01,5.098206400871276855e-01
4.497991967871485919e+00,4.583333333333333148e-01,4.995819150705086975e-01,4.999999999998591127e-01,5.098432898521423340e-01
4.518072289156626731e+00,4.583333333333333148e-01,4.995916494873757774e-01,4.999999999998755440e-01,5.098659396171569824e-01
4.538152610441766655e+00,4.583333333333333148e-01,4.996011453437473326e-01,4.999999999998900879e-01,5.098883509635925293e-01
4.558232931726907466e+00,4.583333333333333148e-01,4.996104063431571762e-01,4.999999999999028000e-01,5.099105238914489746e-01
4.578313253012048278e+00,4.583333333333333148e-01,4.996194357358766380e-01,4.999999999999140132e-01,5.099324584007263184e-01
4.598393574297189090e+00,4.583333333333333148e-01,4.996282362491974438e-01,4.999999999999241163e-01,5.099542737007141113e-01
4.618473895582329014e+00,4.583333333333333148e-01,4.996368099988592326e-01,4.999999999999329980e-01,5.099757313728332520e-01
4.638554216867469826e+00,4.583333333333333148e-01,4.996451583760125326e-01,4.999999999999407696e-01,5.099971890449523926e-01
4.658634538152610638e+00,4.583333333333333148e-01,4.996532819022480587e-01,4.999999999999476530e-01,5.100180506706237793e-01
4.678714859437750562e+00,4.583333333333333148e-01,4.996611800426947192e-01,4.999999999999537592e-01,5.100395083427429199e-01
4.698795180722891374e+00,4.583333333333333148e-01,4.996688509637486897e-01,4.999999999999592548e-01,5.100598931312561035e-01
4.718875502008032186e+00,4.583333333333333148e-01,4.996762912172960647e-01,4.999999999999639733e-01,5.100805163383483887e-01
4.738955823293172998e+00,4.583333333333333148e-01,4.996834953268604052e-01,4.999999999999682476e-01,5.101007819175720215e-01
4.759036144578312921e+00,4.583333333333333148e-01,4.996904552422565260e-01,4.999999999999720224e-01,5.101209282875061035e-01
4.779116465863453733e+00,4.583333333333333148e-01,4.996971596171390084e-01,4.999999999999751865e-01,5.101408362388610840e-01
4.799196787148594545e+00,4.583333333333333148e-01,4.997035928469592547e-01,4.999999999999780731e-01,5.101608633995056152e-01
4.819277108433734469e+00,4.583333333333333148e-01,4.997097337814272455e-01,4.999999999999806821e-01,5.101806521415710449e-01
4.839357429718875281e+00,4.583333333333333148e-01,4.997155539929489798e-01,4.999999999999830136e-01,5.101998448371887207e-01
4.859437751004016093e+00,4.583333333333333148e-01,4.997210154369131074e-01,4.999999999999850675e-01,5.102191567420959473e-01
4.879518072289156905e+00,4.583333333333333148e-01,4.997260672757182220e-01,4.999999999999867328e-01,5.102385878562927246e-01
4.899598393574296828e+00,4.583333333333333148e-01,4.997306415483271369e-01,4.999999999999881206e-01,5.102574229240417480e-01
4.919678714859437640e+00,4.583333333333333148e-01,4.997346472397241612e-01,4.999999999999892308e-01,5.102757811546325684e-01
4.939759036144578452e+00,4.583333333333333148e-01,4.997379621237704739e-01,4.999999999999901745e-01,5.102946162223815918e-01
4.959839357429719264e+00,4.583333333333333148e-01,4.997404214950791346e-01,4.999999999999907851e-01,5.103136897087097168e-01
4.979919678714859188e+00,4.583333333333333148e-01,4.997418025363090655e-01,4.999999999999910627e-01,5.103315711021423340e-01
5.000000000000000000e+00,4.583333333333333148e-01,4.997418025363090655e-01,4.999999999999910627e-01,5.103499293327331543e-01
0.000000000000000000e+00,5.000000000000000000e-01,5.000000000000000000e-01,5.000000000000000000e-01,5.003611445426940918e-01
2.008032128514056214e-02,5.000000000000000000e-01,5.000000000000000000e-01,5.000000000000002220e-01,4.998959898948669434e-01
4.016064257028112428e-02,5.000000000000000000e-01,4.999999999999999445e-01,5.000000000000002220e-01,4.997561573982238770e-01
6.024096385542168641e-02,5.000000000000000000e-01,5.000000000000000000e-01,5.000000000000003331e-01,4.997447729110717773e-01
8.032128514056224855e-02,5.000000000000000000e-01,4.999999999999999445e-01,5.000000000000005551e-01,4.997857213020324707e-01
1.004016064257028107e-01,5.000000000000000000e-01,5.000000000000000000e-01,5.000000000000006661e-01,4.998493790626525879e-01
1.204819277108433728e-01,5.000000000000000000e-01,5.000000000000000000e-01,5.000000000000005551e-01,4.999265074729919434e-01
1.405622489959839350e-01,5.000000000000000000e-01,5.000000000000000000e-01,5.000000000000008882e-01,5.000101923942565918e-01
1.606425702811244971e-01,5.000000000000000000e-01,5.000000000000000000e-01,5.000000000000011102e-01,5.000998377799987793e-01
1.807228915662650592e-01,5.000000000000000000e-01,5.000000000000000000e-01,5.000000000000013323e-01,5.001946091651916504e-01
2.008032128514056214e-01,5.000000000000000000e-01,5.000000000000000000e-01,5.000000000000015543e-01,5.002943873405456543e-01
2.208835341365461835e-01,5.000000000000000000e-01,4.999999999999999445e-01,5.000000000000016653e-01,5.003997683525085449e-01
2.409638554216867457e-01,5.000000000000000000e-01,4.999999999999998890e-01,5.000000000000017764e-01,5.005097985267639160e-01
2.610441767068273355e-01,5.000000000000000000e-01,4.999999999999998890e-01,5.000000000000017764e-01,5.006240010261535645e-01
2.811244979919678699e-01,5.000000000000000000e-01,4.999999999999998335e-01,5.000000000000017764e-01,5.007409453392028809e-01
3.012048192771084043e-01,5.000000000000000000e-01,4.999999999999998335e-01,5.000000000000016653e-01,5.008583664894104004e-01
3.212851405622489942e-01,5.000000000000000000e-01,4.999999999999998890e-01,5.000000000000016653e-01,5.009753108024597168e-01
3.413654618473895841e-01,5.000000000000000000e-01,4.999999999999999445e-01,5.000000000000015543e-01,5.010889172554016113e-01
3.614457831325301185e-01,5.000000000000000000e-01,5.000000000000000000e-01,5.000000000000015543e-01,5.011978745460510254e-01
3.815261044176706529e-01,5.000000000000000000e-01,5.000000000000000000e-01,5.000000000000015543e-01,5.013013482093811035e-01
4.016064257028112428e-01,5.000000000000000000e-01,5.000000000000000000e-01,5.000000000000014433e-01,5.013980269432067871e-01
4.216867469879518326e-01,5.000000000000000000e-01,5.000000000000000000e-01,5.000000000000013323e-01,5.014876723289489746e-01
4.417670682730923670e-01,5.000000000000000000e-01,4.999999999999999445e-01,5.000000000000012212e-01,5.015690922737121582e-01
4.618473895582329014e-01,5.000000000000000000e-01,5.000000000000000000e-01,5.000000000000012212e-01,5.016425251960754395e-01
4.819277108433734913e-01,5.000000000000000000e-01,5.000000000000000000e-01,5.000000000000012212e-01,5.017089247703552246e-01
5.020080321285140812e-01,5.000000000000000000e-01,4.999999999999999445e-01,5.000000000000013323e-01,5.017678141593933105e-01
5.220883534136546711e-01,5.000000000000000000e-01,5.000000000000000000e-01,5.000000000000014433e-01,5.018193125724792480e-01
5.421686746987951500e-01,5.000000000000000000e-01,5.000000000000000000e-01,5.000000000000013323e-01,5.018641352653503418e-01
5.622489959839357399e-01,5.000000000000000000e-01,4.999999999999999445e-01,5.000000000000014433e-01,5.019034743309020996e-01
5.823293172690763297e-01,5.000000000000000000e-01,5.000000000000000000e-01,5.000000000000015543e-01,5.019374489784240723e-01
6.024096385542168086e-01,5.000000000000000000e-01,5.000000000000000000e-01,5.000000000000014433e-01,5.019667744636535645e-01
6.224899598393573985e-01,5.000000000000000000e-01,5.000000000000000000e-01,5.000000000000014433e-01,5.019921660423278809e-01
6.425702811244979884e-01,5.000000000000000000e-01,5.000000000000000000e-01,5.000000000000013323e-01,5.020141005516052246e-01
6.626506024096385783e-01,5.000000000000000000e-01,5.000000000000000000e-01,5.000000000000013323e-01,5.020332932472229004e-01
6.827309236947791682e-01,5.000000000000000000e-01,5.000000000000000000e-01,5.000000000000014433e-01,5.020499825477600098e-01
7.028112449799196471e-01,5.000000000000000000e-01,5.000000000000000000e-01,5.000000000000014433e-01,5.020648837089538574e-01
7.228915662650602370e-01,5.000000000000000000e-01,5.000000000000000000e-01,5.000000000000016653e-01,5.020782351493835449e-01
7.429718875502008268e-01,5.000000000000000000e-01,4.999999999999999445e-01,5.000000000000016653e-01,5.020906329154968262e-01
7.630522088353413057e-01,5.000000000000000000e-01,5.000000000000000000e-01,5.000000000000015543e-01,5.021027922630310059e-01
7.831325301204818956e-01,5.000000000000000000e-01,5.000000000000000000e-01,5.000000000000014433e-01,5.021142363548278809e-01
8.032128514056224855e-01,5.000000000000000000e-01,5.000000000000000000e-01,5.000000000000013323e-01,5.021254420280456543e-01
8.232931726907630754e-01,5.000000000000000000e-01,5.000000000000000000e-01,5.000000000000011102e-01,5.021376013755798340e-01
8.433734939759036653e-01,5.000000000000000000e-01,4.999999999999999445e-01,5.000000000000011102e-01,5.021495223045349121e-01
8.634538152610441442e-01,5.000000000000000000e-01,5.000000000000000000e-01,5.000000000000013323e-01,5.021623969078063965e-01
8.835341365461847341e-01,5.000000000000000000e-01,5.000000000000000000e-01,5.000000000000013323e-01,5.021756291389465332e-01
9.036144578313253239e-01,5.000000000000000000e-01,5.000000000000000000e-01,5.000000000000012212e-01,5.021900534629821777e-01
9.236947791164658028e-01,5.000000000000000000e-01,5.000000000000000000e-01,5.000000000000013323e-01,5.022056698799133301e-01
9.437751004016063927e-01,5.000000000000000000e-01,5.000000000000000000e-01,5.000000000000015543e-01,5.022218823432922363e-01
9.638554216867469826e-01,5.000000000000000000e-01,5.000000000000000000e-01,5.000000000000015543e-01,5.022395253181457520e-01
9.839357429718875725e-01,5.000000000000000000e-01,5.000000000000000000e-01,5.000000000000017764e-01,5.022582411766052246e-01
1.004016064257028162e+00,5.000000000000000000e-01,5.000000000000000000e-01,5.000000000000017764e-01,5.022781491279602051e-01
1.024096385542168752e+00,5.000000000000000000e-01,5.000000000000000000e-01,5.000000000000017764e-01,5.022988915443420410e-01
1.044176706827309342e+00,5.000000000000000000e-01,5.000000000000000000e-01,5.000000000000016653e-01,5.023217797279357910e-01
1.064257028112449710e+00,5.000000000000000000e-01,5.000000000000000000e-01,5.000000000000016653e-01,5.023455023765563965e-01
1.084337349397590300e+00,5.000000000000000000e-01,5.000000000000000000e-01,5.000000000000017764e-01,5.023704171180725098e-01
1.104417670682730890e+00,5.000000000000000000e-01,5.000000000000000000e-01,5.000000000000018874e-01,5.023968815803527832e-01
1.124497991967871480e+00,5.000000000000000000e-01,5.000000000000000000e-01,5.000000000000019984e-01,5.024246573448181152e-01
1.144578313253012070e+00,5.000000000000000000e-01,5.000000000000000000e-01,5.000000000000019984e-01,5.024535059928894043e-01
1.164658634538152659e+00,5.000000000000000000e-01,5.000000000000000000e-01,5.000000000000019984e-01,5.024836659431457520e-01
1.184738955823293249e+00,5.000000000000000000e-01,5.000000000000000000e-01,5.000000000000018874e-01,5.025148987770080566e-01
1.204819277108433617e+00,5.000000000000000000e-01,5.000000000000000000e-01,5.000000000000017764e-01,5.025474429130554199e-01
1.224899598393574207e+00,5.000000000000000000e-01,5.000000000000000000e-01,5.000000000000015543e-01,5.025812983512878418e-01
1.244979919678714797e+00,5.000000000000000000e-01,4.999999999999999445e-01,5.000000000000014433e-01,5.026168227195739746e-01
1.265060240963855387e+00,5.000000000000000000e-01,5.000000000000000000e-01,5.000000000000014433e-01,5.026533007621765137e-01
1.285140562248995977e+00,5.000000000000000000e-01,5.000000000000000000e-01,5.000000000000015543e-01,5.026900172233581543e-01
1.305220883534136567e+00,5.000000000000000000e-01,5.000000000000000000e-01,5.000000000000017764e-01,5.027285218238830566e-01
1.325301204819277157e+00,5.000000000000000000e-01,5.000000000000000000e-01,5.000000000000017764e-01,5.027682185173034668e-01
1.345381526104417746e+00,5.000000000000000000e-01,5.000000000000000000e-01,5.000000000000018874e-01,5.028087496757507324e-01
1.365461847389558336e+00,5.000000000000000000e-01,5.000000000000000000e-01,5.000000000000017764e-01,5.028505921363830566e-01
1.385542168674698704e+00,5.000000000000000000e-01,5.000000000000000000e-01,5.000000000000019984e-01,5.028931498527526855e-01
1.405622489959839294e+00,5.000000000000000000e-01,5.000000000000000000e-01,5.000000000000019984e-01,5.029365420341491699e-01
1.425702811244979884e+00,5.000000000000000000e-01,5.000000000000000000e-01,5.000000000000018874e-01,5.029814839363098145e-01
1.445783132530120474e+00,5.000000000000000000e-01,5.000000000000000000e-01,5.000000000000019984e-01,5.030267834663391113e-01
1.465863453815261064e+00,5.000000000000000000e-01,5.000000000000000000e-01,5.000000000000019984e-01,5.030733942985534668e-01
1.485943775100401654e+00,5.000000000000000000e-01,5.000000000000000000e-01,5.000000000000017764e-01,5.031203627586364746e-01
1.506024096385542244e+00,5.000000000000000000e-01,5.000000000000000000e-01,5.000000000000016653e-01,5.031685233116149902e-01
1.526104417670682611e+00,5.000000000000000000e-01,5.000000000000000000e-01,5.000000000000015543e-01,5.032173991203308105e-01
1.546184738955823201e+00,5.000000000000000000e-01,5.000000000000000000e-01,5.000000000000015543e-01,5.032672286033630371e-01
1.566265060240963791e+00,5.000000000000000000e-01,5.000000000000000000e-01,5.000000000000014433e-01,5.033175349235534668e-01
1.586345381526104381e+00,5.000000000000000000e-01,5.000000000000000000e-01,5.000000000000013323e-01,5.033689141273498535e-01
1.606425702811244971e+00,5.000000000000000000e-01,5.000000000000000000e-01,5.000000000000015543e-01,5.034204125404357910e-01
1.626506024096385561e+00,5.000000000000000000e-01,5.000000000000000000e-01,5.000000000000017764e-01,5.034733414649963379e-01
1.646586345381526151e+00,5.000000000000000000e-01,5.000000000000000000e-01,5.000000000000017764e-01,5.035260319709777832e-01
1.666666666666666741e+00,5.000000000000000000e-01,5.000000000000000000e-01,5.000000000000016653e-01,5.035799145698547363e-01
1.686746987951807331e+00,5.000000000000000000e-01,5.000000000000000000e-01,5.000000000000016653e-01,5.036342740058898926e-01
1.706827309236947698e+00,5.000000000000000000e-01,5.000000000000000000e-01,5.000000000000015543e-01,5.036888718605041504e-01
1.726907630522088288e+00,5.000000000000000000e-01,5.000000000000000000e-01,5.000000000000017764e-01,5.037444233894348145e-01
1.746987951807228878e+00,5.000000000000000000e-01,5.000000000000000000e-01,5.000000000000018874e-01,5.038004517555236816e-01
1.767068273092369468e+00,5.000000000000000000e-01,5.000000000000000000e-01,5.000000000000019984e-01,5.038562417030334473e-01
1.787148594377510058e+00,5.000000000000000000e-01,5.000000000000000000e-01,5.000000000000019984e-01,5.039131045341491699e-01
1.807228915662650648e+00,5.000000000000000000e-01,5.000000000000000000e-01,5.000000000000021094e-01,5.039700865745544434e-01
1.827309236947791238e+00,5.000000000000000000e-01,5.000000000000000000e-01,5.000000000000022204e-01,5.040276646614074707e-01
1.847389558232931606e+00,5.000000000000000000e-01,5.000000000000000000e-01,5.000000000000023315e-01,5.040852427482604980e-01
1.867469879518072196e+00,5.000000000000000000e-01,5.000000000000000000e-01,5.000000000000021094e-01,5.041434168815612793e-01
1.887550200803212785e+00,5.000000000000000000e-01,5.000000000000000000e-01,5.000000000000019984e-01,5.042019486427307129e-01
1.907630522088353375e+00,5.000000000000000000e-01,5.000000000000000000e-01,5.000000000000016653e-01,5.042607188224792480e-01
1.927710843373493965e+00,5.000000000000000000e-01,5.000000000000000000e-01,5.000000000000015543e-01,5.043196082115173340e-01
1.947791164658634555e+00,5.000000000000000000e-01,5.000000000000000000e-01,5.000000000000016653e-01,5.043783783912658691e-01
1.967871485943775145e+00,5.000000000000000000e-01,5.000000000000000000e-01,5.000000000000016653e-01,5.044376254081726074e-01
1.987951807228915735e+00,5.000000000000000000e-01,5.000000000000000000e-01,5.000000000000015543e-01,5.044973492622375488e-01
2.008032128514056325e+00,5.000000000000000000e-01,5.000000000000000000e-01,5.000000000000014433e-01,5.045568346977233887e-01
2.028112449799196693e+00,5.000000000000000000e-01,5.000000000000000000e-01,5.000000000000014433e-01,5.046160817146301270e-01
2.048192771084337505e+00,5.000000000000000000e-01,5.000000000000000000e-01,5.000000000000014433e-01,5.046760439872741699e-01
2.068273092369477872e+00,5.000000000000000000e-01,5.000000000000000000e-01,5.000000000000014433e-01,5.047360062599182129e-01
2.088353413654618684e+00,5.000000000000000000e-01,5.000000000000000000e-01,5.000000000000015543e-01,5.047958493232727051e-01
2.108433734939759052e+00,5.000000000000000000e-01,5.000000000000000000e-01,5.000000000000016653e-01,5.048556923866271973e-01
2.128514056224899420e+00,5.000000000000000000e-01,5.000000000000000000e-01,5.000000000000014433e-01,5.049158930778503418e-01
2.148594377510040232e+00,5.000000000000000000e-01,5.000000000000000000e-01,5.000000000000015543e-01,5.049752593040466309e-01
2.168674698795180600e+00,5.000000000000000000e-01,5.000000000000000000e-01,5.000000000000014433e-01,5.050353407859802246e-01
2.188755020080321412e+00,5.000000000000000000e-01,5.000000000000000000e-01,5.000000000000017764e-01,5.050949454307556152e-01
2.208835341365461780e+00,5.000000000000000000e-01,5.000000000000000000e-01,5.000000000000018874e-01,5.051549077033996582e-01
2.228915662650602592e+00,5.000000000000000000e-01,5.000000000000000000e-01,5.000000000000017764e-01,5.052145123481750488e-01
2.248995983935742959e+00,5.000000000000000000e-01,5.000000000000000000e-01,5.000000000000017764e-01,5.052737593650817871e-01
2.269076305220883327e+00,5.000000000000000000e-01,5.000000000000000000e-01,5.000000000000017764e-01,5.053334832191467285e-01
2.289156626506024139e+00,5.000000000000000000e-01,5.000000000000000000e-01,5.000000000000017764e-01,5.053923726081848145e-01
2.309236947791164507e+00,5.000000000000000000e-01,5.000000000000000000e-01,5.000000000000017764e-01,5.054518580436706543e-01
2.329317269076305319e+00,5.000000000000000000e-01,5.000000000000000000e-01,5.000000000000016653e-01,5.055107474327087402e-01
2.349397590361445687e+00,5.000000000000000000e-01,5.000000000000000000e-01,5.000000000000016653e-01,5.055693984031677246e-01
2.369477911646586499e+00,5.000000000000000000e-01,5.000000000000000000e-01,5.000000000000017764e-01,5.056276917457580566e-01
2.389558232931726867e+00,5.000000000000000000e-01,5.000000000000000000e-01,5.000000000000019984e-01,5.056855082511901855e-01
2.409638554216867234e+00,5.000000000000000000e-01,5.000000000000000000e-01,5.000000000000019984e-01,5.057439208030700684e-01
2.429718875502008046e+00,5.000000000000000000e-01,5.000000000000000000e-01,5.000000000000021094e-01,5.058018565177917480e-01
2.449799196787148414e+00,5.000000000000000000e-01,5.000000000000000000e-01,5.000000000000021094e-01,5.058590769767761230e-01
2.469879518072289226e+00,5.000000000000000000e-01,5.000000000000000000e-01,5.000000000000019984e-01,5.059165358543395996e-01
2.489959839357429594e+00,5.000000000000000000e-01,5.000000000000000000e-01,5.000000000000021094e-01,5.059735178947448730e-01
2.510040160642570406e+00,5.000000000000000000e-01,5.000000000000000000e-01,5.000000000000018874e-01,5.060295462608337402e-01
2.530120481927710774e+00,5.000000000000000000e-01,5.000000000000000000e-01,5.000000000000017764e-01,5.060861706733703613e-01
2.550200803212851586e+00,5.000000000000000000e-01,5.000000000000000000e-01,5.000000000000015543e-01,5.061424374580383301e-01
2.570281124497991954e+00,5.000000000000000000e-01,5.000000000000000000e-01,5.000000000000016653e-01,5.061979889869689941e-01
2.590361445783132321e+00,5.000000000000000000e-01,5.000000000000000000e-01,5.000000000000015543e-01,5.062536597251892090e-01
2.610441767068273133e+00,5.000000000000000000e-01,5.000000000000000000e-01,5.000000000000014433e-01,5.063084959983825684e-01
2.630522088353413501e+00,5.000000000000000000e-01,5.000000000000000000e-01,5.000000000000015543e-01,5.063629746437072754e-01
2.650602409638554313e+00,5.000000000000000000e-01,5.000000000000000000e-01,5.000000000000016653e-01,5.064174532890319824e-01
2.670682730923694681e+00,5.000000000000000000e-01,5.000000000000000000e-01,5.000000000000017764e-01,5.064718127250671387e-01
2.690763052208835493e+00,5.000000000000000000e-01,5.000000000000000000e-01,5.000000000000017764e-01,5.065254569053649902e-01
2.710843373493975861e+00,5.000000000000000000e-01,5.000000000000000000e-01,5.000000000000016653e-01,5.065785050392150879e-01
2.730923694779116673e+00,5.000000000000000000e-01,5.000000000000000000e-01,5.000000000000017764e-01,5.066311955451965332e-01
2.751004016064257041e+00,5.000000000000000000e-01,5.000000000000000000e-01,5.000000000000017764e-01,5.066836476325988770e-01
2.771084337349397408e+00,5.000000000000000000e-01,5.000000000000000000e-01,5.000000000000018874e-01,5.067359805107116699e-01
2.791164658634538220e+00,5.000000000000000000e-01,5.000000000000000000e-01,5.000000000000019984e-01,5.067874789237976074e-01
2.811244979919678588e+00,5.000000000000000000e-01,5.000000000000000000e-01,5.000000000000019984e-01,5.068388581275939941e-01
2.831325301204819400e+00,5.000000000000000000e-01,5.000000000000000000e-01,5.000000000000021094e-01,5.068897604942321777e-01
2.851405622489959768e+00,5.000000000000000000e-01,5.000000000000000000e-01,5.000000000000023315e-01,5.069400668144226074e-01
2.871485943775100580e+00,5.000000000000000000e-01,5.000000000000000000e-01,5.000000000000025535e-01,5.069903731346130371e-01
2.891566265060240948e+00,5.000000000000000000e-01,5.000000000000000000e-01,5.000000000000026645e-01,5.070399641990661621e-01
2.911646586345381316e+00,5.000000000000000000e-01,5.000000000000000000e-01,5.000000000000026645e-01,5.070890784263610840e-01
2.931726907630522128e+00,5.000000000000000000e-01,5.000000000000000000e-01,5.000000000000024425e-01,5.071381926536560059e-01
2.951807228915662495e+00,5.000000000000000000e-01,5.000000000000000000e-01,5.000000000000022204e-01,5.071868300437927246e-01
2.971887550200803307e+00,5.000000000000000000e-01,5.000000000000000000e-01,5.000000000000023315e-01,5.072345137596130371e-01
2.991967871485943675e+00,5.000000000000000000e-01,5.000000000000000000e-01,5.000000000000025535e-01,5.072824358940124512e-01
3.012048192771084487e+00,5.000000000000000000e-01,5.000000000000000000e-01,5.000000000000025535e-01,5.073297619819641113e-01
3.032128514056224855e+00,5.000000000000000000e-01,5.000000000000000000e-01,5.000000000000027756e-01,5.073764920234680176e-01
3.052208835341365223e+00,5.000000000000000000e-01,5.000000000000000000e-01,5.000000000000026645e-01,5.074228644371032715e-01
3.072289156626506035e+00,5.000000000000000000e-01,5.000000000000000000e-01,5.000000000000025535e-01,5.074685215950012207e-01
3.092369477911646403e+00,5.000000000000000000e-01,5.000000000000000000e-01,5.000000000000023315e-01,5.075142979621887207e-01
3.112449799196787215e+00,5.000000000000000000e-01,5.000000000000000000e-01,5.000000000000024425e-01,5.075594782829284668e-01
3.132530120481927582e+00,5.000000000000000000e-01,5.000000000000000000e-01,5.000000000000022204e-01,5.076039433479309082e-01
3.152610441767068394e+00,5.000000000000000000e-01,5.000000000000000000e-01,5.000000000000023315e-01,5.076481699943542480e-01
3.172690763052208762e+00,5.000000000000000000e-01,5.000000000000000000e-01,5.000000000000022204e-01,5.076922774314880371e-01
3.192771084337349574e+00,5.000000000000000000e-01,5.000000000000000000e-01,5.000000000000021094e-01,5.077357888221740723e-01
3.212851405622489942e+00,5.000000000000000000e-01,5.000000000000000000e-01,5.000000000000022204e-01,5.077785849571228027e-01
3.232931726907630310e+00,5.000000000000000000e-01,5.000000000000000000e-01,5.000000000000021094e-01,5.078210234642028809e-01
3.253012048192771122e+00,5.000000000000000000e-01,5.000000000000000000e-01,5.000000000000018874e-01,5.078633427619934082e-01
3.273092369477911490e+00,5.000000000000000000e-01,5.000000000000000000e-01,5.000000000000016653e-01,5.079049468040466309e-01
3.293172690763052302e+00,5.000000000000000000e-01,5.000000000000000000e-01,5.000000000000014433e-01,5.079465508460998535e-01
3.313253012048192669e+00,5.000000000000000000e-01,5.000000000000000000e-01,5.000000000000015543e-01,5.079876780509948730e-01
3.333333333333333481e+00,5.000000000000000000e-01,5.000000000000000000e-01,5.000000000000018874e-01,5.080283284187316895e-01
3.353413654618473849e+00,5.000000000000000000e-01,5.000000000000000000e-01,5.000000000000021094e-01,5.080683827400207520e-01
3.373493975903614661e+00,5.000000000000000000e-01,5.000000000000000000e-01,5.000000000000019984e-01,5.081080794334411621e-01
3.393574297188755029e+00,5.000000000000000000e-01,5.000000000000000000e-01,5.000000000000017764e-01,5.081476569175720215e-01
3.413654618473895397e+00,5.000000000000000000e-01,5.000000000000000000e-01,5.000000000000019984e-01,5.081863999366760254e-01
3.433734939759036209e+00,5.000000000000000000e-01,5.000000000000000000e-01,5.000000000000018874e-01,5.082252621650695801e-01
3.453815261044176577e+00,5.000000000000000000e-01,5.000000000000000000e-01,5.000000000000021094e-01,5.082630515098571777e-01
3.473895582329317389e+00,5.000000000000000000e-01,5.000000000000000000e-01,5.000000000000023315e-01,5.083009600639343262e-01
3.493975903614457756e+00,5.000000000000000000e-01,5.000000000000000000e-01,5.000000000000026645e-01,5.083387494087219238e-01
3.514056224899598568e+00,5.000000000000000000e-01,4.999999999999999445e-01,5.000000000000027756e-01,5.083757042884826660e-01
3.534136546184738936e+00,5.000000000000000000e-01,4.999999999999999445e-01,5.000000000000031086e-01,5.084121823310852051e-01
3.554216867469879304e+00,5.000000000000000000e-01,5.000000000000000000e-01,5.000000000000032196e-01,5.084484219551086426e-01
3.574297188755020116e+00,5.000000000000000000e-01,5.000000000000000000e-01,5.000000000000031086e-01,5.084844231605529785e-01
3.594377510040160484e+00,5.000000000000000000e-01,5.000000000000000000e-01,5.000000000000031086e-01,5.085199475288391113e-01
3.614457831325301296e+00,5.000000000000000000e-01,4.999999999999999445e-01,5.000000000000031086e-01,5.085553526878356934e-01
3.634538152610441664e+00,5.000000000000000000e-01,4.999999999999999445e-01,5.000000000000029976e-01,5.085901618003845215e-01
3.654618473895582476e+00,5.000000000000000000e-01,5.000000000000000000e-01,5.000000000000029976e-01,5.086243748664855957e-01
3.674698795180722843e+00,5.000000000000000000e-01,5.000000000000000000e-01,5.000000000000029976e-01,5.086587071418762207e-01
3.694779116465863211e+00,5.000000000000000000e-01,4.999999999999999445e-01,5.000000000000029976e-01,5.086926817893981934e-01
3.714859437751004023e+00,5.000000000000000000e-01,4.999999999999999445e-01,5.000000000000029976e-01,5.087262988090515137e-01
3.734939759036144391e+00,5.000000000000000000e-01,4.999999999999999445e-01,5.000000000000028866e-01,5.087592005729675293e-01
3.755020080321285203e+00,5.000000000000000000e-01,4.999999999999999445e-01,5.000000000000026645e-01,5.087917447090148926e-01
3.775100401606425571e+00,5.000000000000000000e-01,4.999999999999999445e-01,5.000000000000025535e-01,5.088241696357727051e-01
3.795180722891566383e+00,5.000000000000000000e-01,4.999999999999999445e-01,5.000000000000024425e-01,5.088564753532409668e-01
3.815261044176706751e+00,5.000000000000000000e-01,5.000000000000000000e-01,5.000000000000022204e-01,5.088881850242614746e-01
3.835341365461847563e+00,5.000000000000000000e-01,4.999999999999999445e-01,5.000000000000022204e-01,5.089196562767028809e-01
3.855421686746987930e+00,5.000000000000000000e-01,4.999999999999999445e-01,5.000000000000019984e-01,5.089510083198547363e-01
3.875502008032128298e+00,5.000000000000000000e-01,4.999999999999999445e-01,5.000000000000017764e-01,5.089816451072692871e-01
3.895582329317269110e+00,5.000000000000000000e-01,5.000000000000000000e-01,5.000000000000016653e-01,5.090116858482360840e-01
3.915662650602409478e+00,5.000000000000000000e-01,4.999999999999999445e-01,5.000000000000014433e-01,5.090424418449401855e-01
3.935742971887550290e+00,5.000000000000000000e-01,4.999999999999999445e-01,5.000000000000015543e-01,5.090722441673278809e-01
3.955823293172690658e+00,5.000000000000000000e-01,4.999999999999998890e-01,5.000000000000016653e-01,5.091018080711364746e-01
3.975903614457831470e+00,5.000000000000000000e-01,4.999999999999998890e-01,5.000000000000017764e-01,5.091306567192077637e-01
3.995983935742971838e+00,5.000000000000000000e-01,4.999999999999999445e-01,5.000000000000017764e-01,5.091597437858581543e-01
4.016064257028112650e+00,5.000000000000000000e-01,4.999999999999998890e-01,5.000000000000017764e-01,5.091884732246398926e-01
4.036144578313252573e+00,5.000000000000000000e-01,4.999999999999998890e-01,5.000000000000017764e-01,5.092168450355529785e-01
4.056224899598393385e+00,5.000000000000000000e-01,4.999999999999998890e-01,5.000000000000019984e-01,5.092449784278869629e-01
4.076305220883534197e+00,5.000000000000000000e-01,4.999999999999999445e-01,5.000000000000021094e-01,5.092725157737731934e-01
4.096385542168675009e+00,5.000000000000000000e-01,4.999999999999999445e-01,5.000000000000019984e-01,5.093004107475280762e-01
4.116465863453814933e+00,5.000000000000000000e-01,4.999999999999999445e-01,5.000000000000022204e-01,5.093277096748352051e-01
4.136546184738955745e+00,5.000000000000000000e-01,4.999999999999999445e-01,5.000000000000022204e-01,5.093547701835632324e-01
4.156626506024096557e+00,5.000000000000000000e-01,4.999999999999998890e-01,5.000000000000022204e-01,5.093807578086853027e-01
4.176706827309237369e+00,5.000000000000000000e-01,4.999999999999998890e-01,5.000000000000024425e-01,5.094076991081237793e-01
4.196787148594377292e+00,5.000000000000000000e-01,4.999999999999998890e-01,5.000000000000023315e-01,5.094341635704040527e-01
4.216867469879518104e+00,5.000000000000000000e-01,4.999999999999998890e-01,5.000000000000024425e-01,5.094600319862365723e-01
4.236947791164658916e+00,5.000000000000000000e-01,4.999999999999998890e-01,5.000000000000025535e-01,5.094854235649108887e-01
4.257028112449798840e+00,5.000000000000000000e-01,4.999999999999998890e-01,5.000000000000026645e-01,5.095106959342956543e-01
4.277108433734939652e+00,5.000000000000000000e-01,4.999999999999999445e-01,5.000000000000025535e-01,5.095360875129699707e-01
4.297188755020080464e+00,5.000000000000000000e-01,4.999999999999999445e-01,5.000000000000024425e-01,5.095607638359069824e-01
4.317269076305221276e+00,5.000000000000000000e-01,4.999999999999999445e-01,5.000000000000021094e-01,5.095853209495544434e-01
4.337349397590361200e+00,5.000000000000000000e-01,4.999999999999999445e-01,5.000000000000018874e-01,5.096096396446228027e-01
4.357429718875502012e+00,5.000000000000000000e-01,4.999999999999999445e-01,5.000000000000017764e-01,5.096339583396911621e-01
4.377510040160642824e+00,5.000000000000000000e-01,4.999999999999998890e-01,5.000000000000018874e-01,5.096578001976013184e-01
4.397590361445782747e+00,5.000000000000000000e-01,4.999999999999998890e-01,5.000000000000021094e-01,5.096817612648010254e-01
4.417670682730923559e+00,5.000000000000000000e-01,4.999999999999998890e-01,5.000000000000021094e-01,5.097050070762634277e-01
4.437751004016064371e+00,5.000000000000000000e-01,4.999999999999999445e-01,5.000000000000022204e-01,5.097280144691467285e-01
4.457831325301205183e+00,5.000000000000000000e-01,4.999999999999999445e-01,5.000000000000022204e-01,5.097514986991882324e-01
4.477911646586345107e+00,5.000000000000000000e-01,4.999999999999999445e-01,5.000000000000021094e-01,5.097739100456237793e-01
4.497991967871485919e+00,5.000000000000000000e-01,4.999999999999998890e-01,5.000000000000021094e-01,5.097969174385070801e-01
4.518072289156626731e+00,5.000000000000000000e-01,4.999999999999998890e-01,5.000000000000024425e-01,5.098192095756530762e-01
4.538152610441766655e+00,5.000000000000000000e-01,4.999999999999998890e-01,5.000000000000025535e-01,5.098413825035095215e-01
4.558232931726907466e+00,5.000000000000000000e-01,4.999999999999998890e-01,5.000000000000026645e-01,5.098633170127868652e-01
4.578313253012048278e+00,5.000000000000000000e-01,4.999999999999998335e-01,5.000000000000026645e-01,5.098853707313537598e-01
4.598393574297189090e+00,5.000000000000000000e-01,4.999999999999998335e-01,5.000000000000027756e-01,5.099067091941833496e-01
4.618473895582329014e+00,5.000000000000000000e-01,4.999999999999998335e-01,5.000000000000028866e-01,5.099281668663024902e-01
4.638554216867469826e+00,5.000000000000000000e-01,4.999999999999998335e-01,5.000000000000026645e-01,5.099490284919738770e-01
4.658634538152610638e+00,5.000000000000000000e-01,4.999999999999998335e-01,5.000000000000026645e-01,5.099704861640930176e-01
4.678714859437750562e+00,5.000000000000000000e-01,4.999999999999998890e-01,5.000000000000026645e-01,5.099908709526062012e-01
4.698795180722891374e+00,5.000000000000000000e-01,4.999999999999998890e-01,5.000000000000027756e-01,5.100116133689880371e-01
4.718875502008032186e+00,5.000000000000000000e-01,4.999999999999998890e-01,5.000000000000025535e-01,5.100322365760803223e-01
4.738955823293172998e+00,5.000000000000000000e-01,4.999999999999998890e-01,5.000000000000025535e-01,5.100520253181457520e-01
4.759036144578312921e+00,5.000000000000000000e-01,4.999999999999998890e-01,5.000000000000025535e-01,5.100722908973693848e-01
4.779116465863453733e+00,5.000000000000000000e-01,4.999999999999998890e-01,5.000000000000024425e-01,5.100918412208557129e-01
4.799196787148594545e+00,5.000000000000000000e-01,4.999999999999998890e-01,5.000000000000024425e-01,5.101115107536315918e-01
4.819277108433734469e+00,5.000000000000000000e-01,4.999999999999998335e-01,5.000000000000025535e-01,5.101310610771179199e-01
4.839357429718875281e+00,5.000000000000000000e-01,4.999999999999998335e-01,5.000000000000025535e-01,5.101507306098937988e-01
4.859437751004016093e+00,5.000000000000000000e-01,4.999999999999998890e-01,5.000000000000026645e-01,5.101698040962219238e-01
4.879518072289156905e+00,5.000000000000000000e-01,4.999999999999998890e-01,5.000000000000026645e-01,5.101884007453918457e-01
4.899598393574296828e+00,5.000000000000000000e-01,4.999999999999998890e-01,5.000000000000025535e-01,5.102075934410095215e-01
4.919678714859437640e+00,5.000000000000000000e-01,4.999999999999998335e-01,5.000000000000024425e-01,5.102260708808898926e-01
4.939759036144578452e+00,5.000000000000000000e-01,4.999999999999998335e-01,5.000000000000025535e-01,5.102450251579284668e-01
4.959839357429719264e+00,5.000000000000000000e-01,4.999999999999998335e-01,5.000000000000024425e-01,5.102635025978088379e-01
4.979919678714859188e+00,5.000000000000000000e-01,4.999999999999998335e-01,5.000000000000023315e-01,5.102815032005310059e-01
5.000000000000000000e+00,5.000000000000000000e-01,4.999999999999998335e-01,5.000000000000023315e-01,5.102992653846740723e-01
0.000000000000000000e+00,5.416666666666666297e-01,6.026853379784916642e-01,6.026853379784916642e-01,5.941477417945861816e-01
2.008032128514056214e-02,5.416666666666666297e-01,5.982834720241704263e-01,5.847784020746250588e-01,5.794789195060729980e-01
4.016064257028112428e-02,5.416666666666666297e-01,5.942816347522562603e-01,5.715180010121789778e-01,5.679943561553955078e-01
6.024096385542168641e-02,5.416666666666666297e-01,5.906210754767696747e-01,5.612293959968567281e-01,5.587443709373474121e-01
8.032128514056224855e-02,5.416666666666666297e-01,5.872537100525597742e-01,5.529578611981994518e-01,5.511298775672912598e-01
1.004016064257028107e-01,5.416666666666666297e-01,5.841398896967732179e-01,5.461292716938502823e-01,5.447568297386169434e-01
1.204819277108433728e-01,5.416666666666666297e-01,5.812466972710176316e-01,5.403808832275790452e-01,5.393531918525695801e-01
1.405622489959839350e-01,5.416666666666666297e-01,5.785466326732945364e-01,5.354725590273765601e-01,5.347240567207336426e-01
1.606425702811244971e-01,5.416666666666666297e-01,5.760165883582895052e-01,5.312381432863216846e-01,5.307278037071228027e-01
1.807228915662650592e-01,5.416666666666666297e-01,5.736370434726599798e-01,5.275578111023954131e-01,5.272584557533264160e-01
2.008032128514056214e-01,5.416666666666666297e-01,5.713914244251085961e-01,5.243418156039084677e-01,5.242331624031066895e-01
2.208835341365461835e-01,5.416666666666666297e-01,5.692655934366959158e-01,5.215206407691063140e-01,5.215889811515808105e-01
2.409638554216867457e-01,5.416666666666666297e-01,5.672474364464554775e-01,5.190388634176076321e-01,5.192719101905822754e-01
2.610441767068273355e-01,5.416666666666666297e-01,5.653265288493780627e-01,5.168512208020294985e-01,5.172399878501892090e-01
2.811244979919678699e-01,5.416666666666666297e-01,5.634938627220510421e-01,5.149200215599079034e-01,5.154554247856140137e-01
3.012048192771084043e-01,5.416666666666666297e-01,5.617416230023777324e-01,5.132133931008044936e-01,5.138867497444152832e-01
3.212851405622489942e-01,5.416666666666666297e-01,5.600630029219985095e-01,5.117040607666420993e-01,5.125071406364440918e-01
3.413654618473895841e-01,5.416666666666666297e-01,5.584520511154443811e-01,5.103684720685245368e-01,5.112927556037902832e-01
3.614457831325301185e-01,5.416666666666666297e-01,5.569035444408181323e-01,5.091861495904291823e-01,5.102235674858093262e-01
3.815261044176706529e-01,5.416666666666666297e-01,5.554128817793438921e-01,5.081391988135225413e-01,5.092812180519104004e-01
4.016064257028112428e-01,5.416666666666666297e-01,5.539759950330946925e-01,5.072119234274111710e-01,5.084491372108459473e-01
4.216867469879518326e-01,5.416666666666666297e-01,5.525892742819479286e-01,5.063905171480509448e-01,5.077151656150817871e-01
4.417670682730923670e-01,5.416666666666666297e-01,5.512495046435063051e-01,5.056628114764779580e-01,5.070670247077941895e-01
4.618473895582329014e-01,5.416666666666666297e-01,5.499538128408560933e-01,5.050180654990532592e-01,5.064941048622131348e-01
4.819277108433734913e-01,5.416666666666666297e-01,5.486996218504428535e-01,5.044467881446359492e-01,5.059873461723327637e-01
5.020080321285140812e-01,5.416666666666666297e-01,5.474846122968064499e-01,5.039405861391623720e-01,5.055391192436218262e-01
5.220883534136546711e-01,5.416666666666666297e-01,5.463066894981580823e-01,5.034920327716715382e-01,5.051426291465759277e-01
5.421686746987951500e-01,5.416666666666666297e-01,5.451639552588137816e-01,5.030945538467848088e-01,5.047913193702697754e-01
5.622489959839357399e-01,5.416666666666666297e-01,5.440546836605587577e-01,5.027423280620205714e-01,5.044803023338317871e-01
5.823293172690763297e-01,5.416666666666666297e-01,5.429773002323177167e-01,5.024301996513153012e-01,5.042051672935485840e-01
6.024096385542168086e-01,5.416666666666666297e-01,5.419303639816749341e-01,5.021536015668905950e-01,5.039619803428649902e-01
6.224899598393573985e-01,5.416666666666666297e-01,5.409125518572821534e-01,5.019084877869698369e-01,5.037469267845153809e-01
6.425702811244979884e-01,5.416666666666666297e-01,5.399226452815706345e-01,5.016912735738313645e-01,5.035572648048400879e-01
6.626506024096385783e-01,5.416666666666666297e-01,5.389595184512436798e-01,5.014987826894014011e-01,5.033900141716003418e-01
6.827309236947791682e-01,5.416666666666666297e-01,5.380221281510734199e-01,5.013282007200231538e-01,5.032427906990051270e-01
7.028112449799196471e-01,5.416666666666666297e-01,5.371095048663654392e-01,5.011770337787823104e-01,5.031135678291320801e-01
7.228915662650602370e-01,5.416666666666666297e-01,5.362207450125794361e-01,5.010430719500175156e-01,5.030005574226379395e-01
7.429718875502008268e-01,5.416666666666666297e-01,5.353550041282122418e-01,5.009243569212916691e-01,5.029022097587585449e-01
7.630522088353413057e-01,5.416666666666666297e-01,5.345114909001084103e-01,5.008191533165997633e-01,5.028166174888610840e-01
7.831325301204818956e-01,5.416666666666666297e-01,5.336894619096983483e-01,5.007259233033662937e-01,5.027429461479187012e-01
8.032128514056224855e-01,5.416666666666666297e-01,5.328882170048878653e-01,5.006433040966496995e-01,5.026800036430358887e-01
8.232931726907630754e-01,5.416666666666666297e-01,5.321070952159948630e-01,5.005700880282574206e-01,5.026264786720275879e-01
8.433734939759036653e-01,5.416666666666666297e-01,5.313454711456596646e-01,5.005052048872052906e-01,5.025815367698669434e-01
8.634538152610441442e-01,5.416666666666666297e-01,5.306027517724239972e-01,5.004477062719552283e-01,5.025445818901062012e-01
8.835341365461847341e-01,5.416666666666666297e-01,5.298783736159582425e-01,5.003967517247864816e-01,5.025152564048767090e-01
9.036144578313253239e-01,5.416666666666666297e-01,5.291718002189719217e-01,5.003515964450355735e-01,5.024916529655456543e-01
9.236947791164658028e-01,5.416666666666666297e-01,5.284825199068495793e-01,5.003115804012272516e-01,5.024748444557189941e-01
9.437751004016063927e-01,5.416666666666666297e-01,5.278100437912043308e-01,5.002761186827030526e-01,5.024628043174743652e-01
9.638554216867469826e-01,5.416666666666666297e-01,5.271539039879457045e-01,5.002446929495658612e-01,5.024556517601013184e-01
9.839357429718875725e-01,5.416666666666666297e-01,5.265136520242507112e-01,5.002168438558610708e-01,5.024531483650207520e-01
1.004016064257028162e+00,5.416666666666666297e-01,5.258888574120881287e-01,5.001921643351766589e-01,5.024549365043640137e-01
1.024096385542168752e+00,5.416666666666666297e-01,5.252791063687666240e-01,5.001702936504855979e-01,5.024601817131042480e-01
1.044176706827309342e+00,5.416666666666666297e-01,5.246840006674097223e-01,5.001509121212220910e-01,5.024692416191101074e-01
1.064257028112449710e+00,5.416666666666666297e-01,5.241031566023782728e-01,5.001337364505062943e-01,5.024814009666442871e-01
1.084337349397590300e+00,5.416666666666666297e-01,5.235362040564897068e-01,5.001185155842030605e-01,5.024970173835754395e-01
1.104417670682730890e+00,5.416666666666666297e-01,5.229827856584881030e-01,5.001050270412807919e-01,5.025150179862976074e-01
1.124497991967871480e+00,5.416666666666666297e-01,5.224425560206006347e-01,5.000930736618270922e-01,5.025350451469421387e-01
1.144578313253012070e+00,5.416666666666666297e-01,5.219151810472381081e-01,5.000824807251847970e-01,5.025581717491149902e-01
1.164658634538152659e+00,5.416666666666666297e-01,5.214003373069541203e-01,5.000730933960814140e-01,5.025826096534729004e-01
1.184738955823293249e+00,5.416666666666666297e-01,5.208977114607099557e-01,5.000647744614235002e-01,5.026103854179382324e-01
1.204819277108433617e+00,5.416666666666666297e-01,5.204069997403032444e-01,5.000574023246721067e-01,5.026393532752990723e-01
1.224899598393574207e+00,5.416666666666666297e-01,5.199279074715396076e-01,5.000508692284837409e-01,5.026704668998718262e-01
1.244979919678714797e+00,5.416666666666666297e-01,5.194601486373460197e-01,5.000450796796384045e-01,5.027031302452087402e-01
1.265060240963855387e+00,5.416666666666666297e-01,5.190034454765840577e-01,5.000399490532287938e-01,5.027372241020202637e-01
1.285140562248995977e+00,5.416666666666666297e-01,5.185575281148040450e-01,5.000354023557120886e-01,5.027728676795959473e-01
1.305220883534136567e+00,5.416666666666666297e-01,5.181221342236109750e-01,5.000313731287402419e-01,5.028102993965148926e-01
1.325301204819277157e+00,5.416666666666666297e-01,5.176970087056893544e-01,5.000278024777495833e-01,5.028485655784606934e-01
1.345381526104417746e+00,5.416666666666666297e-01,5.172819034028669494e-01,5.000246382111084298e-01,5.028886198997497559e-01
1.365461847389558336e+00,5.416666666666666297e-01,5.168765768248962944e-01,5.000218340772391024e-01,5.029290318489074707e-01
1.385542168674698704e+00,5.416666666666666297e-01,5.164807938968833945e-01,5.000193490885680436e-01,5.029715895652770996e-01
1.405622489959839294e+00,5.416666666666666297e-01,5.160943257235350856e-01,5.000171469224145016e-01,5.030143857002258301e-01
1.425702811244979884e+00,5.416666666666666297e-01,5.157169493685875850e-01,5.000151953900699997e-01,5.030587315559387207e-01
1.445783132530120474e+00,5.416666666666666297e-01,5.153484476479688325e-01,5.000134659663000303e-01,5.031045079231262207e-01
1.465863453815261064e+00,5.416666666666666297e-01,5.149886089353981067e-01,5.000119333723951343e-01,5.031502842903137207e-01
1.485943775100401654e+00,5.416666666666666297e-01,5.146372269792750531e-01,5.000105752066762443e-01,5.031974911689758301e-01
1.506024096385542244e+00,5.416666666666666297e-01,5.142941007298270639e-01,5.000093716170537217e-01,5.032451748847961426e-01
1.526104417670682611e+00,5.416666666666666297e-01,5.139590341756039571e-01,5.000083050108513616e-01,5.032939314842224121e-01
1.546184738955823201e+00,5.416666666666666297e-01,5.136318361884977257e-01,5.000073597976579798e-01,5.033430457115173340e-01
1.566265060240963791e+00,5.416666666666666297e-01,5.133123203765596054e-01,5.000065221614437005e-01,5.033934712409973145e-01
1.586345381526104381e+00,5.416666666666666297e-01,5.130003049439607610e-01,5.000057798586150515e-01,5.034441351890563965e-01
1.606425702811244971e+00,5.416666666666666297e-01,5.126956125575109491e-01,5.000051220390510087e-01,5.034957528114318848e-01
1.626506024096385561e+00,5.416666666666666297e-01,5.123980702192116876e-01,5.000045390875085261e-01,5.035478472709655762e-01
1.646586345381526151e+00,5.416666666666666297e-01,5.121075091443765270e-01,5.000040224830786251e-01,5.036007761955261230e-01
1.666666666666666741e+00,5.416666666666666297e-01,5.118237646448935418e-01,5.000035646746370244e-01,5.036538243293762207e-01
1.686746987951807331e+00,5.416666666666666297e-01,5.115466760172538985e-01,5.000031589704715396e-01,5.037075877189636230e-01
1.706827309236947698e+00,5.416666666666666297e-01,5.112760864350056611e-01,5.000027994404697695e-01,5.037620663642883301e-01
1.726907630522088288e+00,5.416666666666666297e-01,5.110118428453244155e-01,5.000024808294395440e-01,5.038169026374816895e-01
1.746987951807228878e+00,5.416666666666666297e-01,5.107537958694268188e-01,5.000021984802945907e-01,5.038720965385437012e-01
1.767068273092369468e+00,5.416666666666666297e-01,5.105017997065740554e-01,5.000019482659825432e-01,5.039280056953430176e-01
1.787148594377510058e+00,5.416666666666666297e-01,5.102557120414422664e-01,5.000017265291609725e-01,5.039840340614318848e-01
1.807228915662650648e+00,5.416666666666666297e-01,5.100153939546535620e-01,5.000015300287387054e-01,5.040404200553894043e-01
1.827309236947791238e+00,5.416666666666666297e-01,5.097807098362809874e-01,5.000013558925007207e-01,5.040970444679260254e-01
1.847389558232931606e+00,5.416666666666666297e-01,5.095515273021625768e-01,5.000012015751253980e-01,5.041540265083312988e-01
1.867469879518072196e+00,5.416666666666666297e-01,5.093277171128662850e-01,5.000010648209801678e-01,5.042111277580261230e-01
1.887550200803212785e+00,5.416666666666666297e-01,5.091091530951687982e-01,5.000009436311521061e-01,5.042687058448791504e-01
1.907630522088353375e+00,5.416666666666666297e-01,5.088957120659182154e-01,5.000008362342285295e-01,5.043265223503112793e-01
1.927710843373493965e+00,5.416666666666666297e-01,5.086872737581653592e-01,5.000007410604065949e-01,5.043842196464538574e-01
1.947791164658634555e+00,5.416666666666666297e-01,5.084837207494545819e-01,5.000006567185456552e-01,5.044428706169128418e-01
1.967871485943775145e+00,5.416666666666666297e-01,5.082849383921748121e-01,5.000005819758339687e-01,5.045010447502136230e-01
1.987951807228915735e+00,5.416666666666666297e-01,5.080908147458819135e-01,5.000005157397693356e-01,5.045594573020935059e-01
2.008032128514056325e+00,5.416666666666666297e-01,5.079012405115056472e-01,5.000004570421900940e-01,5.046181082725524902e-01
2.028112449799196693e+00,5.416666666666666297e-01,5.077161089673641881e-01,5.000004050251231069e-01,5.046766400337219238e-01
2.048192771084337505e+00,5.416666666666666297e-01,5.075353159069148079e-01,5.000003589282431271e-01,5.047352910041809082e-01
2.068273092369477872e+00,5.416666666666666297e-01,5.073587595781721138e-01,5.000003180777596867e-01,5.047935843467712402e-01
2.088353413654618684e+00,5.416666666666666297e-01,5.071863406247318906e-01,5.000002818765677537e-01,5.048527121543884277e-01
2.108433734939759052e+00,5.416666666666666297e-01,5.070179620283414845e-01,5.000002497955202685e-01,5.049114823341369629e-01
2.128514056224899420e+00,5.416666666666666297e-01,5.068535290529634363e-01,5.000002213656934424e-01,5.049703717231750488e-01
2.148594377510040232e+00,5.416666666666666297e-01,5.066929491902774085e-01,5.000001961715335730e-01,5.050289034843444824e-01
2.168674698795180600e+00,5.416666666666666297e-01,5.065361321065769973e-01,5.000001738447813482e-01,5.050874352455139160e-01
2.188755020080321412e+00,5.416666666666666297e-01,5.063829895910114676e-01,5.000001540590908178e-01,5.051462054252624512e-01
2.208835341365461780e+00,5.416666666666666297e-01,5.062334355051314461e-01,5.000001365252567664e-01,5.052046179771423340e-01
2.228915662650602592e+00,5.416666666666666297e-01,5.060873857336967152e-01,5.000001209869903152e-01,5.052630305290222168e-01
2.248995983935742959e+00,5.416666666666666297e-01,5.059447581367105817e-01,5.000001072171711414e-01,5.053214430809020996e-01
2.269076305220883327e+00,5.416666666666666297e-01,5.058054725026379650e-01,5.000000950145281342e-01,5.053793787956237793e-01
2.289156626506024139e+00,5.416666666666666297e-01,5.056694505027787834e-01,5.000000842006973034e-01,5.054371953010559082e-01
2.309236947791164507e+00,5.416666666666666297e-01,5.055366156467592242e-01,5.000000746176144206e-01,5.054954886436462402e-01
2.329317269076305319e+00,5.416666666666666297e-01,5.054068932391100333e-01,5.000000661252049783e-01,5.055529475212097168e-01
2.349397590361445687e+00,5.416666666666666297e-01,5.052802103369020692e-01,5.000000585993372715e-01,5.056098103523254395e-01
2.369477911646586499e+00,5.416666666666666297e-01,5.051564957084098140e-01,5.000000519300066282e-01,5.056671500205993652e-01
2.389558232931726867e+00,5.416666666666666297e-01,5.050356797927727515e-01,5.000000460197286944e-01,5.057244896888732910e-01
2.409638554216867234e+00,5.416666666666666297e-01,5.049176946606310779e-01,5.000000407821134640e-01,5.057807564735412598e-01
2.429718875502008046e+00,5.416666666666666297e-01,5.048024739757080992e-01,5.000000361406037319e-01,5.058377385139465332e-01
2.449799196787148414e+00,5.416666666666666297e-01,5.046899529573124488e-01,5.000000320273552123e-01,5.058938860893249512e-01
2.469879518072289226e+00,5.416666666666666297e-01,5.045800683437410283e-01,5.000000283822453317e-01,5.059497952461242676e-01
2.489959839357429594e+00,5.416666666666666297e-01,5.044727583565534745e-01,5.000000251519945982e-01,5.060053467750549316e-01
2.510040160642570406e+00,5.416666666666666297e-01,5.043679626657019410e-01,5.000000222893858925e-01,5.060606598854064941e-01
2.530120481927710774e+00,5.416666666666666297e-01,5.042656223554885520e-01,5.000000197525775736e-01,5.061159729957580566e-01
2.550200803212851586e+00,5.416666666666666297e-01,5.041656798913335402e-01,5.000000175044895245e-01,5.061705708503723145e-01
2.570281124497991954e+00,5.416666666666666297e-01,5.040680790873339756e-01,5.000000155122620304e-01,5.062250494956970215e-01
2.590361445783132321e+00,5.416666666666666297e-01,5.039727650745887688e-01,5.000000137467743855e-01,5.062792897224426270e-01
2.610441767068273133e+00,5.416666666666666297e-01,5.038796842702772949e-01,5.000000121822213428e-01,5.063332915306091309e-01
2.630522088353413501e+00,5.416666666666666297e-01,5.037887843474683214e-01,5.000000107957339734e-01,5.063866972923278809e-01
2.650602409638554313e+00,5.416666666666666297e-01,5.037000142056430319e-01,5.000000095670459332e-01,5.064396262168884277e-01
2.670682730923694681e+00,5.416666666666666297e-01,5.036133239419144925e-01,5.000000084781980325e-01,5.064923167228698730e-01
2.690763052208835493e+00,5.416666666666666297e-01,5.035286648229274631e-01,5.000000075132743360e-01,5.065445303916931152e-01
2.710843373493975861e+00,5.416666666666666297e-01,5.034459892574197903e-01,5.000000066581706815e-01,5.065971016883850098e-01
2.730923694779116673e+00,5.416666666666666297e-01,5.033652507694317269e-01,5.000000059003887332e-01,5.066487193107604980e-01
2.751004016064257041e+00,5.416666666666666297e-01,5.032864039721467453e-01,5.000000052288516850e-01,5.067000985145568848e-01
2.771084337349397408e+00,5.416666666666666297e-01,5.032094045423474160e-01,5.000000046337440551e-01,5.067512392997741699e-01
2.791164658634538220e+00,5.416666666666666297e-01,5.031342091954731366e-01,5.000000041063670242e-01,5.068013072013854980e-01
2.811244979919678588e+00,5.416666666666666297e-01,5.030607756612663906e-01,5.000000036390118696e-01,5.068518519401550293e-01
2.831325301204819400e+00,5.416666666666666297e-01,5.029890626599882175e-01,5.000000032248476112e-01,5.069014430046081543e-01
2.851405622489959768e+00,5.416666666666666297e-01,5.029190298791970104e-01,5.000000028578205358e-01,5.069509148597717285e-01
2.871485943775100580e+00,5.416666666666666297e-01,5.028506379510697677e-01,5.000000025325659347e-01,5.069999098777770996e-01
2.891566265060240948e+00,5.416666666666666297e-01,5.027838484302588062e-01,5.000000022443290559e-01,5.070483088493347168e-01
2.911646586345381316e+00,5.416666666666666297e-01,5.027186237722676143e-01,5.000000019888969360e-01,5.070964694023132324e-01
2.931726907630522128e+00,5.416666666666666297e-01,5.026549273123339656e-01,5.000000017625360060e-01,5.071447491645812988e-01
2.951807228915662495e+00,5.416666666666666297e-01,5.025927232448100801e-01,5.000000015619378013e-01,5.071918368339538574e-01
2.971887550200803307e+00,5.416666666666666297e-01,5.025319766030268420e-01,5.000000013841704449e-01,5.072390437126159668e-01
2.991967871485943675e+00,5.416666666666666297e-01,5.024726532396290857e-01,5.000000012266353488e-01,5.072854161262512207e-01
3.012048192771084487e+00,5.416666666666666297e-01,5.024147198073748433e-01,5.000000010870294664e-01,5.073313117027282715e-01
3.032128514056224855e+00,5.416666666666666297e-01,5.023581437403833450e-01,5.000000009633126519e-01,5.073770880699157715e-01
3.052208835341365223e+00,5.416666666666666297e-01,5.023028932358236665e-01,5.000000008536760188e-01,5.074228644371032715e-01
3.072289156626506035e+00,5.416666666666666297e-01,5.022489372360328108e-01,5.000000007565174043e-01,5.074676871299743652e-01
3.092369477911646403e+00,5.416666666666666297e-01,5.021962454110540097e-01,5.000000006704165001e-01,5.075117945671081543e-01
3.112449799196787215e+00,5.416666666666666297e-01,5.021447881415834757e-01,5.000000005941153125e-01,5.075564980506896973e-01
3.132530120481927582e+00,5.416666666666666297e-01,5.020945365023179452e-01,5.000000005264977343e-01,5.075998902320861816e-01
3.152610441767068394e+00,5.416666666666666297e-01,5.020454622456929084e-01,5.000000004665763331e-01,5.076434016227722168e-01
3.172690763052208762e+00,5.416666666666666297e-01,5.019975377860014243e-01,5.000000004134743659e-01,5.076864361763000488e-01
3.192771084337349574e+00,5.416666666666666297e-01,5.019507361838865256e-01,5.000000003664161197e-01,5.077291131019592285e-01
3.212851405622489942e+00,5.416666666666666297e-01,5.019050311311965551e-01,5.000000003247139224e-01,5.077710747718811035e-01
3.232931726907630310e+00,5.416666666666666297e-01,5.018603969361958850e-01,5.000000002877575955e-01,5.078127980232238770e-01
3.253012048192771122e+00,5.416666666666666297e-01,5.018168085091232467e-01,5.000000002550074596e-01,5.078542828559875488e-01
3.273092369477911490e+00,5.416666666666666297e-01,5.017742413480873465e-01,5.000000002259844534e-01,5.078950524330139160e-01
3.293172690763052302e+00,5.416666666666666297e-01,5.017326715252946601e-01,5.000000002002646937e-01,5.079354643821716309e-01
3.313253012048192669e+00,5.416666666666666297e-01,5.016920756736004128e-01,5.000000001774725922e-01,5.079759955406188965e-01
3.333333333333333481e+00,5.416666666666666297e-01,5.016524309733741971e-01,5.000000001572747488e-01,5.080154538154602051e-01
3.353413654618473849e+00,5.416666666666666297e-01,5.016137151396743432e-01,5.000000001393755111e-01,5.080546736717224121e-01
3.373493975903614661e+00,5.416666666666666297e-01,5.015759064097239373e-01,5.000000001235130886e-01,5.080937743186950684e-01
3.393574297188755029e+00,5.416666666666666297e-01,5.015389835306806043e-01,5.000000001094558888e-01,5.081325173377990723e-01
3.413654618473895397e+00,5.416666666666666297e-01,5.015029257476930624e-01,5.000000000969988534e-01,5.081706643104553223e-01
3.433734939759036209e+00,5.416666666666666297e-01,5.014677127922392286e-01,5.000000000859595728e-01,5.082083344459533691e-01
3.453815261044176577e+00,5.416666666666666297e-01,5.014333248707386614e-01,5.000000000761768426e-01,5.082458853721618652e-01
3.473895582329317389e+00,5.416666666666666297e-01,5.013997426534323454e-01,5.000000000675075551e-01,5.082828402519226074e-01
3.493975903614457756e+00,5.416666666666666297e-01,5.013669472635245983e-01,5.000000000598250338e-01,5.083196759223937988e-01
3.514056224899598568e+00,5.416666666666666297e-01,5.013349202665814408e-01,5.000000000530168132e-01,5.083561539649963379e-01
3.534136546184738936e+00,5.416666666666666297e-01,5.013036436601793211e-01,5.000000000469836392e-01,5.083922743797302246e-01
3.554216867469879304e+00,5.416666666666666297e-01,5.012730998637973112e-01,5.000000000416368051e-01,5.084275603294372559e-01
3.574297188755020116e+00,5.416666666666666297e-01,5.012432717089505552e-01,5.000000000368983732e-01,5.084629654884338379e-01
3.594377510040160484e+00,5.416666666666666297e-01,5.012141424295559755e-01,5.000000000326992877e-01,5.084978938102722168e-01
3.614457831325301296e+00,5.416666666666666297e-01,5.011856956525280182e-01,5.000000000289782642e-01,5.085323452949523926e-01
3.634538152610441664e+00,5.416666666666666297e-01,5.011579153885993287e-01,5.000000000256804578e-01,5.085664391517639160e-01
3.654618473895582476e+00,5.416666666666666297e-01,5.011307860233601419e-01,5.000000000227581287e-01,5.086002945899963379e-01
3.674698795180722843e+00,5.416666666666666297e-01,5.011042923085129441e-01,5.000000000201685335e-01,5.086341500282287598e-01
3.694779116465863211e+00,5.416666666666666297e-01,5.010784193533397435e-01,5.000000000178735915e-01,5.086672902107238770e-01
3.714859437751004023e+00,5.416666666666666297e-01,5.010531526163749527e-01,5.000000000158397739e-01,5.087001919746398926e-01
3.734939759036144391e+00,5.416666666666666297e-01,5.010284778972829978e-01,5.000000000140374379e-01,5.087327361106872559e-01
3.755020080321285203e+00,5.416666666666666297e-01,5.010043813289358772e-01,5.000000000124399380e-01,5.087646842002868652e-01
3.775100401606425571e+00,5.416666666666666297e-01,5.009808493696877862e-01,5.000000000110244036e-01,5.087965130805969238e-01
3.795180722891566383e+00,5.416666666666666297e-01,5.009578687958452514e-01,5.000000000097699626e-01,5.088278651237487793e-01
3.815261044176706751e+00,5.416666666666666297e-01,5.009354266943283340e-01,5.000000000086581853e-01,5.088590979576110840e-01
3.835341365461847563e+00,5.416666666666666297e-01,5.009135104555240137e-01,5.000000000076730844e-01,5.088898539543151855e-01
3.855421686746987930e+00,5.416666666666666297e-01,5.008921077663260890e-01,5.000000000067998940e-01,5.089203715324401855e-01
3.875502008032128298e+00,5.416666666666666297e-01,5.008712066033667032e-01,5.000000000060260685e-01,5.089507699012756348e-01
3.895582329317269110e+00,5.416666666666666297e-01,5.008507952264323881e-01,5.000000000053403948e-01,5.089808106422424316e-01
3.915662650602409478e+00,5.416666666666666297e-01,5.008308621720720666e-01,5.000000000047325477e-01,5.090102553367614746e-01
3.935742971887550290e+00,5.416666666666666297e-01,5.008113962473923486e-01,5.000000000041943116e-01,5.090402960777282715e-01
3.955823293172690658e+00,5.416666666666666297e-01,5.007923865240472283e-01,5.000000000037173598e-01,5.090687870979309082e-01
3.975903614457831470e+00,5.416666666666666297e-01,5.007738223324216253e-01,5.000000000032946978e-01,5.090976357460021973e-01
3.995983935742971838e+00,5.416666666666666297e-01,5.007556932560162100e-01,5.000000000029199976e-01,5.091262459754943848e-01
4.016064257028112650e+00,5.416666666666666297e-01,5.007379891260391735e-01,5.000000000025880409e-01,5.091541409492492676e-01
4.036144578313252573e+00,5.416666666666666297e-01,5.007207000162103849e-01,5.000000000022938318e-01,5.091820359230041504e-01
4.056224899598393385e+00,5.416666666666666297e-01,5.007038162377916990e-01,5.000000000020332624e-01,5.092100501060485840e-01
4.076305220883534197e+00,5.416666666666666297e-01,5.006873283348525216e-01,5.000000000018023361e-01,5.092372298240661621e-01
4.096385542168675009e+00,5.416666666666666297e-01,5.006712270797868403e-01,5.000000000015974999e-01,5.092644095420837402e-01
4.116465863453814933e+00,5.416666666666666297e-01,5.006555034690994832e-01,5.000000000014162005e-01,5.092911124229431152e-01
4.136546184738955745e+00,5.416666666666666297e-01,5.006401487194844790e-01,5.000000000012554402e-01,5.093180537223815918e-01
4.156626506024096557e+00,5.416666666666666297e-01,5.006251542642221608e-01,5.000000000011128876e-01,5.093439221382141113e-01
4.176706827309237369e+00,5.416666666666666297e-01,5.006105117499248802e-01,5.000000000009868772e-01,5.093700289726257324e-01
4.196787148594377292e+00,5.416666666666666297e-01,5.005962130336748528e-01,5.000000000008748557e-01,5.093962550163269043e-01
4.216867469879518104e+00,5.416666666666666297e-01,5.005822501805959890e-01,5.000000000007758238e-01,5.094212889671325684e-01
4.236947791164658916e+00,5.416666666666666297e-01,5.005686154619194417e-01,5.000000000006878942e-01,5.094465613365173340e-01
4.257028112449798840e+00,5.416666666666666297e-01,5.005553013536078177e-01,5.000000000006101786e-01,5.094714760780334473e-01
4.277108433734939652e+00,5.416666666666666297e-01,5.005423005356232080e-01,5.000000000005411227e-01,5.094963908195495605e-01
4.297188755020080464e+00,5.416666666666666297e-01,5.005296058919362912e-01,5.000000000004797274e-01,5.095211863517761230e-01
4.317269076305221276e+00,5.416666666666666297e-01,5.005172105113971925e-01,5.000000000004252154e-01,5.095453858375549316e-01
4.337349397590361200e+00,5.416666666666666297e-01,5.005051076896170903e-01,5.000000000003769207e-01,5.095698237419128418e-01
4.357429718875502012e+00,5.416666666666666297e-01,5.004932909320398693e-01,5.000000000003341771e-01,5.095929503440856934e-01
4.377510040160642824e+00,5.416666666666666297e-01,5.004817539584276442e-01,5.000000000002965406e-01,5.096169114112854004e-01
4.397590361445782747e+00,5.416666666666666297e-01,5.004704907090320454e-01,5.000000000002634559e-01,5.096400380134582520e-01
4.417670682730923559e+00,5.416666666666666297e-01,5.004594953527999879e-01,5.000000000002338130e-01,5.096632838249206543e-01
4.437751004016064371e+00,5.416666666666666297e-01,5.004487622980351436e-01,5.000000000002077227e-01,5.096862912178039551e-01
4.457831325301205183e+00,5.416666666666666297e-01,5.004382862060607895e-01,5.000000000001842970e-01,5.097089409828186035e-01
4.477911646586345107e+00,5.416666666666666297e-01,5.004280620085632680e-01,5.000000000001636469e-01,5.097314715385437012e-01
4.497991967871485919e+00,5.416666666666666297e-01,5.004180849294911360e-01,5.000000000001453282e-01,5.097541213035583496e-01
4.518072289156626731e+00,5.416666666666666297e-01,5.004083505126240006e-01,5.000000000001294520e-01,5.097761750221252441e-01
4.538152610441766655e+00,5.416666666666666297e-01,5.003988546562524453e-01,5.000000000001152411e-01,5.097981095314025879e-01
4.558232931726907466e+00,5.416666666666666297e-01,5.003895936568424352e-01,5.000000000001026956e-01,5.098194479942321777e-01
4.578313253012048278e+00,5.416666666666666297e-01,5.003805642641231399e-01,5.000000000000914824e-01,5.098413825035095215e-01
4.598393574297189090e+00,5.416666666666666297e-01,5.003717637508023897e-01,5.000000000000817124e-01,5.098626017570495605e-01
4.618473895582329014e+00,5.416666666666666297e-01,5.003631900011404898e-01,5.000000000000730527e-01,5.098837018013000488e-01
4.638554216867469826e+00,5.416666666666666297e-01,5.003548416239871344e-01,5.000000000000648370e-01,5.099040865898132324e-01
4.658634538152610638e+00,5.416666666666666297e-01,5.003467180977517748e-01,5.000000000000579536e-01,5.099253058433532715e-01
4.678714859437750562e+00,5.416666666666666297e-01,5.003388199573051143e-01,5.000000000000518474e-01,5.099456906318664551e-01
4.698795180722891374e+00,5.416666666666666297e-01,5.003311490362514213e-01,5.000000000000464073e-01,5.099663138389587402e-01
4.718875502008032186e+00,5.416666666666666297e-01,5.003237087827039353e-01,5.000000000000414113e-01,5.099863409996032715e-01
4.738955823293172998e+00,5.416666666666666297e-01,5.003165046731394838e-01,5.000000000000370814e-01,5.100062489509582520e-01
4.759036144578312921e+00,5.416666666666666297e-01,5.003095447577432520e-01,5.000000000000333067e-01,5.100261569023132324e-01
4.779116465863453733e+00,5.416666666666666297e-01,5.003028403828607695e-01,5.000000000000299760e-01,5.100457072257995605e-01
4.799196787148594545e+00,5.416666666666666297e-01,5.002964071530405787e-01,5.000000000000270894e-01,5.100653767585754395e-01
4.819277108433734469e+00,5.416666666666666297e-01,5.002902662185726435e-01,5.000000000000245359e-01,5.100846886634826660e-01
4.839357429718875281e+00,5.416666666666666297e-01,5.002844460070507981e-01,5.000000000000223155e-01,5.101038813591003418e-01
4.859437751004016093e+00,5.416666666666666297e-01,5.002789845630867260e-01,5.000000000000205391e-01,5.101224780082702637e-01
4.879518072289156905e+00,5.416666666666666297e-01,5.002739327242816669e-01,5.000000000000188738e-01,5.101417899131774902e-01
4.899598393574296828e+00,5.416666666666666297e-01,5.002693584516726411e-01,5.000000000000172085e-01,5.101599097251892090e-01
4.919678714859437640e+00,5.416666666666666297e-01,5.002653527602757277e-01,5.000000000000158762e-01,5.101786255836486816e-01
4.939759036144578452e+00,5.416666666666666297e-01,5.002620378762292486e-01,5.000000000000149880e-01,5.101972222328186035e-01
4.959839357429719264e+00,5.416666666666666297e-01,5.002595785049206434e-01,5.000000000000142109e-01,5.102154612541198730e-01
4.979919678714859188e+00,5.416666666666666297e-01,5.002581974636907125e-01,5.000000000000137668e-01,5.102334618568420410e-01
5.000000000000000000e+00,5.416666666666666297e-01,5.002581974636907125e-01,5.000000000000137668e-01,5.102512240409851074e-01
0.000000000000000000e+00,5.833333333333332593e-01,6.970592839654071726e-01,6.970592839654071726e-01,6.828349232673645020e-01
2.008032128514056214e-02,5.833333333333332593e-01,6.891755441841782570e-01,6.641733012937146574e-01,6.553439497947692871e-01
4.016064257028112428e-02,5.833333333333332593e-01,6.819400125712976601e-01,6.393018647995653003e-01,6.334167718887329102e-01
6.024096385542168641e-02,5.833333333333332593e-01,6.752654476437012221e-01,6.197169016664413332e-01,6.155406236648559570e-01
8.032128514056224855e-02,5.833333333333332593e-01,6.690790248356066616e-01,6.038075431525776748e-01,6.007042527198791504e-01
1.004016064257028107e-01,5.833333333333332593e-01,6.633196457923824507e-01,5.905778847865343906e-01,5.882112979888916016e-01
1.204819277108433728e-01,5.833333333333332593e-01,6.579358059223032740e-01,5.793842448836392656e-01,5.775677561759948730e-01
1.405622489959839350e-01,5.833333333333332593e-01,6.528838924796604992e-01,5.697922586405186340e-01,5.684123635292053223e-01
1.606425702811244971e-01,5.833333333333332593e-01,6.481268171623193464e-01,5.614964055153653932e-01,5.604791045188903809e-01
1.807228915662650592e-01,5.833333333333332593e-01,6.436329105982036003e-01,5.542732415686030256e-01,5.535666346549987793e-01
2.008032128514056214e-01,5.833333333333332593e-01,6.393750234024760948e-01,5.479534149101840113e-01,5.475168824195861816e-01
2.208835341365461835e-01,5.833333333333332593e-01,6.353297913481877890e-01,5.424044538273524729e-01,5.422065854072570801e-01
2.409638554216867457e-01,5.833333333333332593e-01,6.314770318037742358e-01,5.375198971103801737e-01,5.375348925590515137e-01
2.610441767068273355e-01,5.833333333333332593e-01,6.277992458211580917e-01,5.332122483615058250e-01,5.334176421165466309e-01
2.811244979919678699e-01,5.833333333333332593e-01,6.242812057399071968e-01,5.294082869864562557e-01,5.297847390174865723e-01
3.012048192771084043e-01,5.833333333333332593e-01,6.209096123636358433e-01,5.260458615910347246e-01,5.265769362449645996e-01
3.212851405622489942e-01,5.833333333333332593e-01,6.176728089964387269e-01,5.230716343893433429e-01,5.237419009208679199e-01
3.413654618473895841e-01,5.833333333333332593e-01,6.145605421406347135e-01,5.204394478810956404e-01,5.212357640266418457e-01
3.614457831325301185e-01,5.833333333333332593e-01,6.115637606282500194e-01,5.181091071610872678e-01,5.190191864967346191e-01
3.815261044176706529e-01,5.833333333333332593e-01,6.086744465163947959e-01,5.160454460364657381e-01,5.170575976371765137e-01
4.016064257028112428e-01,5.833333333333332593e-01,6.058854723162790945e-01,5.142175916265514513e-01,5.153221487998962402e-01
4.216867469879518326e-01,5.833333333333332593e-01,6.031904801181231512e-01,5.125983713835695621e-01,5.137863755226135254e-01
4.417670682730923670e-01,5.833333333333332593e-01,6.005837789731347520e-01,5.111638250963209673e-01,5.124263167381286621e-01
4.618473895582329014e-01,5.833333333333332593e-01,5.980602575398107357e-01,5.098927964171199312e-01,5.112233757972717285e-01
4.819277108433734913e-01,5.833333333333332593e-01,5.956153095263336805e-01,5.087665862391693716e-01,5.101578831672668457e-01
5.020080321285140812e-01,5.833333333333332593e-01,5.932447698881433418e-01,5.077686553722197127e-01,5.092157721519470215e-01
5.220883534136546711e-01,5.833333333333332593e-01,5.909448600888661529e-01,5.068843673759028112e-01,5.083816647529602051e-01
5.421686746987951500e-01,5.833333333333332593e-01,5.887121410187846626e-01,5.061007647177448998e-01,5.076434016227722168e-01
5.622489959839357399e-01,5.833333333333332593e-01,5.865434723998566025e-01,5.054063730117303033e-01,5.069913268089294434e-01
5.823293172690763297e-01,5.833333333333332593e-01,5.844359776995381450e-01,5.047910292099524465e-01,5.064148306846618652e-01
6.024096385542168086e-01,5.833333333333332593e-01,5.823870137350524168e-01,5.042457304230495430e-01,5.059055685997009277e-01
6.224899598393573985e-01,5.833333333333332593e-01,5.803941442814357643e-01,5.037625006374215619e-01,5.054556727409362793e-01
6.425702811244979884e-01,5.833333333333332593e-01,5.784551171057730201e-01,5.033342730455319103e-01,5.050595402717590332e-01
6.626506024096385783e-01,5.833333333333332593e-01,5.765678439405464983e-01,5.029547860537387782e-01,5.047103762626647949e-01
6.827309236947791682e-01,5.833333333333332593e-01,5.747303829843043443e-01,5.026184913090684381e-01,5.044034123420715332e-01
7.028112449799196471e-01,5.833333333333332593e-01,5.729409235806154355e-01,5.023204723115255455e-01,5.041338801383972168e-01
7.228915662650602370e-01,5.833333333333332593e-01,5.711977727786979875e-01,5.020563723650792731e-01,5.038974881172180176e-01
7.429718875502008268e-01,5.833333333333332593e-01,5.694993435230354395e-01,5.018223307774105635e-01,5.036908984184265137e-01
7.630522088353413057e-01,5.833333333333332593e-01,5.678441442561531494e-01,5.016149263522162727e-01,5.035106539726257324e-01
7.831325301204818956e-01,5.833333333333332593e-01,5.662307697497628300e-01,5.014311273329064012e-01,5.033542513847351074e-01
8.032128514056224855e-01,5.833333333333332593e-01,5.646578930056761481e-01,5.012682470562643822e-01,5.032185912132263184e-01
8.232931726907630754e-01,5.833333333333332593e-01,5.631242580900321926e-01,5.011239046615804105e-01,5.031018853187561035e-01
8.433734939759036653e-01,5.833333333333332593e-01,5.616286737831907017e-01,5.009959902769183238e-01,5.030018687248229980e-01
8.634538152610441442e-01,5.833333333333332593e-01,5.601700079436151558e-01,5.008826341710513885e-01,5.029172301292419434e-01
8.835341365461847341e-01,5.833333333333332593e-01,5.587471824977027213e-01,5.007821794184977859e-01,5.028449892997741699e-01
9.036144578313253239e-01,5.833333333333332593e-01,5.573591689791687065e-01,5.006931576770350389e-01,5.027857422828674316e-01
9.236947791164658028e-01,5.833333333333332593e-01,5.560049845515725453e-01,5.006142677229448168e-01,5.027371048927307129e-01
9.437751004016063927e-01,5.833333333333332593e-01,5.546836884561455738e-01,5.005443564297984427e-01,5.026982426643371582e-01
9.638554216867469826e-01,5.833333333333332593e-01,5.533943788344741765e-01,5.004824019124726187e-01,5.026676058769226074e-01
9.839357429718875725e-01,5.833333333333332593e-01,5.521361898819463487e-01,5.004274985898241601e-01,5.026449561119079590e-01
1.004016064257028162e+00,5.833333333333332593e-01,5.509082892933984121e-01,5.003788439475751471e-01,5.026294589042663574e-01
1.024096385542168752e+00,5.833333333333332593e-01,5.497098759671570356e-01,5.003357268078459930e-01,5.026198029518127441e-01
1.044176706827309342e+00,5.833333333333332593e-01,5.485401779378263898e-01,5.002975169338251815e-01,5.026159882545471191e-01
1.064257028112449710e+00,5.833333333333332593e-01,5.473984505117748256e-01,5.002636558175979076e-01,5.026172995567321777e-01
1.084337349397590300e+00,5.833333333333332593e-01,5.462839745824136228e-01,5.002336485164595725e-01,5.026234984397888184e-01
1.104417670682730890e+00,5.833333333333332593e-01,5.451960551051060477e-01,5.002070564183767054e-01,5.026335120201110840e-01
1.124497991967871480e+00,5.833333333333332593e-01,5.441340197139401536e-01,5.001834908308385730e-01,5.026475787162780762e-01
1.144578313253012070e+00,5.833333333333332593e-01,5.430972174646964135e-01,5.001626072993836658e-01,5.026649832725524902e-01
1.164658634538152659e+00,5.833333333333332593e-01,5.420850176901790274e-01,5.001441005727531586e-01,5.026854872703552246e-01
1.184738955823293249e+00,5.833333333333332593e-01,5.410968089556938976e-01,5.001277001410754375e-01,5.027090907096862793e-01
1.204819277108433617e+00,5.833333333333332593e-01,5.401319981038710250e-01,5.001131662818615320e-01,5.027346014976501465e-01
1.224899598393574207e+00,5.833333333333332593e-01,5.391900093792784121e-01,5.001002865560182364e-01,5.027633309364318848e-01
1.244979919678714797e+00,5.833333333333332593e-01,5.382702836243667965e-01,5.000888727026565617e-01,5.027934908866882324e-01
1.265060240963855387e+00,5.833333333333332593e-01,5.373722775392537621e-01,5.000787578873125971e-01,5.028261542320251465e-01
1.285140562248995977e+00,5.833333333333332593e-01,5.364954629987058743e-01,5.000697942633535176e-01,5.028604865074157715e-01
1.305220883534136567e+00,5.833333333333332593e-01,5.356393264204285520e-01,5.000618508109272442e-01,5.028969645500183105e-01
1.325301204819277157e+00,5.833333333333332593e-01,5.348033681794363003e-01,5.000548114218649198e-01,5.029341578483581543e-01
1.345381526104417746e+00,5.833333333333332593e-01,5.339871020638650156e-01,5.000485732025474750e-01,5.029738545417785645e-01
1.365461847389558336e+00,5.833333333333332593e-01,5.331900547681007740e-01,5.000430449699253543e-01,5.030142664909362793e-01
1.385542168674698704e+00,5.833333333333332593e-01,5.324117654195598126e-01,5.000381459187105415e-01,5.030561089515686035e-01
1.405622489959839294e+00,5.833333333333332593e-01,5.316517851358639746e-01,5.000338044402586890e-01,5.030985474586486816e-01
1.425702811244979884e+00,5.833333333333332593e-01,5.309096766095047215e-01,5.000299570758770518e-01,5.031432509422302246e-01
1.445783132530120474e+00,5.833333333333332593e-01,5.301850137174172195e-01,5.000265475892587963e-01,5.031881928443908691e-01
1.465863453815261064e+00,5.833333333333332593e-01,5.294773811531595653e-01,5.000235261444857526e-01,5.032339692115783691e-01
1.485943775100401654e+00,5.833333333333332593e-01,5.287863740796465706e-01,5.000208485775852196e-01,5.032811760902404785e-01
1.506024096385542244e+00,5.833333333333332593e-01,5.281115978006043488e-01,5.000184757509923417e-01,5.033292174339294434e-01
1.526104417670682611e+00,5.833333333333332593e-01,5.274526674491140099e-01,5.000163729814821600e-01,5.033776164054870605e-01
1.546184738955823201e+00,5.833333333333332593e-01,5.268092076917789690e-01,5.000145095332105827e-01,5.034272074699401855e-01
1.566265060240963791e+00,5.833333333333332593e-01,5.261808524472134652e-01,5.000128581684538664e-01,5.034771561622619629e-01
1.586345381526104381e+00,5.833333333333332593e-01,5.255672446176788970e-01,5.000113947494788658e-01,5.035278201103210449e-01
1.606425702811244971e+00,5.833333333333332593e-01,5.249680358328232543e-01,5.000100978857257017e-01,5.035789608955383301e-01
1.626506024096385561e+00,5.833333333333332593e-01,5.243828862045827321e-01,5.000089486211454215e-01,5.036309361457824707e-01
1.646586345381526151e+00,5.833333333333332593e-01,5.238114640924017573e-01,5.000079301571217494e-01,5.036835074424743652e-01
1.666666666666666741e+00,5.833333333333332593e-01,5.232534458780144782e-01,5.000070276069300546e-01,5.037363171577453613e-01
1.686746987951807331e+00,5.833333333333332593e-01,5.227085157491059286e-01,5.000062277781390785e-01,5.037898421287536621e-01
1.706827309236947698e+00,5.833333333333332593e-01,5.221763654912373598e-01,5.000055189797802946e-01,5.038437247276306152e-01
1.726907630522088288e+00,5.833333333333332593e-01,5.216566942874839574e-01,5.000048908514620472e-01,5.038982033729553223e-01
1.746987951807228878e+00,5.833333333333332593e-01,5.211492085252829032e-01,5.000043342119334655e-01,5.039524435997009277e-01
1.767068273092369468e+00,5.833333333333332593e-01,5.206536216100401404e-01,5.000038409248840354e-01,5.040076375007629395e-01
1.787148594377510058e+00,5.833333333333332593e-01,5.201696537850859503e-01,5.000034037800160647e-01,5.040629506111145020e-01
1.807228915662650648e+00,5.833333333333332593e-01,5.196970319576069697e-01,5.000030163876534317e-01,5.041188597679138184e-01
1.827309236947791238e+00,5.833333333333332593e-01,5.192354895302160323e-01,5.000026730853444068e-01,5.041748881340026855e-01
1.847389558232931606e+00,5.833333333333332593e-01,5.187847662378541891e-01,5.000023688550940815e-01,5.042315125465393066e-01
1.867469879518072196e+00,5.833333333333332593e-01,5.183446079897415792e-01,5.000020992500175954e-01,5.042877793312072754e-01
1.887550200803212785e+00,5.833333333333332593e-01,5.179147667161221325e-01,5.000018603293410191e-01,5.043446421623229980e-01
1.907630522088353375e+00,5.833333333333332593e-01,5.174950002195660703e-01,5.000016486007994310e-01,5.044016242027282715e-01
1.927710843373493965e+00,5.833333333333332593e-01,5.170850720306144899e-01,5.000014609695907497e-01,5.044586062431335449e-01
1.947791164658634555e+00,5.833333333333332593e-01,5.166847512675695198e-01,5.000012946931399194e-01,5.045154690742492676e-01
1.967871485943775145e+00,5.833333333333332593e-01,5.162938125002439760e-01,5.000011473410105323e-01,5.045728087425231934e-01
1.987951807228915735e+00,5.833333333333332593e-01,5.159120356175039834e-01,5.000010167593801347e-01,5.046303868293762207e-01
2.008032128514056325e+00,5.833333333333332593e-01,5.155392056984476890e-01,5.000009010395580766e-01,5.046878457069396973e-01
2.028112449799196693e+00,5.833333333333332593e-01,5.151751128870745156e-01,5.000007984900864955e-01,5.047451853752136230e-01
2.048192771084337505e+00,5.833333333333332593e-01,5.148195522703098437e-01,5.000007076120158711e-01,5.048028826713562012e-01
2.068273092369477872e+00,5.833333333333332593e-01,5.144723237592599974e-01,5.000006270769964400e-01,5.048605799674987793e-01
2.088353413654618684e+00,5.833333333333332593e-01,5.141332319735800738e-01,5.000005557078608387e-01,5.049183964729309082e-01
2.108433734939759052e+00,5.833333333333332593e-01,5.138020861288424834e-01,5.000004924614175339e-01,5.049758553504943848e-01
2.128514056224899420e+00,5.833333333333332593e-01,5.134786999268071694e-01,5.000004364132035750e-01,5.050333142280578613e-01
2.148594377510040232e+00,5.833333333333332593e-01,5.131628914484899218e-01,5.000003867439711813e-01,5.050908923149108887e-01
2.168674698795180600e+00,5.833333333333332593e-01,5.128544830499445206e-01,5.000003427277133206e-01,5.051481127738952637e-01
2.188755020080321412e+00,5.833333333333332593e-01,5.125533012606660055e-01,5.000003037210514201e-01,5.052058100700378418e-01
2.208835341365461780e+00,5.833333333333332593e-01,5.122591766845366879e-01,5.000002691538311117e-01,5.052627921104431152e-01
2.228915662650602592e+00,5.833333333333332593e-01,5.119719439032355268e-01,5.000002385207887867e-01,5.053196549415588379e-01
2.248995983935742959e+00,5.833333333333332593e-01,5.116914413820385921e-01,5.000002113741662813e-01,5.053771138191223145e-01
2.269076305220883327e+00,5.833333333333332593e-01,5.114175113779378945e-01,5.000001873171661115e-01,5.054336190223693848e-01
2.289156626506024139e+00,5.833333333333332593e-01,5.111499998500147468e-01,5.000001659981511137e-01,5.054906010627746582e-01
2.309236947791164507e+00,5.833333333333332593e-01,5.108887563719998193e-01,5.000001471055038893e-01,5.055469870567321777e-01
2.329317269076305319e+00,5.833333333333332593e-01,5.106336340469632695e-01,5.000001303630743354e-01,5.056034922599792480e-01
2.349397590361445687e+00,5.833333333333332593e-01,5.103844894240702201e-01,5.000001155261407648e-01,5.056598782539367676e-01
2.369477911646586499e+00,5.833333333333332593e-01,5.101411824173521792e-01,5.000001023778343212e-01,5.057155489921569824e-01
2.389558232931726867e+00,5.833333333333332593e-01,5.099035762264348959e-01,5.000000907259682936e-01,5.057709813117980957e-01
2.409638554216867234e+00,5.833333333333332593e-01,5.096715372591713589e-01,5.000000804002289190e-01,5.058266520500183105e-01
2.429718875502008046e+00,5.833333333333332593e-01,5.094449350561337519e-01,5.000000712496863731e-01,5.058816075325012207e-01
2.449799196787148414e+00,5.833333333333332593e-01,5.092236422169101884e-01,5.000000631405893126e-01,5.059369206428527832e-01
2.469879518072289226e+00,5.833333333333332593e-01,5.090075343281642573e-01,5.000000559544077738e-01,5.059912800788879395e-01
2.489959839357429594e+00,5.833333333333332593e-01,5.087964898934099756e-01,5.000000495861030014e-01,5.060457587242126465e-01
2.510040160642570406e+00,5.833333333333332593e-01,5.085903902644582919e-01,5.000000439425902332e-01,5.060997605323791504e-01
2.530120481927710774e+00,5.833333333333332593e-01,5.083891195744945080e-01,5.000000389413790103e-01,5.061537623405456543e-01
2.550200803212851586e+00,5.833333333333332593e-01,5.081925646727448731e-01,5.000000345093676968e-01,5.062069296836853027e-01
2.570281124497991954e+00,5.833333333333332593e-01,5.080006150606917181e-01,5.000000305817741131e-01,5.062605738639831543e-01
2.590361445783132321e+00,5.833333333333332593e-01,5.078131628298017120e-01,5.000000271011895148e-01,5.063135027885437012e-01
2.610441767068273133e+00,5.833333333333332593e-01,5.076301026007253858e-01,5.000000240167384868e-01,5.063657164573669434e-01
2.630522088353413501e+00,5.833333333333332593e-01,5.074513314639361727e-01,5.000000212833363156e-01,5.064181685447692871e-01
2.650602409638554313e+00,5.833333333333332593e-01,5.072767489217716586e-01,5.000000188610294050e-01,5.064696669578552246e-01
2.670682730923694681e+00,5.833333333333332593e-01,5.071062568318426278e-01,5.000000167144110774e-01,5.065215229988098145e-01
2.690763052208835493e+00,5.833333333333332593e-01,5.069397593517774858e-01,5.000000148121043209e-01,5.065726637840270996e-01
2.710843373493975861e+00,5.833333333333332593e-01,5.067771628852697496e-01,5.000000131263037106e-01,5.066233277320861816e-01
2.730923694779116673e+00,5.833333333333332593e-01,5.066183760293959670e-01,5.000000116323680688e-01,5.066741108894348145e-01
2.751004016064257041e+00,5.833333333333332593e-01,5.064633095231756421e-01,5.000000103084608627e-01,5.067242980003356934e-01
2.771084337349397408e+00,5.833333333333332593e-01,5.063118761973411930e-01,5.000000091352309051e-01,5.067740082740783691e-01
2.791164658634538220e+00,5.833333333333332593e-01,5.061639909252900749e-01,5.000000080955291359e-01,5.068233609199523926e-01
2.811244979919678588e+00,5.833333333333332593e-01,5.060195705751909800e-01,5.000000071741582675e-01,5.068721175193786621e-01
2.831325301204819400e+00,5.833333333333332593e-01,5.058785339632152489e-01,5.000000063576505172e-01,5.069212317466735840e-01
2.851405622489959768e+00,5.833333333333332593e-01,5.057408018078687340e-01,5.000000056340717647e-01,5.069692730903625488e-01
2.871485943775100580e+00,5.833333333333332593e-01,5.056062966853958063e-01,5.000000049928452484e-01,5.070171952247619629e-01
2.891566265060240948e+00,5.833333333333332593e-01,5.054749429862323007e-01,5.000000044245984654e-01,5.070646405220031738e-01
2.911646586345381316e+00,5.833333333333332593e-01,5.053466668724795330e-01,5.000000039210248381e-01,5.071114897727966309e-01
2.931726907630522128e+00,5.833333333333332593e-01,5.052213962363786282e-01,5.000000034747639210e-01,5.071584582328796387e-01
2.951807228915662495e+00,5.833333333333332593e-01,5.050990606597586252e-01,5.000000030792932648e-01,5.072045922279357910e-01
2.971887550200803307e+00,5.833333333333332593e-01,5.049795913744368203e-01,5.000000027288320492e-01,5.072502493858337402e-01
2.991967871485943675e+00,5.833333333333332593e-01,5.048629212235486996e-01,5.000000024182579272e-01,5.072962641716003418e-01
3.012048192771084487e+00,5.833333333333332593e-01,5.047489846237855904e-01,5.000000021430308639e-01,5.073409676551818848e-01
3.032128514056224855e+00,5.833333333333332593e-01,5.046377175285172711e-01,5.000000018991278550e-01,5.073859095573425293e-01
3.052208835341365223e+00,5.833333333333332593e-01,5.045290573917806665e-01,5.000000016829840854e-01,5.074297785758972168e-01
3.072289156626506035e+00,5.833333333333332593e-01,5.044229431331136437e-01,5.000000014914398605e-01,5.074738860130310059e-01
3.092369477911646403e+00,5.833333333333332593e-01,5.043193151032124844e-01,5.000000013216959749e-01,5.075175166130065918e-01
3.112449799196787215e+00,5.833333333333332593e-01,5.042181150503964870e-01,5.000000011712711911e-01,5.075610280036926270e-01
3.132530120481927582e+00,5.833333333333332593e-01,5.041192860878572768e-01,5.000000010379663795e-01,5.076034665107727051e-01
3.152610441767068394e+00,5.833333333333332593e-01,5.040227726616782755e-01,5.000000009198335427e-01,5.076457858085632324e-01
3.172690763052208762e+00,5.833333333333332593e-01,5.039285205196023520e-01,5.000000008151456177e-01,5.076878666877746582e-01
3.192771084337349574e+00,5.833333333333332593e-01,5.038364766805338846e-01,5.000000007223724952e-01,5.077292323112487793e-01
3.212851405622489942e+00,5.833333333333332593e-01,5.037465894047534753e-01,5.000000006401578156e-01,5.077704787254333496e-01
3.232931726907630310e+00,5.833333333333332593e-01,5.036588081648347703e-01,5.000000005673003178e-01,5.078114867210388184e-01
3.253012048192771122e+00,5.833333333333332593e-01,5.035730836172400693e-01,5.000000005027348537e-01,5.078517794609069824e-01
3.273092369477911490e+00,5.833333333333332593e-01,5.034893675745850672e-01,5.000000004455175118e-01,5.078920722007751465e-01
3.293172690763052302e+00,5.833333333333332593e-01,5.034076129785514109e-01,5.000000003948125160e-01,5.079317688941955566e-01
3.313253012048192669e+00,5.833333333333332593e-01,5.033277738734379669e-01,5.000000003498785706e-01,5.079708695411682129e-01
3.333333333333333481e+00,5.833333333333332593e-01,5.032498053803302618e-01,5.000000003100588675e-01,5.080098509788513184e-01
3.353413654618473849e+00,5.833333333333332593e-01,5.031736636718779909e-01,5.000000002747710948e-01,5.080478787422180176e-01
3.373493975903614661e+00,5.833333333333332593e-01,5.030993059476629448e-01,5.000000002434992208e-01,5.080863833427429199e-01
3.393574297188755029e+00,5.833333333333332593e-01,5.030266904101480252e-01,5.000000002157864998e-01,5.081238150596618652e-01
3.413654618473895397e+00,5.833333333333332593e-01,5.029557762411887012e-01,5.000000001912277003e-01,5.081613659858703613e-01
3.433734939759036209e+00,5.833333333333332593e-01,5.028865235790984656e-01,5.000000001694642204e-01,5.081984400749206543e-01
3.453815261044176577e+00,5.833333333333332593e-01,5.028188934962534162e-01,5.000000001501777591e-01,5.082351565361022949e-01
3.473895582329317389e+00,5.833333333333332593e-01,5.027528479772239711e-01,5.000000001330860977e-01,5.082713961601257324e-01
3.493975903614457756e+00,5.833333333333332593e-01,5.026883498974217268e-01,5.000000001179399911e-01,5.083072781562805176e-01
3.514056224899598568e+00,5.833333333333332593e-01,5.026253630022500252e-01,5.000000001045178388e-01,5.083428025245666504e-01
3.534136546184738936e+00,5.833333333333332593e-01,5.025638518867471261e-01,5.000000000926231314e-01,5.083779692649841309e-01
3.554216867469879304e+00,5.833333333333332593e-01,5.025037819757103286e-01,5.000000000820823409e-01,5.084131360054016113e-01
3.574297188755020116e+00,5.833333333333332593e-01,5.024451195042918261e-01,5.000000000727408134e-01,5.084473490715026855e-01
3.594377510040160484e+00,5.833333333333332593e-01,5.023878314990548599e-01,5.000000000644625464e-01,5.084814429283142090e-01
3.614457831325301296e+00,5.833333333333332593e-01,5.023318857594805120e-01,5.000000000571265257e-01,5.085155367851257324e-01
3.634538152610441664e+00,5.833333333333332593e-01,5.022772508399168112e-01,5.000000000506253928e-01,5.085489153861999512e-01
3.654618473895582476e+00,5.833333333333332593e-01,5.022238960319598267e-01,5.000000000448642234e-01,5.085820555686950684e-01
3.674698795180722843e+00,5.833333333333332593e-01,5.021717913472597550e-01,5.000000000397586408e-01,5.086147189140319824e-01
3.694779116465863211e+00,5.833333333333332593e-01,5.021209075007413425e-01,5.000000000352341489e-01,5.086477398872375488e-01
3.714859437751004023e+00,5.833333333333332593e-01,5.020712158942344239e-01,5.000000000312246895e-01,5.086796879768371582e-01
3.734939759036144391e+00,5.833333333333332593e-01,5.020226886005053624e-01,5.000000000276714207e-01,5.087116360664367676e-01
3.755020080321285203e+00,5.833333333333332593e-01,5.019752983476828412e-01,5.000000000245224951e-01,5.087425112724304199e-01
3.775100401606425571e+00,5.833333333333332593e-01,5.019290185040736763e-01,5.000000000217318386e-01,5.087741017341613770e-01
3.795180722891566383e+00,5.833333333333332593e-01,5.018838230633623221e-01,5.000000000192589278e-01,5.088049769401550293e-01
3.815261044176706751e+00,5.833333333333332593e-01,5.018396866301901849e-01,5.000000000170673475e-01,5.088356137275695801e-01
3.835341365461847563e+00,5.833333333333332593e-01,5.017965844061117453e-01,5.000000000151251234e-01,5.088660120964050293e-01
3.855421686746987930e+00,5.833333333333332593e-01,5.017544921759239385e-01,5.000000000134040556e-01,5.088958144187927246e-01
3.875502008032128298e+00,5.833333333333332593e-01,5.017133862943700118e-01,5.000000000118786092e-01,5.089256167411804199e-01
3.895582329317269110e+00,5.833333333333332593e-01,5.016732436732144196e-01,5.000000000105269127e-01,5.089548230171203613e-01
3.915662650602409478e+00,5.833333333333332593e-01,5.016340417686929731e-01,5.000000000093289820e-01,5.089842677116394043e-01
3.935742971887550290e+00,5.833333333333332593e-01,5.015957585693401333e-01,5.000000000082676088e-01,5.090127587318420410e-01
3.955823293172690658e+00,5.833333333333332593e-01,5.015583725842006624e-01,5.000000000073272499e-01,5.090411305427551270e-01
3.975903614457831470e+00,5.833333333333332593e-01,5.015218628314289662e-01,5.000000000064938055e-01,5.090693831443786621e-01
3.995983935742971838e+00,5.833333333333332593e-01,5.014862088272911134e-01,5.000000000057551741e-01,5.090972781181335449e-01
4.016064257028112650e+00,5.833333333333332593e-01,5.014513905755781931e-01,5.000000000051005866e-01,5.091250538825988770e-01
4.036144578313252573e+00,5.833333333333332593e-01,5.014173885574509937e-01,5.000000000045206061e-01,5.091525912284851074e-01
4.056224899598393385e+00,5.833333333333332593e-01,5.013841837217348774e-01,5.000000000040066839e-01,5.091796517372131348e-01
4.076305220883534197e+00,5.833333333333332593e-01,5.013517574756914952e-01,5.000000000035511594e-01,5.092062354087829590e-01
4.096385542168675009e+00,5.833333333333332593e-01,5.013200916762972081e-01,5.000000000031475933e-01,5.092329382896423340e-01
4.116465863453814933e+00,5.833333333333332593e-01,5.012891686220687371e-01,5.000000000027898794e-01,5.092594027519226074e-01
4.136546184738955745e+00,5.833333333333332593e-01,5.012589710454793401e-01,5.000000000024727997e-01,5.092856287956237793e-01
4.156626506024096557e+00,5.833333333333332593e-01,5.012294821060239158e-01,5.000000000021921354e-01,5.093114972114562988e-01
4.176706827309237369e+00,5.833333333333332593e-01,5.012006853839972020e-01,5.000000000019432234e-01,5.093366503715515137e-01
4.196787148594377292e+00,5.833333333333332593e-01,5.011725648750676720e-01,5.000000000017226220e-01,5.093623995780944824e-01
4.216867469879518104e+00,5.833333333333332593e-01,5.011451049857412743e-01,5.000000000015272228e-01,5.093873143196105957e-01
4.236947791164658916e+00,5.833333333333332593e-01,5.011182905298338097e-01,5.000000000013538060e-01,5.094119906425476074e-01
4.257028112449798840e+00,5.833333333333332593e-01,5.010921067260895034e-01,5.000000000012004842e-01,5.094367861747741699e-01
4.277108433734939652e+00,5.833333333333332593e-01,5.010665391971143023e-01,5.000000000010643708e-01,5.094611048698425293e-01
4.297188755020080464e+00,5.833333333333332593e-01,5.010415739698297344e-01,5.000000000009433565e-01,5.094848275184631348e-01
4.317269076305221276e+00,5.833333333333332593e-01,5.010171974776911341e-01,5.000000000008362200e-01,5.095089077949523926e-01
4.337349397590361200e+00,5.833333333333332593e-01,5.009933965649732146e-01,5.000000000007414069e-01,5.095326304435729980e-01
4.357429718875502012e+00,5.833333333333332593e-01,5.009701584934890262e-01,5.000000000006573631e-01,5.095559954643249512e-01
4.377510040160642824e+00,5.833333333333332593e-01,5.009474709521946068e-01,5.000000000005829781e-01,5.095795989036560059e-01
4.397590361445782747e+00,5.833333333333332593e-01,5.009253220702341025e-01,5.000000000005172529e-01,5.096023678779602051e-01
4.417670682730923559e+00,5.833333333333332593e-01,5.009037004341174715e-01,5.000000000004589662e-01,5.096252560615539551e-01
4.437751004016064371e+00,5.833333333333332593e-01,5.008825951098898610e-01,5.000000000004073408e-01,5.096477866172790527e-01
4.457831325301205183e+00,5.833333333333332593e-01,5.008619956713756816e-01,5.000000000003612666e-01,5.096701979637145996e-01
4.477911646586345107e+00,5.833333333333332593e-01,5.008418922358582881e-01,5.000000000003207434e-01,5.096923708915710449e-01
4.497991967871485919e+00,5.833333333333332593e-01,5.008222755089316580e-01,5.000000000002846612e-01,5.097143054008483887e-01
4.518072289156626731e+00,5.833333333333332593e-01,5.008031368407360739e-01,5.000000000002530198e-01,5.097361207008361816e-01
4.538152610441766655e+00,5.833333333333332593e-01,5.007844682964248673e-01,5.000000000002248202e-01,5.097574591636657715e-01
4.558232931726907466e+00,5.833333333333332593e-01,5.007662627445488290e-01,5.000000000001999512e-01,5.097787976264953613e-01
4.578313253012048278e+00,5.833333333333332593e-01,5.007485139681459030e-01,5.000000000001779688e-01,5.098000168800354004e-01
4.598393574297189090e+00,5.833333333333332593e-01,5.007312168048102530e-01,5.000000000001584288e-01,5.098212361335754395e-01
4.618473895582329014e+00,5.833333333333332593e-01,5.007143673239830006e-01,5.000000000001412204e-01,5.098418593406677246e-01
4.638554216867469826e+00,5.833333333333332593e-01,5.006979630523685776e-01,5.000000000001254552e-01,5.098624825477600098e-01
4.658634538152610638e+00,5.833333333333332593e-01,5.006820032619559990e-01,5.000000000001117995e-01,5.098829865455627441e-01
4.678714859437750562e+00,5.833333333333332593e-01,5.006664893399673799e-01,5.000000000000995870e-01,5.099034905433654785e-01
4.698795180722891374e+00,5.833333333333332593e-01,5.006514252666243170e-01,5.000000000000888178e-01,5.099236369132995605e-01
4.718875502008032186e+00,5.833333333333332593e-01,5.006368182355722674e-01,5.000000000000793809e-01,5.099431872367858887e-01
4.738955823293172998e+00,5.833333333333332593e-01,5.006226794640188382e-01,5.000000000000707212e-01,5.099630951881408691e-01
4.759036144578312921e+00,5.833333333333332593e-01,5.006090252563811793e-01,5.000000000000635048e-01,5.099825263023376465e-01
4.779116465863453733e+00,5.833333333333332593e-01,5.005958784082432667e-01,5.000000000000570655e-01,5.100020766258239746e-01
4.799196787148594545e+00,5.833333333333332593e-01,5.005832700691275061e-01,5.000000000000512923e-01,5.100213885307312012e-01
4.819277108433734469e+00,5.833333333333332593e-01,5.005712422264397832e-01,5.000000000000461853e-01,5.100404620170593262e-01
4.839357429718875281e+00,5.833333333333332593e-01,5.005598510337678775e-01,5.000000000000417444e-01,5.100591778755187988e-01
4.859437751004016093e+00,5.833333333333332593e-01,5.005491712913900937e-01,5.000000000000380806e-01,5.100778937339782715e-01
4.879518072289156905e+00,5.833333333333332593e-01,5.005393025051037004e-01,5.000000000000346390e-01,5.100966095924377441e-01
4.899598393574296828e+00,5.833333333333332593e-01,5.005303771152526116e-01,5.000000000000319744e-01,5.101148486137390137e-01
4.919678714859437640e+00,5.833333333333332593e-01,5.005225717210478598e-01,5.000000000000294209e-01,5.101334452629089355e-01
4.939759036144578452e+00,5.833333333333332593e-01,5.005161224546373910e-01,5.000000000000276446e-01,5.101514458656311035e-01
4.959839357429719264e+00,5.833333333333332593e-01,5.005113461263869246e-01,5.000000000000262013e-01,5.101692080497741699e-01
4.979919678714859188e+00,5.833333333333332593e-01,5.005086694276444925e-01,5.000000000000253131e-01,5.101869702339172363e-01
5.000000000000000000e+00,5.833333333333332593e-01,5.005086694276444925e-01,5.000000000000253131e-01,5.102052092552185059e-01
0.000000000000000000e+00,6.250000000000000000e-01,7.772998611746910758e-01,7.772998611746910758e-01,7.625733017921447754e-01
2.008032128514056214e-02,6.250000000000000000e-01,7.673364562713588244e-01,7.340717074534567343e-01,7.244719266891479492e-01
4.016064257028112428e-02,6.250000000000000000e-01,7.580601531472387355e-01,7.003206361068832209e-01,6.936191320419311523e-01
6.024096385542168641e-02,6.250000000000000000e-01,7.493924330732774086e-01,6.731394711477918236e-01,6.681892275810241699e-01
8.032128514056224855e-02,6.250000000000000000e-01,7.412654938148206529e-01,6.507075863970397389e-01,6.469122767448425293e-01
1.004016064257028107e-01,6.250000000000000000e-01,7.336207539693999635e-01,6.318456283875328872e-01,6.288830041885375977e-01
1.204819277108433728e-01,6.250000000000000000e-01,7.264075456104901463e-01,6.157614029542256562e-01,6.134457588195800781e-01
1.405622489959839350e-01,6.250000000000000000e-01,7.195819813103443430e-01,6.019026175446868798e-01,6.001147627830505371e-01
1.606425702811244971e-01,6.250000000000000000e-01,7.131059782858462093e-01,5.898698640547126448e-01,5.885260701179504395e-01
1.807228915662650592e-01,6.250000000000000000e-01,7.069464216185944450e-01,5.793640766734999836e-01,5.783989429473876953e-01
2.008032128514056214e-01,6.250000000000000000e-01,7.010744490588847189e-01,5.701540872258435977e-01,5.695157051086425781e-01
2.208835341365461835e-01,6.250000000000000000e-01,6.954648411645105721e-01,5.620561309502875025e-01,5.617007613182067871e-01
2.409638554216867457e-01,6.250000000000000000e-01,6.900955020719761190e-01,5.549206000408040129e-01,5.548105835914611816e-01
2.610441767068273355e-01,6.250000000000000000e-01,6.849470178361712902e-01,5.486232770628113320e-01,5.487266182899475098e-01
2.811244979919678699e-01,6.250000000000000000e-01,6.800022808841050814e-01,5.430593879512974897e-01,5.433489680290222168e-01
3.012048192771084043e-01,6.250000000000000000e-01,6.752461706422159260e-01,5.381394610509255827e-01,5.385912060737609863e-01
3.212851405622489942e-01,6.250000000000000000e-01,6.706652817806979527e-01,5.337863635878701274e-01,5.343796610832214355e-01
3.413654618473895841e-01,6.250000000000000000e-01,6.662476927576248542e-01,5.299331200738142122e-01,5.306507945060729980e-01
3.614457831325301185e-01,6.250000000000000000e-01,6.619827684382870725e-01,5.265212604757454340e-01,5.273479819297790527e-01
3.815261044176706529e-01,6.250000000000000000e-01,6.578609915165568589e-01,5.234995352783977651e-01,5.244225859642028809e-01
4.016064257028112428e-01,6.250000000000000000e-01,6.538738182852686931e-01,5.208228908273065949e-01,5.218302607536315918e-01
4.216867469879518326e-01,6.250000000000000000e-01,6.500135550039302101e-01,5.184516341480285284e-01,5.195347666740417480e-01
4.417670682730923670e-01,6.250000000000000000e-01,6.462732517078553229e-01,5.163507394432089725e-01,5.175011754035949707e-01
4.618473895582329014e-01,6.250000000000000000e-01,6.426466108062762750e-01,5.144892633911519741e-01,5.157005190849304199e-01
4.819277108433734913e-01,6.250000000000000000e-01,6.391279082407003154e-01,5.128398461470292657e-01,5.141059756278991699e-01
5.020080321285140812e-01,6.250000000000000000e-01,6.357119253302809803e-01,5.113782814288432288e-01,5.126947760581970215e-01
5.220883534136546711e-01,6.250000000000000000e-01,6.323938897285903415e-01,5.100831434247141694e-01,5.114460587501525879e-01
5.421686746987951500e-01,6.250000000000000000e-01,6.291694241649872232e-01,5.089354612310137416e-01,5.103419423103332520e-01
5.622489959839357399e-01,6.250000000000000000e-01,6.260345018516331184e-01,5.079184335992621424e-01,5.093656182289123535e-01
5.823293172690763297e-01,6.250000000000000000e-01,6.229854076108405359e-01,5.070171782402191907e-01,5.085034966468811035e-01
6.024096385542168086e-01,6.250000000000000000e-01,6.200187039225405483e-01,5.062185110044887804e-01,5.077419877052307129e-01
6.224899598393573985e-01,6.250000000000000000e-01,6.171312012130275582e-01,5.055107510589732511e-01,5.070704817771911621e-01
6.425702811244979884e-01,6.250000000000000000e-01,6.143199318077934290e-01,5.048835487918691411e-01,5.064786076545715332e-01
6.626506024096385783e-01,6.250000000000000000e-01,6.115821270565373613e-01,5.043277336610570982e-01,5.059573054313659668e-01
6.827309236947791682e-01,6.250000000000000000e-01,6.089151972101097821e-01,5.038351795886035767e-01,5.054990649223327637e-01
7.028112449799196471e-01,6.250000000000000000e-01,6.063167136895175613e-01,5.033986858224699379e-01,5.050967335700988770e-01
7.228915662650602370e-01,6.250000000000000000e-01,6.037843934380763278e-01,5.030118714524044465e-01,5.047436356544494629e-01
7.429718875502008268e-01,6.250000000000000000e-01,6.013160850909220478e-01,5.026690819921523223e-01,5.044350028038024902e-01
7.630522088353413057e-01,6.250000000000000000e-01,5.989097567326788774e-01,5.023653066329264449e-01,5.041653513908386230e-01
7.831325301204818956e-01,6.250000000000000000e-01,5.965634850451942972e-01,5.020961049396300835e-01,5.039307475090026855e-01
8.032128514056224855e-01,6.250000000000000000e-01,5.942754456737804336e-01,5.018575419061394038e-01,5.037272572517395020e-01
8.232931726907630754e-01,6.250000000000000000e-01,5.920439046630894264e-01,5.016461304125005016e-01,5.035507082939147949e-01
8.433734939759036653e-01,6.250000000000000000e-01,5.898672108331753927e-01,5.014587802378981385e-01,5.033990740776062012e-01
8.634538152610441442e-01,6.250000000000000000e-01,5.877437889830005036e-01,5.012927528808771571e-01,5.032691359519958496e-01
8.835341365461847341e-01,6.250000000000000000e-01,5.856721338230221896e-01,5.011456215243468293e-01,5.031582713127136230e-01
9.036144578313253239e-01,6.250000000000000000e-01,5.836508045508983500e-01,5.010152355588407547e-01,5.030648112297058105e-01
9.236947791164658028e-01,6.250000000000000000e-01,5.816784199950947309e-01,5.008996891446086952e-01,5.029870867729187012e-01
9.437751004016063927e-01,6.250000000000000000e-01,5.797536542604714294e-01,5.007972933524683645e-01,5.029224753379821777e-01
9.638554216867469826e-01,6.250000000000000000e-01,5.778752328180087883e-01,5.007065514758446412e-01,5.028705000877380371e-01
9.839357429718875725e-01,6.250000000000000000e-01,5.760419289878647708e-01,5.006261371529079351e-01,5.028290152549743652e-01
1.004016064257028162e+00,6.250000000000000000e-01,5.742525607710757818e-01,5.005548749788789609e-01,5.027974247932434082e-01
1.024096385542168752e+00,6.250000000000000000e-01,5.725059879905699534e-01,5.004917233250206765e-01,5.027739405632019043e-01
1.044176706827309342e+00,6.250000000000000000e-01,5.708011097068271811e-01,5.004357591131202154e-01,5.027589201927185059e-01
1.064257028112449710e+00,6.250000000000000000e-01,5.691368618776229127e-01,5.003861643228768585e-01,5.027508139610290527e-01
1.084337349397590300e+00,6.250000000000000000e-01,5.675122152348710536e-01,5.003422140349491620e-01,5.027486681938171387e-01
1.104417670682730890e+00,6.250000000000000000e-01,5.659261733547409357e-01,5.003032658348728345e-01,5.027517676353454590e-01
1.124497991967871480e+00,6.250000000000000000e-01,5.643777708999785370e-01,5.002687504229581528e-01,5.027596354484558105e-01
1.144578313253012070e+00,6.250000000000000000e-01,5.628660720158032982e-01,5.002381632929063793e-01,5.027726292610168457e-01
1.164658634538152659e+00,6.250000000000000000e-01,5.613901688628909481e-01,5.002110573575087038e-01,5.027890801429748535e-01
1.184738955823293249e+00,6.250000000000000000e-01,5.599491802728383538e-01,5.001870364136351554e-01,5.028095841407775879e-01
1.204819277108433617e+00,6.250000000000000000e-01,5.585422505131717452e-01,5.001657493509918950e-01,5.028330683708190918e-01
1.224899598393574207e+00,6.250000000000000000e-01,5.571685481504260462e-01,5.001468850199929372e-01,5.028592944145202637e-01
1.244979919678714797e+00,6.250000000000000000e-01,5.558272650011198968e-01,5.001301676837371923e-01,5.028881430625915527e-01
1.265060240963855387e+00,6.250000000000000000e-01,5.545176151615973659e-01,5.001153529876019022e-01,5.029192566871643066e-01
1.285140562248995977e+00,6.250000000000000000e-01,5.532388341087146610e-01,5.001022243875518081e-01,5.029531121253967285e-01
1.305220883534136567e+00,6.250000000000000000e-01,5.519901778642497536e-01,5.000905899849482639e-01,5.029883980751037598e-01
1.325301204819277157e+00,6.250000000000000000e-01,5.507709222167038732e-01,5.000802797215964102e-01,5.030257105827331543e-01
1.345381526104417746e+00,6.250000000000000000e-01,5.495803619948610441e-01,5.000711428940337600e-01,5.030643343925476074e-01
1.365461847389558336e+00,6.250000000000000000e-01,5.484178103880973376e-01,5.000630459507193759e-01,5.031051039695739746e-01
1.385542168674698704e+00,6.250000000000000000e-01,5.472825983089792956e-01,5.000558705399340553e-01,5.031467080116271973e-01
1.405622489959839294e+00,6.250000000000000000e-01,5.461740737941763735e-01,5.000495117798514633e-01,5.031896233558654785e-01
1.425702811244979884e+00,6.250000000000000000e-01,5.450916014401488985e-01,5.000438767254973271e-01,5.032337307929992676e-01
1.445783132530120474e+00,6.250000000000000000e-01,5.440345618704490738e-01,5.000388830101876181e-01,5.032790303230285645e-01
1.465863453815261064e+00,6.250000000000000000e-01,5.430023512318211676e-01,5.000344576415881592e-01,5.033255219459533691e-01
1.485943775100401654e+00,6.250000000000000000e-01,5.419943807165797933e-01,5.000305359347974044e-01,5.033724904060363770e-01
1.506024096385542244e+00,6.250000000000000000e-01,5.410100761090185228e-01,5.000270605668579726e-01,5.034201741218566895e-01
1.526104417670682611e+00,6.250000000000000000e-01,5.400488773538375531e-01,5.000239807388747737e-01,5.034686923027038574e-01
1.546184738955823201e+00,6.250000000000000000e-01,5.391102381447875347e-01,5.000212514334970715e-01,5.035180449485778809e-01
1.566265060240963791e+00,6.250000000000000000e-01,5.381936255319182960e-01,5.000188327569073943e-01,5.035682320594787598e-01
1.586345381526104381e+00,6.250000000000000000e-01,5.372985195459835106e-01,5.000166893556983183e-01,5.036191344261169434e-01
1.606425702811244971e+00,6.250000000000000000e-01,5.364244128387040123e-01,5.000147899001192719e-01,5.036702752113342285e-01
1.626506024096385561e+00,6.250000000000000000e-01,5.355708103377216922e-01,5.000131066261331858e-01,5.037217736244201660e-01
1.646586345381526151e+00,6.250000000000000000e-01,5.347372289151950397e-01,5.000116149295944501e-01,5.037744641304016113e-01
1.666666666666666741e+00,6.250000000000000000e-01,5.339231970690896389e-01,5.000102930066145923e-01,5.038272738456726074e-01
1.686746987951807331e+00,6.250000000000000000e-01,5.331282546163107483e-01,5.000091215348579921e-01,5.038802027702331543e-01
1.706827309236947698e+00,6.250000000000000000e-01,5.323519523969074685e-01,5.000080833911101363e-01,5.039333701133728027e-01
1.726907630522088288e+00,6.250000000000000000e-01,5.315938519886536096e-01,5.000071634009911614e-01,5.039874911308288574e-01
1.746987951807228878e+00,6.250000000000000000e-01,5.308535254313712093e-01,5.000063481171531654e-01,5.040419697761535645e-01
1.767068273092369468e+00,6.250000000000000000e-01,5.301305549604264922e-01,5.000056256227232154e-01,5.040965676307678223e-01
1.787148594377510058e+00,6.250000000000000000e-01,5.294245327488764641e-01,5.000049853571161274e-01,5.041514039039611816e-01
1.807228915662650648e+00,6.250000000000000000e-01,5.287350606577937429e-01,5.000044179616724982e-01,5.042062401771545410e-01
1.827309236947791238e+00,6.250000000000000000e-01,5.280617499943359716e-01,5.000039151428646855e-01,5.042616724967956543e-01
1.847389558232931606e+00,6.250000000000000000e-01,5.274042212771656857e-01,5.000034695510705562e-01,5.043172240257263184e-01
1.867469879518072196e+00,6.250000000000000000e-01,5.267621040088606987e-01,5.000030746731465303e-01,5.043727755546569824e-01
1.887550200803212785e+00,6.250000000000000000e-01,5.261350364549784997e-01,5.000027247372256234e-01,5.044285655021667480e-01
1.907630522088353375e+00,6.250000000000000000e-01,5.255226654294753441e-01,5.000024146283507109e-01,5.044849514961242676e-01
1.927710843373493965e+00,6.250000000000000000e-01,5.249246460861948238e-01,5.000021398137104445e-01,5.045409798622131348e-01
1.947791164658634555e+00,6.250000000000000000e-01,5.243406417161681210e-01,5.000018962763831398e-01,5.045968890190124512e-01
1.967871485943775145e+00,6.250000000000000000e-01,5.237703235504845845e-01,5.000016804566228545e-01,5.046532750129699707e-01
1.987951807228915735e+00,6.250000000000000000e-01,5.232133705685095837e-01,5.000014891998268984e-01,5.047096610069274902e-01
2.008032128514056325e+00,6.250000000000000000e-01,5.226694693112443613e-01,5.000013197104251628e-01,5.047664046287536621e-01
2.028112449799196693e+00,6.250000000000000000e-01,5.221383136996318175e-01,5.000011695110185839e-01,5.048226714134216309e-01
2.048192771084337505e+00,6.250000000000000000e-01,5.216196048576283717e-01,5.000010364061664436e-01,5.048792958259582520e-01
2.068273092369477872e+00,6.250000000000000000e-01,5.211130509398751443e-01,5.000009184502965942e-01,5.049355626106262207e-01
2.088353413654618684e+00,6.250000000000000000e-01,5.206183669638063671e-01,5.000008139192674284e-01,5.049919486045837402e-01
2.108433734939759052e+00,6.250000000000000000e-01,5.201352746460482512e-01,5.000007212851651506e-01,5.050486922264099121e-01
2.128514056224899420e+00,6.250000000000000000e-01,5.196635022429670903e-01,5.000006391939721961e-01,5.051047205924987793e-01
2.148594377510040232e+00,6.250000000000000000e-01,5.192027843952347066e-01,5.000005664457743970e-01,5.051611065864562988e-01
2.168674698795180600e+00,6.250000000000000000e-01,5.187528619762817872e-01,5.000005019772238990e-01,5.052174925804138184e-01
2.188755020080321412e+00,6.250000000000000000e-01,5.183134819445256447e-01,5.000004448459935968e-01,5.052735209465026855e-01
2.208835341365461780e+00,6.250000000000000000e-01,5.178843971992551642e-01,5.000003942170053728e-01,5.053295493125915527e-01
2.228915662650602592e+00,6.250000000000000000e-01,5.174653664400660213e-01,5.000003493502235274e-01,5.053853392601013184e-01
2.248995983935742959e+00,6.250000000000000000e-01,5.170561540297448078e-01,5.000003095898376548e-01,5.054412484169006348e-01
2.269076305220883327e+00,6.250000000000000000e-01,5.166565298605010348e-01,5.000002743546766437e-01,5.054970383644104004e-01
2.289156626506024139e+00,6.250000000000000000e-01,5.162662692234558648e-01,5.000002431297140282e-01,5.055521130561828613e-01
2.309236947791164507e+00,6.250000000000000000e-01,5.158851526812978650e-01,5.000002154585390102e-01,5.056071877479553223e-01
2.329317269076305319e+00,6.250000000000000000e-01,5.155129659440145229e-01,5.000001909366866837e-01,5.056621432304382324e-01
2.349397590361445687e+00,6.250000000000000000e-01,5.151494997476250282e-01,5.000001692057254310e-01,5.057168602943420410e-01
2.369477911646586499e+00,6.250000000000000000e-01,5.147945497358258349e-01,5.000001499480168921e-01,5.057718157768249512e-01
2.389558232931726867e+00,6.250000000000000000e-01,5.144479163444782843e-01,5.000001328820743440e-01,5.058260560035705566e-01
2.409638554216867234e+00,6.250000000000000000e-01,5.141094046888606828e-01,5.000001177584475487e-01,5.058800578117370605e-01
2.429718875502008046e+00,6.250000000000000000e-01,5.137788244536166671e-01,5.000001043560767799e-01,5.059338212013244629e-01
2.449799196787148414e+00,6.250000000000000000e-01,5.134559897853271382e-01,5.000000924790621859e-01,5.059875845909118652e-01
2.469879518072289226e+00,6.250000000000000000e-01,5.131407191876410367e-01,5.000000819537990804e-01,5.060408711433410645e-01
2.489959839357429594e+00,6.250000000000000000e-01,5.128328354189004568e-01,5.000000726264413053e-01,5.060939192771911621e-01
2.510040160642570406e+00,6.250000000000000000e-01,5.125321653921969256e-01,5.000000643606524742e-01,5.061463713645935059e-01
2.530120481927710774e+00,6.250000000000000000e-01,5.122385400777977882e-01,5.000000570356130103e-01,5.061995387077331543e-01
2.550200803212851586e+00,6.250000000000000000e-01,5.119517944078860738e-01,5.000000505442536713e-01,5.062513947486877441e-01
2.570281124497991954e+00,6.250000000000000000e-01,5.116717671835528947e-01,5.000000447916913560e-01,5.063030123710632324e-01
2.590361445783132321e+00,6.250000000000000000e-01,5.113983009839910832e-01,5.000000396938421021e-01,5.063549876213073730e-01
2.610441767068273133e+00,6.250000000000000000e-01,5.111312420778335586e-01,5.000000351761912931e-01,5.064063668251037598e-01
2.630522088353413501e+00,6.250000000000000000e-01,5.108704403365849078e-01,5.000000311727051949e-01,5.064571499824523926e-01
2.650602409638554313e+00,6.250000000000000000e-01,5.106157491500962209e-01,5.000000276248657283e-01,5.065075755119323730e-01
2.670682730923694681e+00,6.250000000000000000e-01,5.103670253440317772e-01,5.000000244808142646e-01,5.065581202507019043e-01
2.690763052208835493e+00,6.250000000000000000e-01,5.101241290992819533e-01,5.000000216945947873e-01,5.066080689430236816e-01
2.710843373493975861e+00,6.250000000000000000e-01,5.098869238732727238e-01,5.000000192254815401e-01,5.066573023796081543e-01
2.730923694779116673e+00,6.250000000000000000e-01,5.096552763231289029e-01,5.000000170373841701e-01,5.067070126533508301e-01
2.751004016064257041e+00,6.250000000000000000e-01,5.094290562306449388e-01,5.000000150983192615e-01,5.067558884620666504e-01
2.771084337349397408e+00,6.250000000000000000e-01,5.092081364290201861e-01,5.000000133799442636e-01,5.068039298057556152e-01
2.791164658634538220e+00,6.250000000000000000e-01,5.089923927313180219e-01,5.000000118571416019e-01,5.068523287773132324e-01
2.811244979919678588e+00,6.250000000000000000e-01,5.087817038606055053e-01,5.000000105076528589e-01,5.069004893302917480e-01
2.831325301204819400e+00,6.250000000000000000e-01,5.085759513817350586e-01,5.000000093117523692e-01,5.069475769996643066e-01
2.851405622489959768e+00,6.250000000000000000e-01,5.083750196347293082e-01,5.000000082519602262e-01,5.069945454597473145e-01
2.871485943775100580e+00,6.250000000000000000e-01,5.081787956697300102e-01,5.000000073127857103e-01,5.070411562919616699e-01
2.891566265060240948e+00,6.250000000000000000e-01,5.079871691834737524e-01,5.000000064805010247e-01,5.070877671241760254e-01
2.911646586345381316e+00,6.250000000000000000e-01,5.078000324572619073e-01,5.000000057429401235e-01,5.071335434913635254e-01
2.931726907630522128e+00,6.250000000000000000e-01,5.076172802963831998e-01,5.000000050893229631e-01,5.071790814399719238e-01
2.951807228915662495e+00,6.250000000000000000e-01,5.074388099709596922e-01,5.000000045100956303e-01,5.072243809700012207e-01
2.971887550200803307e+00,6.250000000000000000e-01,5.072645211581818803e-01,5.000000039967915644e-01,5.072690844535827637e-01
2.991967871485943675e+00,6.250000000000000000e-01,5.070943158858962629e-01,5.000000035419081001e-01,5.073131918907165527e-01
3.012048192771084487e+00,6.250000000000000000e-01,5.069280984775204058e-01,5.000000031387957788e-01,5.073576569557189941e-01
3.032128514056224855e+00,6.250000000000000000e-01,5.067657754982461960e-01,5.000000027815624248e-01,5.074012875556945801e-01
3.052208835341365223e+00,6.250000000000000000e-01,5.066072557025076417e-01,5.000000024649866592e-01,5.074445605278015137e-01
3.072289156626506035e+00,6.250000000000000000e-01,5.064524499826802417e-01,5.000000021844412945e-01,5.074872374534606934e-01
3.092369477911646403e+00,6.250000000000000000e-01,5.063012713189825043e-01,5.000000019358252779e-01,5.075297951698303223e-01
3.112449799196787215e+00,6.250000000000000000e-01,5.061536347305543027e-01,5.000000017155049603e-01,5.075718760490417480e-01
3.132530120481927582e+00,6.250000000000000000e-01,5.060094572276804259e-01,5.000000015202599180e-01,5.076137185096740723e-01
3.152610441767068394e+00,6.250000000000000000e-01,5.058686577651365646e-01,5.000000013472361005e-01,5.076550841331481934e-01
3.172690763052208762e+00,6.250000000000000000e-01,5.057311571966277564e-01,5.000000011939047528e-01,5.076960921287536621e-01
3.192771084337349574e+00,6.250000000000000000e-01,5.055968782302965314e-01,5.000000010580242238e-01,5.077365040779113770e-01
3.212851405622489942e+00,6.250000000000000000e-01,5.054657453852735571e-01,5.000000009376084353e-01,5.077766776084899902e-01
3.232931726907630310e+00,6.250000000000000000e-01,5.053376849492483558e-01,5.000000008308974619e-01,5.078168511390686035e-01
3.253012048192771122e+00,6.250000000000000000e-01,5.052126249370345601e-01,5.000000007363314403e-01,5.078558325767517090e-01
3.273092369477911490e+00,6.250000000000000000e-01,5.050904950501065027e-01,5.000000006525283647e-01,5.078949332237243652e-01
3.293172690763052302e+00,6.250000000000000000e-01,5.049712266370877112e-01,5.000000005782632151e-01,5.079335570335388184e-01
3.313253012048192669e+00,6.250000000000000000e-01,5.048547526551628861e-01,5.000000005124505265e-01,5.079721808433532715e-01
3.333333333333333481e+00,6.250000000000000000e-01,5.047410076323983752e-01,5.000000004541284016e-01,5.080098509788513184e-01
3.353413654618473849e+00,6.250000000000000000e-01,5.046299276309463844e-01,5.000000004024437450e-01,5.080479979515075684e-01
3.373493975903614661e+00,6.250000000000000000e-01,5.045214502111128319e-01,5.000000003566414941e-01,5.080851912498474121e-01
3.393574297188755029e+00,6.250000000000000000e-01,5.044155143962698595e-01,5.000000003160519624e-01,5.081219077110290527e-01
3.413654618473895397e+00,6.250000000000000000e-01,5.043120606385926852e-01,5.000000002800818466e-01,5.081585049629211426e-01
3.433734939759036209e+00,6.250000000000000000e-01,5.042110307856026985e-01,5.000000002482060113e-01,5.081941485404968262e-01
3.453815261044176577e+00,6.250000000000000000e-01,5.041123680474971502e-01,5.000000002199576077e-01,5.082302689552307129e-01
3.473895582329317389e+00,6.250000000000000000e-01,5.040160169652491140e-01,5.000000001949242989e-01,5.082654356956481934e-01
3.493975903614457756e+00,6.250000000000000000e-01,5.039219233794582919e-01,5.000000001727403776e-01,5.083006024360656738e-01
3.514056224899598568e+00,6.250000000000000000e-01,5.038300343999392306e-01,5.000000001530813254e-01,5.083354115486145020e-01
3.534136546184738936e+00,6.250000000000000000e-01,5.037402983760244091e-01,5.000000001356594836e-01,5.083699822425842285e-01
3.554216867469879304e+00,6.250000000000000000e-01,5.036526648675746509e-01,5.000000001202207223e-01,5.084044337272644043e-01
3.574297188755020116e+00,6.250000000000000000e-01,5.035670846166740988e-01,5.000000001065388888e-01,5.084373354911804199e-01
3.594377510040160484e+00,6.250000000000000000e-01,5.034835095199997612e-01,5.000000000944139211e-01,5.084709525108337402e-01
3.614457831325301296e+00,6.250000000000000000e-01,5.034018926018481999e-01,5.000000000836692937e-01,5.085042119026184082e-01
3.634538152610441664e+00,6.250000000000000000e-01,5.033221879878098104e-01,5.000000000741473549e-01,5.085367560386657715e-01
3.654618473895582476e+00,6.250000000000000000e-01,5.032443508790730435e-01,5.000000000657092158e-01,5.085694193840026855e-01
3.674698795180722843e+00,6.250000000000000000e-01,5.031683375273493519e-01,5.000000000582314197e-01,5.086016058921813965e-01
3.694779116465863211e+00,6.250000000000000000e-01,5.030941052104083155e-01,5.000000000516047205e-01,5.086334347724914551e-01
3.714859437751004023e+00,6.250000000000000000e-01,5.030216122082071806e-01,5.000000000457321958e-01,5.086646676063537598e-01
3.734939759036144391e+00,6.250000000000000000e-01,5.029508177796112589e-01,5.000000000405279144e-01,5.086959004402160645e-01
3.755020080321285203e+00,6.250000000000000000e-01,5.028816821396911996e-01,5.000000000359159369e-01,5.087264180183410645e-01
3.775100401606425571e+00,6.250000000000000000e-01,5.028141664375920250e-01,5.000000000318287618e-01,5.087571740150451660e-01
3.795180722891566383e+00,6.250000000000000000e-01,5.027482327349653835e-01,5.000000000282068813e-01,5.087873339653015137e-01
3.815261044176706751e+00,6.250000000000000000e-01,5.026838439849593554e-01,5.000000000249971155e-01,5.088168978691101074e-01
3.835341365461847563e+00,6.250000000000000000e-01,5.026209640117635935e-01,5.000000000221525021e-01,5.088471770286560059e-01
3.855421686746987930e+00,6.250000000000000000e-01,5.025595574907045782e-01,5.000000000196315186e-01,5.088757872581481934e-01
3.875502008032128298e+00,6.250000000000000000e-01,5.024995899288916545e-01,5.000000000173975279e-01,5.089048743247985840e-01
3.895582329317269110e+00,6.250000000000000000e-01,5.024410276464135183e-01,5.000000000154177782e-01,5.089340806007385254e-01
3.915662650602409478e+00,6.250000000000000000e-01,5.023838377580903680e-01,5.000000000136634037e-01,5.089626908302307129e-01
3.935742971887550290e+00,6.250000000000000000e-01,5.023279881557869420e-01,5.000000000121088695e-01,5.089907050132751465e-01
3.955823293172690658e+00,6.250000000000000000e-01,5.022734474912949887e-01,5.000000000107313047e-01,5.090185999870300293e-01
3.975903614457831470e+00,6.250000000000000000e-01,5.022201851597992706e-01,5.000000000095103925e-01,5.090458989143371582e-01
3.995983935742971838e+00,6.250000000000000000e-01,5.021681712839426437e-01,5.000000000084283691e-01,5.090731978416442871e-01
4.016064257028112650e+00,6.250000000000000000e-01,5.021173766985140841e-01,5.000000000074696915e-01,5.091003775596618652e-01
4.036144578313252573e+00,6.250000000000000000e-01,5.020677729357831964e-01,5.000000000066203709e-01,5.091270804405212402e-01
4.056224899598393385e+00,6.250000000000000000e-01,5.020193322115197310e-01,5.000000000058675287e-01,5.091537833213806152e-01
4.076305220883534197e+00,6.250000000000000000e-01,5.019720274117358549e-01,5.000000000052006177e-01,5.091803669929504395e-01
4.096385542168675009e+00,6.250000000000000000e-01,5.019258320802030271e-01,5.000000000046093129e-01,5.092064738273620605e-01
4.116465863453814933e+00,6.250000000000000000e-01,5.018807204068062022e-01,5.000000000040851766e-01,5.092318654060363770e-01
4.136546184738955745e+00,6.250000000000000000e-01,5.018366672168055320e-01,5.000000000036208814e-01,5.092578530311584473e-01
4.156626506024096557e+00,6.250000000000000000e-01,5.017936479610982659e-01,5.000000000032098768e-01,5.092826485633850098e-01
4.176706827309237369e+00,6.250000000000000000e-01,5.017516387075832140e-01,5.000000000028453906e-01,5.093076825141906738e-01
4.196787148594377292e+00,6.250000000000000000e-01,5.017106161337575587e-01,5.000000000025222047e-01,5.093323588371276855e-01
4.216867469879518104e+00,6.250000000000000000e-01,5.016705575206974466e-01,5.000000000022357671e-01,5.093571543693542480e-01
4.236947791164658916e+00,6.250000000000000000e-01,5.016314407486054394e-01,5.000000000019819701e-01,5.093817114830017090e-01
4.257028112449798840e+00,6.250000000000000000e-01,5.015932442941433145e-01,5.000000000017571500e-01,5.094055533409118652e-01
4.277108433734939652e+00,6.250000000000000000e-01,5.015559472298140031e-01,5.000000000015578649e-01,5.094296336174011230e-01
4.297188755020080464e+00,6.250000000000000000e-01,5.015195292257106363e-01,5.000000000013807844e-01,5.094532370567321777e-01
4.317269076305221276e+00,6.250000000000000000e-01,5.014839705540149462e-01,5.000000000012240209e-01,5.094764828681945801e-01
4.337349397590361200e+00,6.250000000000000000e-01,5.014492520967107625e-01,5.000000000010852430e-01,5.094997286796569824e-01
4.357429718875502012e+00,6.250000000000000000e-01,5.014153553570781519e-01,5.000000000009622303e-01,5.095227360725402832e-01
4.377510040160642824e+00,6.250000000000000000e-01,5.013822624756578694e-01,5.000000000008533174e-01,5.095456242561340332e-01
4.397590361445782747e+00,6.250000000000000000e-01,5.013499562515373320e-01,5.000000000007568390e-01,5.095677971839904785e-01
4.417670682730923559e+00,6.250000000000000000e-01,5.013184201700032760e-01,5.000000000006713519e-01,5.095904469490051270e-01
4.437751004016064371e+00,6.250000000000000000e-01,5.012876384378609496e-01,5.000000000005956347e-01,5.096123814582824707e-01
4.457831325301205183e+00,6.250000000000000000e-01,5.012575960280440945e-01,5.000000000005283551e-01,5.096346735954284668e-01
4.477911646586345107e+00,6.250000000000000000e-01,5.012282787355483160e-01,5.000000000004689582e-01,5.096562504768371582e-01
4.497991967871485919e+00,6.250000000000000000e-01,5.011996732472625560e-01,5.000000000004163336e-01,5.096777081489562988e-01
4.518072289156626731e+00,6.250000000000000000e-01,5.011717672289663916e-01,5.000000000003698153e-01,5.096991658210754395e-01
4.538152610441766655e+00,6.250000000000000000e-01,5.011445494336697060e-01,5.000000000003285150e-01,5.097203850746154785e-01
4.558232931726907466e+00,6.250000000000000000e-01,5.011180098366724289e-01,5.000000000002918776e-01,5.097413659095764160e-01
4.578313253012048278e+00,6.250000000000000000e-01,5.010921398042952335e-01,5.000000000002596812e-01,5.097621083259582520e-01
4.598393574297189090e+00,6.250000000000000000e-01,5.010669323053298374e-01,5.000000000002311484e-01,5.097830891609191895e-01
4.618473895582329014e+00,6.250000000000000000e-01,5.010423821770464414e-01,5.000000000002057243e-01,5.098032355308532715e-01
4.638554216867469826e+00,6.250000000000000000e-01,5.010184864613212996e-01,5.000000000001829648e-01,5.098233819007873535e-01
4.658634538152610638e+00,6.250000000000000000e-01,5.009952448314543005e-01,5.000000000001628697e-01,5.098435282707214355e-01
4.678714859437750562e+00,6.250000000000000000e-01,5.009726601369790533e-01,5.000000000001449951e-01,5.098634362220764160e-01
4.698795180722891374e+00,6.250000000000000000e-01,5.009507391028695800e-01,5.000000000001291189e-01,5.098832249641418457e-01
4.718875502008032186e+00,6.250000000000000000e-01,5.009294932318757443e-01,5.000000000001153522e-01,5.099025368690490723e-01
4.738955823293172998e+00,6.250000000000000000e-01,5.009089399754678151e-01,5.000000000001029177e-01,5.099219679832458496e-01
4.759036144578312921e+00,6.250000000000000000e-01,5.008891042617047429e-01,5.000000000000921485e-01,5.099416375160217285e-01
4.779116465863453733e+00,6.250000000000000000e-01,5.008700204995291116e-01,5.000000000000827116e-01,5.099605917930603027e-01
4.799196787148594545e+00,6.250000000000000000e-01,5.008517352217327634e-01,5.000000000000741629e-01,5.099793076515197754e-01
4.819277108433734469e+00,6.250000000000000000e-01,5.008343105875697754e-01,5.000000000000667244e-01,5.099983811378479004e-01
4.839357429718875281e+00,6.250000000000000000e-01,5.008178290469061933e-01,5.000000000000602851e-01,5.100166201591491699e-01
4.859437751004016093e+00,6.250000000000000000e-01,5.008023995796160310e-01,5.000000000000547340e-01,5.100355744361877441e-01
4.879518072289156905e+00,6.250000000000000000e-01,5.007881660789069711e-01,5.000000000000498490e-01,5.100534558296203613e-01
4.899598393574296828e+00,6.250000000000000000e-01,5.007753186627023068e-01,5.000000000000457412e-01,5.100715756416320801e-01
4.919678714859437640e+00,6.250000000000000000e-01,5.007641089977075133e-01,5.000000000000422995e-01,5.100899338722229004e-01
4.939759036144578452e+00,6.250000000000000000e-01,5.007548711412762588e-01,5.000000000000397460e-01,5.101079344749450684e-01
4.959839357429719264e+00,6.250000000000000000e-01,5.007480499966705523e-01,5.000000000000378586e-01,5.101256966590881348e-01
4.979919678714859188e+00,6.250000000000000000e-01,5.007442403094177763e-01,5.000000000000365263e-01,5.101432204246520996e-01
5.000000000000000000e+00,6.250000000000000000e-01,5.007442403094177763e-01,5.000000000000365263e-01,5.101603865623474121e-01
0.000000000000000000e+00,6.666666666666666297e-01,8.411308951190847871e-01,8.411308951190847871e-01,8.306801319122314453e-01
2.008032128514056214e-02,6.666666666666666297e-01,8.304252556972837596e-01,7.922998098425052538e-01,7.846310138702392578e-01
4.016064257028112428e-02,6.666666666666666297e-01,8.202816455646273486e-01,7.526740585015250229e-01,7.467492222785949707e-01
6.024096385542168641e-02,6.666666666666666297e-01,8.106526289751092573e-01,7.198750366201789319e-01,7.151446938514709473e-01
8.032128514056224855e-02,6.666666666666666297e-01,8.014948951173961333e-01,6.922771412723890405e-01,6.884515285491943359e-01
1.004016064257028107e-01,6.666666666666666297e-01,7.927692194019658745e-01,6.687517936754214798e-01,6.656652092933654785e-01
1.204819277108433728e-01,6.666666666666666297e-01,7.844402701071052642e-01,6.484963812504392910e-01,6.460395455360412598e-01
1.405622489959839350e-01,6.666666666666666297e-01,7.764763306531734521e-01,6.309239762624589964e-01,6.290125250816345215e-01
1.606425702811244971e-01,6.666666666666666297e-01,7.688489840414574061e-01,6.155927963990028839e-01,6.141552925109863281e-01
1.807228915662650592e-01,6.666666666666666297e-01,7.615327892039078783e-01,6.021608655690773304e-01,6.011338829994201660e-01
2.008032128514056214e-01,6.666666666666666297e-01,7.545049673405671564e-01,5.903565482821286903e-01,5.896834135055541992e-01
2.208835341365461835e-01,6.666666666666666297e-01,7.477451083977701973e-01,5.799591202674280188e-01,5.795894861221313477e-01
2.409638554216867457e-01,6.666666666666666297e-01,7.412349026142652786e-01,5.707857364155715096e-01,5.706744790077209473e-01
2.610441767068273355e-01,6.666666666666666297e-01,7.349578987401578223e-01,5.626825177163196079e-01,5.627914071083068848e-01
2.811244979919678699e-01,6.666666666666666297e-01,7.288992885230003438e-01,5.555183202669354836e-01,5.558140873908996582e-01
3.012048192771084043e-01,6.666666666666666297e-01,7.230457159243524057e-01,5.491802727536245765e-01,5.496342778205871582e-01
3.212851405622489942e-01,6.666666666666666297e-01,7.173851089709107898e-01,5.435704967892671657e-01,5.441583991050720215e-01
3.413654618473895841e-01,6.666666666666666297e-01,7.119065319430600836e-01,5.386036315969489063e-01,5.393049120903015137e-01
3.614457831325301185e-01,6.666666666666666297e-01,7.066000556157665535e-01,5.342049162114240746e-01,5.350034832954406738e-01
3.815261044176706529e-01,6.666666666666666297e-01,7.014566433970191861e-01,5.303086666251010106e-01,5.311902165412902832e-01
4.016064257028112428e-01,6.666666666666666297e-01,6.964680513969438991e-01,5.268570395383129767e-01,5.278106331825256348e-01
4.216867469879518326e-01,6.666666666666666297e-01,6.916267406691286590e-01,5.237990094983506761e-01,5.248150229454040527e-01
4.417670682730923670e-01,6.666666666666666297e-01,6.869258000729854263e-01,5.210895091159287729e-01,5.221614241600036621e-01
4.618473895582329014e-01,6.666666666666666297e-01,6.823588784004936958e-01,5.186886971026549720e-01,5.198106169700622559e-01
4.819277108433734913e-01,6.666666666666666297e-01,6.779201245869471704e-01,5.165613288647417090e-01,5.177292227745056152e-01
5.020080321285140812e-01,6.666666666666666297e-01,6.736041349816185297e-01,5.146762110988272187e-01,5.158872008323669434e-01
5.220883534136546711e-01,6.666666666666666297e-01,6.694059067909253757e-01,5.130057264089390445e-01,5.142568945884704590e-01
5.421686746987951500e-01,6.666666666666666297e-01,6.653207969251339060e-01,5.115254171353216250e-01,5.128152966499328613e-01
5.622489959839357399e-01,6.666666666666666297e-01,6.613444855817824930e-01,5.102136198312018367e-01,5.115413069725036621e-01
5.823293172690763297e-01,6.666666666666666297e-01,6.574729439868640668e-01,5.090511434503968147e-01,5.104162096977233887e-01
6.024096385542168086e-01,6.666666666666666297e-01,6.537024057903121355e-01,5.080209855172326261e-01,5.094234347343444824e-01
6.224899598393573985e-01,6.666666666666666297e-01,6.500293416772329191e-01,5.071080814714949980e-01,5.085474848747253418e-01
6.425702811244979884e-01,6.666666666666666297e-01,6.464504368122075961e-01,5.062990831013199911e-01,5.077757239341735840e-01
6.626506024096385783e-01,6.666666666666666297e-01,6.429625707821583491e-01,5.055821625533212238e-01,5.070970654487609863e-01
6.827309236947791682e-01,6.666666666666666297e-01,6.395627997449073732e-01,5.049468388803022290e-01,5.064999461174011230e-01
7.028112449799196471e-01,6.666666666666666297e-01,6.362483405266128322e-01,5.043838244788091396e-01,5.059757828712463379e-01
7.228915662650602370e-01,6.666666666666666297e-01,6.330165564425608293e-01,5.038848890996533436e-01,5.055161118507385254e-01
7.429718875502008268e-01,6.666666666666666297e-01,6.298649446430235610e-01,5.034427393972168430e-01,5.051140189170837402e-01
7.630522088353413057e-01,6.666666666666666297e-01,6.267911248096253995e-01,5.030509122270678812e-01,5.047630667686462402e-01
7.831325301204818956e-01,6.666666666666666297e-01,6.237928290484017202e-01,5.027036801130418953e-01,5.044571757316589355e-01
8.032128514056224855e-01,6.666666666666666297e-01,6.208678928438745581e-01,5.023959674896762984e-01,5.041911005973815918e-01
8.232931726907630754e-01,6.666666666666666297e-01,6.180142469543769002e-01,5.021232764877908705e-01,5.039607882499694824e-01
8.433734939759036653e-01,6.666666666666666297e-01,6.152299101428224670e-01,5.018816211733426735e-01,5.037619471549987793e-01
8.634538152610441442e-01,6.666666666666666297e-01,6.125129826493859175e-01,5.016674692750513476e-01,5.035914778709411621e-01
8.835341365461847341e-01,6.666666666666666297e-01,6.098616403233697580e-01,5.014776905469332524e-01,5.034458041191101074e-01
9.036144578313253239e-01,6.666666666666666297e-01,6.072741293410333085e-01,5.013095110096114082e-01,5.033217072486877441e-01
9.236947791164658028e-01,6.666666666666666297e-01,6.047487614445692383e-01,5.011604724006848421e-01,5.032176375389099121e-01
9.437751004016063927e-01,6.666666666666666297e-01,6.022839096447991647e-01,5.010283962408890179e-01,5.031307339668273926e-01
9.638554216867469826e-01,6.666666666666666297e-01,5.998780043367115677e-01,5.009113519904493383e-01,5.030595660209655762e-01
9.839357429718875725e-01,6.666666666666666297e-01,5.975295297827361019e-01,5.008076288299433410e-01,5.030016303062438965e-01
1.004016064257028162e+00,6.666666666666666297e-01,5.952370209237612952e-01,5.007157106530442103e-01,5.029560923576354980e-01
1.024096385542168752e+00,6.666666666666666297e-01,5.929990604824154632e-01,5.006342539055315122e-01,5.029214024543762207e-01
1.044176706827309342e+00,6.666666666666666297e-01,5.908142763271378994e-01,5.005620679465744294e-01,5.028961300849914551e-01
1.064257028112449710e+00,6.666666666666666297e-01,5.886813390691031378e-01,5.004980976451990360e-01,5.028793215751647949e-01
1.084337349397590300e+00,6.666666666666666297e-01,5.865989598671930150e-01,5.004414079575254526e-01,5.028701424598693848e-01
1.104417670682730890e+00,6.666666666666666297e-01,5.845658884189965931e-01,5.003911702593292210e-01,5.028675198554992676e-01
1.124497991967871480e+00,6.666666666666666297e-01,5.825809111182742583e-01,5.003466502341402666e-01,5.028713345527648926e-01
1.144578313253012070e+00,6.666666666666666297e-01,5.806428493615024555e-01,5.003071971398348472e-01,5.028799176216125488e-01
1.164658634538152659e+00,6.666666666666666297e-01,5.787505579880533046e-01,5.002722342968293212e-01,5.028936266899108887e-01
1.184738955823293249e+00,6.666666666666666297e-01,5.769029238402748616e-01,5.002412506588380658e-01,5.029113888740539551e-01
1.204819277108433617e+00,6.666666666666666297e-01,5.750988644312616804e-01,5.002137933429854355e-01,5.029329657554626465e-01
1.224899598393574207e+00,6.666666666666666297e-01,5.733373267094497017e-01,5.001894610100866556e-01,5.029581189155578613e-01
1.244979919678714797e+00,6.666666666666666297e-01,5.716172859103710868e-01,5.001678979983350537e-01,5.029858946800231934e-01
1.265060240963855387e+00,6.666666666666666297e-01,5.699377444869627718e-01,5.001487891246485518e-01,5.030170083045959473e-01
1.285140562248995977e+00,6.666666666666666297e-01,5.682977311107689777e-01,5.001318550776880922e-01,5.030496716499328613e-01
1.305220883534136567e+00,6.666666666666666297e-01,5.666962997372093636e-01,5.001168483352093075e-01,5.030850768089294434e-01
1.325301204819277157e+00,6.666666666666666297e-01,5.651325287288315735e-01,5.001035495460678382e-01,5.031225085258483887e-01
1.345381526104417746e+00,6.666666666666666297e-01,5.636055200311230751e-01,5.000917643239995991e-01,5.031616091728210449e-01
1.365461847389558336e+00,6.666666666666666297e-01,5.621143983960459334e-01,5.000813204063073725e-01,5.032021403312683105e-01
1.385542168674698704e+00,6.666666666666666297e-01,5.606583106489742008e-01,5.000720651359242819e-01,5.032438635826110840e-01
1.405622489959839294e+00,6.666666666666666297e-01,5.592364249951791155e-01,5.000638632300504760e-01,5.032867789268493652e-01
1.425702811244979884e+00,6.666666666666666297e-01,5.578479303624148677e-01,5.000565948027460017e-01,5.033317208290100098e-01
1.445783132530120474e+00,6.666666666666666297e-01,5.564920357765240633e-01,5.000501536125770974e-01,5.033774971961975098e-01
1.465863453815261064e+00,6.666666666666666297e-01,5.551679697673062019e-01,5.000444455097017293e-01,5.034235119819641113e-01
1.485943775100401654e+00,6.666666666666666297e-01,5.538749798021785908e-01,5.000393870596983037e-01,5.034708380699157715e-01
1.506024096385542244e+00,6.666666666666666297e-01,5.526123317454182393e-01,5.000349043240159830e-01,5.035197138786315918e-01
1.526104417670682611e+00,6.666666666666666297e-01,5.513793093409971036e-01,5.000309317792278607e-01,5.035681128501892090e-01
1.546184738955823201e+00,6.666666666666666297e-01,5.501752137172303270e-01,5.000274113592847458e-01,5.036177039146423340e-01
1.566265060240963791e+00,6.666666666666666297e-01,5.489993629116334262e-01,5.000242916067746402e-01,5.036678910255432129e-01
1.586345381526104381e+00,6.666666666666666297e-01,5.478510914145472421e-01,5.000215269207763935e-01,5.037184357643127441e-01
1.606425702811244971e+00,6.666666666666666297e-01,5.467297497302313625e-01,5.000190768903191030e-01,5.037696957588195801e-01
1.626506024096385561e+00,6.666666666666666297e-01,5.456347039542529531e-01,5.000169057037018305e-01,5.038213133811950684e-01
1.646586345381526151e+00,6.666666666666666297e-01,5.445653353661137341e-01,5.000149816250379908e-01,5.038736462593078613e-01
1.666666666666666741e+00,6.666666666666666297e-01,5.435210400361578653e-01,5.000132765303791915e-01,5.039262175559997559e-01
1.686746987951807331e+00,6.666666666666666297e-01,5.425012284458909928e-01,5.000117654966309555e-01,5.039787888526916504e-01
1.706827309236947698e+00,6.666666666666666297e-01,5.415053251209246410e-01,5.000104264372556839e-01,5.040318369865417480e-01
1.726907630522088288e+00,6.666666666666666297e-01,5.405327682758308550e-01,5.000092397794382304e-01,5.040856003761291504e-01
1.746987951807228878e+00,6.666666666666666297e-01,5.395830094702549484e-01,5.000081881779917525e-01,5.041391253471374512e-01
1.767068273092369468e+00,6.666666666666666297e-01,5.386555132756911668e-01,5.000072562618270711e-01,5.041937232017517090e-01
1.787148594377510058e+00,6.666666666666666297e-01,5.377497569523793652e-01,5.000064304092747269e-01,5.042476058006286621e-01
1.807228915662650648e+00,6.666666666666666297e-01,5.368652301358243228e-01,5.000056985489812478e-01,5.043020844459533691e-01
1.827309236947791238e+00,6.666666666666666297e-01,5.360014345324828344e-01,5.000050499834620688e-01,5.043564438819885254e-01
1.847389558232931606e+00,6.666666666666666297e-01,5.351578836241959181e-01,5.000044752327391651e-01,5.044113993644714355e-01
1.867469879518072196e+00,6.666666666666666297e-01,5.343341023809812240e-01,5.000039658957738942e-01,5.044669508934020996e-01
1.887550200803212785e+00,6.666666666666666297e-01,5.335296269818293746e-01,5.000035145276694459e-01,5.045217871665954590e-01
1.907630522088353375e+00,6.666666666666666297e-01,5.327440045431697246e-01,5.000031145308511116e-01,5.045767426490783691e-01
1.927710843373493965e+00,6.666666666666666297e-01,5.319767928547022295e-01,5.000027600586294252e-01,5.046319365501403809e-01
1.947791164658634555e+00,6.666666666666666297e-01,5.312275601223088728e-01,5.000024459297413015e-01,5.046872496604919434e-01
1.967871485943775145e+00,6.666666666666666297e-01,5.304958847177783099e-01,5.000021675526148401e-01,5.047424435615539551e-01
1.987951807228915735e+00,6.666666666666666297e-01,5.297813549350938178e-01,5.000019208582565655e-01,5.047976374626159668e-01
2.008032128514056325e+00,6.666666666666666297e-01,5.290835687530549558e-01,5.000017022407743372e-01,5.048529505729675293e-01
2.028112449799196693e+00,6.666666666666666297e-01,5.284021336040131134e-01,5.000015085046718433e-01,5.049087405204772949e-01
2.048192771084337505e+00,6.666666666666666297e-01,5.277366661485141108e-01,5.000013368181394080e-01,5.049638152122497559e-01
2.068273092369477872e+00,6.666666666666666297e-01,5.270867920556564501e-01,5.000011846716629904e-01,5.050187706947326660e-01
2.088353413654618684e+00,6.666666666666666297e-01,5.264521457889819178e-01,5.000010498413419713e-01,5.050743222236633301e-01
2.108433734939759052e+00,6.666666666666666297e-01,5.258323703977236807e-01,5.000009303563829333e-01,5.051295161247253418e-01
2.128514056224899420e+00,6.666666666666666297e-01,5.252271173132512239e-01,5.000008244702935922e-01,5.051847100257873535e-01
2.148594377510040232e+00,6.666666666666666297e-01,5.246360461505523709e-01,5.000007306353538850e-01,5.052400231361389160e-01
2.168674698795180600e+00,6.666666666666666297e-01,5.240588245146069468e-01,5.000006474799939538e-01,5.052946209907531738e-01
2.188755020080321412e+00,6.666666666666666297e-01,5.234951278115090867e-01,5.000005737887445179e-01,5.053494572639465332e-01
2.208835341365461780e+00,6.666666666666666297e-01,5.229446390642030762e-01,5.000005084844728609e-01,5.054041743278503418e-01
2.228915662650602592e+00,6.666666666666666297e-01,5.224070487327050483e-01,5.000004506126369819e-01,5.054585337638854980e-01
2.248995983935742959e+00,6.666666666666666297e-01,5.218820545386828602e-01,5.000003993273330893e-01,5.055130124092102051e-01
2.269076305220883327e+00,6.666666666666666297e-01,5.213693612942806865e-01,5.000003538789328239e-01,5.055668950080871582e-01
2.289156626506024139e+00,6.666666666666666297e-01,5.208686807350684234e-01,5.000003136031240247e-01,5.056212544441223145e-01
2.309236947791164507e+00,6.666666666666666297e-01,5.203797313570108773e-01,5.000002779112014961e-01,5.056748986244201660e-01
2.329317269076305319e+00,6.666666666666666297e-01,5.199022382573471601e-01,5.000002462814622239e-01,5.057290196418762207e-01
2.349397590361445687e+00,6.666666666666666297e-01,5.194359329792814783e-01,5.000002182515794757e-01,5.057820677757263184e-01
2.369477911646586499e+00,6.666666666666666297e-01,5.189805533603836230e-01,5.000001934118448732e-01,5.058354735374450684e-01
2.389558232931726867e+00,6.666666666666666297e-01,5.185358433846078974e-01,5.000001713991798491e-01,5.058881640434265137e-01
2.409638554216867234e+00,6.666666666666666297e-01,5.181015530378336731e-01,5.000001518918291143e-01,5.059412121772766113e-01
2.429718875502008046e+00,6.666666666666666297e-01,5.176774381668436398e-01,5.000001346046564210e-01,5.059934258460998535e-01
2.449799196787148414e+00,6.666666666666666297e-01,5.172632603416504882e-01,5.000001192849786724e-01,5.060457587242126465e-01
2.469879518072289226e+00,6.666666666666666297e-01,5.168587867210874265e-01,5.000001057088701018e-01,5.060977339744567871e-01
2.489959839357429594e+00,6.666666666666666297e-01,5.164637899215860362e-01,5.000000936778908889e-01,5.061493515968322754e-01
2.510040160642570406e+00,6.666666666666666297e-01,5.160780478890585332e-01,5.000000830161862586e-01,5.062008500099182129e-01
2.530120481927710774e+00,6.666666666666666297e-01,5.157013437738093842e-01,5.000000735679157593e-01,5.062521100044250488e-01
2.550200803212851586e+00,6.666666666666666297e-01,5.153334658084037789e-01,5.000000651949755293e-01,5.063031315803527832e-01
2.570281124497991954e+00,6.666666666666666297e-01,5.149742071884180206e-01,5.000000577749796893e-01,5.063536763191223145e-01
2.590361445783132321e+00,6.666666666666666297e-01,5.146233659560053297e-01,5.000000511994715513e-01,5.064039826393127441e-01
2.610441767068273133e+00,6.666666666666666297e-01,5.142807448862045661e-01,5.000000453723375538e-01,5.064535737037658691e-01
2.630522088353413501e+00,6.666666666666666297e-01,5.139461513759303601e-01,5.000000402084038287e-01,5.065035223960876465e-01
2.650602409638554313e+00,6.666666666666666297e-01,5.136193973355768216e-01,5.000000356321897543e-01,5.065529942512512207e-01
2.670682730923694681e+00,6.666666666666666297e-01,5.133002990831723178e-01,5.000000315768057257e-01,5.066012740135192871e-01
2.690763052208835493e+00,6.666666666666666297e-01,5.129886772410262585e-01,5.000000279829746042e-01,5.066501498222351074e-01
2.710843373493975861e+00,6.666666666666666297e-01,5.126843566348066039e-01,5.000000247981660761e-01,5.066983103752136230e-01
2.730923694779116673e+00,6.666666666666666297e-01,5.123871661949895850e-01,5.000000219758281572e-01,5.067467093467712402e-01
2.751004016064257041e+00,6.666666666666666297e-01,5.120969388606273487e-01,5.000000194747072912e-01,5.067941546440124512e-01
2.771084337349397408e+00,6.666666666666666297e-01,5.118135114853750167e-01,5.000000172582452773e-01,5.068415999412536621e-01
2.791164658634538220e+00,6.666666666666666297e-01,5.115367247457283106e-01,5.000000152940441422e-01,5.068882107734680176e-01
2.811244979919678588e+00,6.666666666666666297e-01,5.112664230514133434e-01,5.000000135533934076e-01,5.069347023963928223e-01
2.831325301204819400e+00,6.666666666666666297e-01,5.110024544578830596e-01,5.000000120108499813e-01,5.069810748100280762e-01
2.851405622489959768e+00,6.666666666666666297e-01,5.107446705808660337e-01,5.000000106438671210e-01,5.070270895957946777e-01
2.871485943775100580e+00,6.666666666666666297e-01,5.104929265129231064e-01,5.000000094324639210e-01,5.070721507072448730e-01
2.891566265060240948e+00,6.666666666666666297e-01,5.102470807419611232e-01,5.000000083589337674e-01,5.071174502372741699e-01
2.911646586345381316e+00,6.666666666666666297e-01,5.100069950716584755e-01,5.000000074075843237e-01,5.071619153022766113e-01
2.931726907630522128e+00,6.666666666666666297e-01,5.097725345437592592e-01,5.000000065645101577e-01,5.072064995765686035e-01
2.951807228915662495e+00,6.666666666666666297e-01,5.095435673621891981e-01,5.000000058173882378e-01,5.072506070137023926e-01
2.971887550200803307e+00,6.666666666666666297e-01,5.093199648189512541e-01,5.000000051552982994e-01,5.072941184043884277e-01
2.991967871485943675e+00,6.666666666666666297e-01,5.091016012217614017e-01,5.000000045685625283e-01,5.073372721672058105e-01
3.012048192771084487e+00,6.666666666666666297e-01,5.088883538233793802e-01,5.000000040486041186e-01,5.073804259300231934e-01
3.032128514056224855e+00,6.666666666666666297e-01,5.086801027525982288e-01,5.000000035878233717e-01,5.074227452278137207e-01
3.052208835341365223e+00,6.666666666666666297e-01,5.084767309468515295e-01,5.000000031794854527e-01,5.074649453163146973e-01
3.072289156626506035e+00,6.666666666666666297e-01,5.082781240864016059e-01,5.000000028176212474e-01,5.075065493583679199e-01
3.092369477911646403e+00,6.666666666666666297e-01,5.080841705300698230e-01,5.000000024969417645e-01,5.075480341911315918e-01
3.112449799196787215e+00,6.666666666666666297e-01,5.078947612524757904e-01,5.000000022127595312e-01,5.075893998146057129e-01
3.132530120481927582e+00,6.666666666666666297e-01,5.077097897827463902e-01,5.000000019609208701e-01,5.076298117637634277e-01
3.152610441767068394e+00,6.666666666666666297e-01,5.075291521446627652e-01,5.000000017377445038e-01,5.076699852943420410e-01
3.172690763052208762e+00,6.666666666666666297e-01,5.073527467982112960e-01,5.000000015399685971e-01,5.077099204063415527e-01
3.192771084337349574e+00,6.666666666666666297e-01,5.071804745825041483e-01,5.000000013647017960e-01,5.077496170997619629e-01
3.212851405622489942e+00,6.666666666666666297e-01,5.070122386600393050e-01,5.000000012093822610e-01,5.077890753746032715e-01
3.232931726907630310e+00,6.666666666666666297e-01,5.068479444622674412e-01,5.000000010717402521e-01,5.078274607658386230e-01
3.253012048192771122e+00,6.666666666666666297e-01,5.066874996364362227e-01,5.000000009497637121e-01,5.078662037849426270e-01
3.273092369477911490e+00,6.666666666666666297e-01,5.065308139936800513e-01,5.000000008416695119e-01,5.079044699668884277e-01
3.293172690763052302e+00,6.666666666666666297e-01,5.063777994583296138e-01,5.000000007458781370e-01,5.079417824745178223e-01
3.313253012048192669e+00,6.666666666666666297e-01,5.062283700184093682e-01,5.000000006609890413e-01,5.079792141914367676e-01
3.333333333333333481e+00,6.666666666666666297e-01,5.060824416772987666e-01,5.000000005857615504e-01,5.080160498619079590e-01
3.353413654618473849e+00,6.666666666666666297e-01,5.059399324065265713e-01,5.000000005190957664e-01,5.080528855323791504e-01
3.373493975903614661e+00,6.666666666666666297e-01,5.058007620996752829e-01,5.000000004600171355e-01,5.080890059471130371e-01
3.393574297188755029e+00,6.666666666666666297e-01,5.056648525273674810e-01,5.000000004076624593e-01,5.081252455711364746e-01
3.413654618473895397e+00,6.666666666666666297e-01,5.055321272933130938e-01,5.000000003612661281e-01,5.081606507301330566e-01
3.433734939759036209e+00,6.666666666666666297e-01,5.054025117913868437e-01,5.000000003201504617e-01,5.081961750984191895e-01
3.453815261044176577e+00,6.666666666666666297e-01,5.052759331637199924e-01,5.000000002837141633e-01,5.082312226295471191e-01
3.473895582329317389e+00,6.666666666666666297e-01,5.051523202597770767e-01,5.000000002514247699e-01,5.082657933235168457e-01
3.493975903614457756e+00,6.666666666666666297e-01,5.050316035963995365e-01,5.000000002228103257e-01,5.083000063896179199e-01
3.514056224899598568e+00,6.666666666666666297e-01,5.049137153187919225e-01,5.000000001974528319e-01,5.083337426185607910e-01
3.534136546184738936e+00,6.666666666666666297e-01,5.047985891624329202e-01,5.000000001749811407e-01,5.083672404289245605e-01
3.554216867469879304e+00,6.666666666666666297e-01,5.046861604158867642e-01,5.000000001550669593e-01,5.084002614021301270e-01
3.574297188755020116e+00,6.666666666666666297e-01,5.045763658845007216e-01,5.000000001374192982e-01,5.084335207939147949e-01
3.594377510040160484e+00,6.666666666666666297e-01,5.044691438549645524e-01,5.000000001217801415e-01,5.084658265113830566e-01
3.614457831325301296e+00,6.666666666666666297e-01,5.043644340607191801e-01,5.000000001079207834e-01,5.084977746009826660e-01
3.634538152610441664e+00,6.666666666666666297e-01,5.042621776481932550e-01,5.000000000956390522e-01,5.085301995277404785e-01
3.654618473895582476e+00,6.666666666666666297e-01,5.041623171438535111e-01,5.000000000847549808e-01,5.085616707801818848e-01
3.674698795180722843e+00,6.666666666666666297e-01,5.040647964220530408e-01,5.000000000751098073e-01,5.085930228233337402e-01
3.694779116465863211e+00,6.666666666666666297e-01,5.039695606736648292e-01,5.000000000665624222e-01,5.086242556571960449e-01
3.714859437751004023e+00,6.666666666666666297e-01,5.038765563754821208e-01,5.000000000589875926e-01,5.086546540260314941e-01
3.734939759036144391e+00,6.666666666666666297e-01,5.037857312603801763e-01,5.000000000522747401e-01,5.086850523948669434e-01
3.755020080321285203e+00,6.666666666666666297e-01,5.036970342882235441e-01,5.000000000463259431e-01,5.087153315544128418e-01
3.775100401606425571e+00,6.666666666666666297e-01,5.036104156175112978e-01,5.000000000410541601e-01,5.087448954582214355e-01
3.795180722891566383e+00,6.666666666666666297e-01,5.035258265777523556e-01,5.000000000363823416e-01,5.087744593620300293e-01
3.815261044176706751e+00,6.666666666666666297e-01,5.034432196425637773e-01,5.000000000322422089e-01,5.088033080101013184e-01
3.835341365461847563e+00,6.666666666666666297e-01,5.033625484034885966e-01,5.000000000285730328e-01,5.088326334953308105e-01
3.855421686746987930e+00,6.666666666666666297e-01,5.032837675445315240e-01,5.000000000253216337e-01,5.088612437248229980e-01
3.875502008032128298e+00,6.666666666666666297e-01,5.032068328174107430e-01,5.000000000224400498e-01,5.088893771171569824e-01
3.895582329317269110e+00,6.666666666666666297e-01,5.031317010175327953e-01,5.000000000198864258e-01,5.089172720909118652e-01
3.915662650602409478e+00,6.666666666666666297e-01,5.030583299606944392e-01,5.000000000176234582e-01,5.089454054832458496e-01
3.935742971887550290e+00,6.666666666666666297e-01,5.029866784605218077e-01,5.000000000156181734e-01,5.089730620384216309e-01
3.955823293172690658e+00,6.666666666666666297e-01,5.029167063066655174e-01,5.000000000138414835e-01,5.089997649192810059e-01
3.975903614457831470e+00,6.666666666666666297e-01,5.028483742437661608e-01,5.000000000122667432e-01,5.090267062187194824e-01
3.995983935742971838e+00,6.666666666666666297e-01,5.027816439512208246e-01,5.000000000108710818e-01,5.090538859367370605e-01
4.016064257028112650e+00,6.666666666666666297e-01,5.027164780237804997e-01,5.000000000096345154e-01,5.090799927711486816e-01
4.036144578313252573e+00,6.666666666666666297e-01,5.026528399530212354e-01,5.000000000085388363e-01,5.091065764427185059e-01
4.056224899598393385e+00,6.666666666666666297e-01,5.025906941097366687e-01,5.000000000075678352e-01,5.091320872306823730e-01
4.076305220883534197e+00,6.666666666666666297e-01,5.025300057273147658e-01,5.000000000067075234e-01,5.091578364372253418e-01
4.096385542168675009e+00,6.666666666666666297e-01,5.024707408861729396e-01,5.000000000059450223e-01,5.091832280158996582e-01
4.116465863453814933e+00,6.666666666666666297e-01,5.024128664993375848e-01,5.000000000052690075e-01,5.092085003852844238e-01
4.136546184738955745e+00,6.666666666666666297e-01,5.023563502992779428e-01,5.000000000046701532e-01,5.092336535453796387e-01
4.156626506024096557e+00,6.666666666666666297e-01,5.023011608261193084e-01,5.000000000041396886e-01,5.092583298683166504e-01
4.176706827309237369e+00,6.666666666666666297e-01,5.022472674173904528e-01,5.000000000036696202e-01,5.092826485633850098e-01
4.196787148594377292e+00,6.666666666666666297e-01,5.021946401994843434e-01,5.000000000032528424e-01,5.093068480491638184e-01
4.216867469879518104e+00,6.666666666666666297e-01,5.021432500810504296e-01,5.000000000028834712e-01,5.093305706977844238e-01
4.236947791164658916e+00,6.666666666666666297e-01,5.020930687485796184e-01,5.000000000025559554e-01,5.093547701835632324e-01
4.257028112449798840e+00,6.666666666666666297e-01,5.020440686644872530e-01,5.000000000022657431e-01,5.093780159950256348e-01
4.277108433734939652e+00,6.666666666666666297e-01,5.019962230680691251e-01,5.000000000020087265e-01,5.094015002250671387e-01
4.297188755020080464e+00,6.666666666666666297e-01,5.019495059797736136e-01,5.000000000017804647e-01,5.094246268272399902e-01
4.317269076305221276e+00,6.666666666666666297e-01,5.019038922093204125e-01,5.000000000015784041e-01,5.094472765922546387e-01
4.337349397590361200e+00,6.666666666666666297e-01,5.018593573683182152e-01,5.000000000013994361e-01,5.094705224037170410e-01
4.357429718875502012e+00,6.666666666666666297e-01,5.018158778881517401e-01,5.000000000012408963e-01,5.094929337501525879e-01
4.377510040160642824e+00,6.666666666666666297e-01,5.017734310440915557e-01,5.000000000011002310e-01,5.095148682594299316e-01
4.397590361445782747e+00,6.666666666666666297e-01,5.017319949867780071e-01,5.000000000009758860e-01,5.095371603965759277e-01
4.417670682730923559e+00,6.666666666666666297e-01,5.016915487824953335e-01,5.000000000008655299e-01,5.095589756965637207e-01
4.437751004016064371e+00,6.666666666666666297e-01,5.016520724639805806e-01,5.000000000007678302e-01,5.095806717872619629e-01
4.457831325301205183e+00,6.666666666666666297e-01,5.016135470939241392e-01,5.000000000006812328e-01,5.096021294593811035e-01
4.477911646586345107e+00,6.666666666666666297e-01,5.015759548438543103e-01,5.000000000006046275e-01,5.096232295036315918e-01
4.497991967871485919e+00,6.666666666666666297e-01,5.015392790917749810e-01,5.000000000005367928e-01,5.096445679664611816e-01
4.518072289156626731e+00,6.666666666666666297e-01,5.015035045428027916e-01,5.000000000004766187e-01,5.096653103828430176e-01
4.538152610441766655e+00,6.666666666666666297e-01,5.014686173781898182e-01,5.000000000004233280e-01,5.096860527992248535e-01
4.558232931726907466e+00,6.666666666666666297e-01,5.014346054396044972e-01,5.000000000003760325e-01,5.097065567970275879e-01
4.578313253012048278e+00,6.666666666666666297e-01,5.014014584574868483e-01,5.000000000003345102e-01,5.097267031669616699e-01
4.598393574297189090e+00,6.666666666666666297e-01,5.013691683348586725e-01,5.000000000002976508e-01,5.097470879554748535e-01
4.618473895582329014e+00,6.666666666666666297e-01,5.013377295013604629e-01,5.000000000002647882e-01,5.097674727439880371e-01
4.638554216867469826e+00,6.666666666666666297e-01,5.013071393567897216e-01,5.000000000002353673e-01,5.097869038581848145e-01
4.658634538152610638e+00,6.666666666666666297e-01,5.012773988294149108e-01,5.000000000002094991e-01,5.098065733909606934e-01
4.678714859437750562e+00,6.666666666666666297e-01,5.012485130823710611e-01,5.000000000001864064e-01,5.098263621330261230e-01
4.698795180722891374e+00,6.666666666666666297e-01,5.012204924122078964e-01,5.000000000001660894e-01,5.098456740379333496e-01
4.718875502008032186e+00,6.666666666666666297e-01,5.011933533981582922e-01,5.000000000001482148e-01,5.098648667335510254e-01
4.738955823293172998e+00,6.666666666666666297e-01,5.011671203802433583e-01,5.000000000001324496e-01,5.098837018013000488e-01
4.759036144578312921e+00,6.666666666666666297e-01,5.011418273707769488e-01,5.000000000001184608e-01,5.099026560783386230e-01
4.779116465863453733e+00,6.666666666666666297e-01,5.011175205396827259e-01,5.000000000001061373e-01,5.099214911460876465e-01
4.799196787148594545e+00,6.666666666666666297e-01,5.010942614627436065e-01,5.000000000000951461e-01,5.099400877952575684e-01
4.819277108433734469e+00,6.666666666666666297e-01,5.010721313882334771e-01,5.000000000000854872e-01,5.099584460258483887e-01
4.839357429718875281e+00,6.666666666666666297e-01,5.010512368678763373e-01,5.000000000000770495e-01,5.099764466285705566e-01
4.859437751004016093e+00,6.666666666666666297e-01,5.010317172218320403e-01,5.000000000000699441e-01,5.099946856498718262e-01
4.879518072289156905e+00,6.666666666666666297e-01,5.010137544769917017e-01,5.000000000000639488e-01,5.100126862525939941e-01
4.899598393574296828e+00,6.666666666666666297e-01,5.009975866507635489e-01,5.000000000000586198e-01,5.100305676460266113e-01
4.919678714859437640e+00,6.666666666666666297e-01,5.009835255731368564e-01,5.000000000000540679e-01,5.100482106208801270e-01
4.939759036144578452e+00,6.666666666666666297e-01,5.009719808822139520e-01,5.000000000000508482e-01,5.100656151771545410e-01
4.959839357429719264e+00,6.666666666666666297e-01,5.009634924404243739e-01,5.000000000000486278e-01,5.100830197334289551e-01
4.979919678714859188e+00,6.666666666666666297e-01,5.009587742675628563e-01,5.000000000000470735e-01,5.101003050804138184e-01
5.000000000000000000e+00,6.666666666666666297e-01,5.009587742675628563e-01,5.000000000000470735e-01,5.101175904273986816e-01
0.000000000000000000e+00,7.083333333333332593e-01,8.892726820276316557e-01,8.892726820276316557e-01,8.857725858688354492e-01
2.008032128514056214e-02,7.083333333333332593e-01,8.787529445427799679e-01,8.385371489942941015e-01,8.345114588737487793e-01
4.016064257028112428e-02,7.083333333333332593e-01,8.685941628104717482e-01,7.956433530707583968e-01,7.916218638420104980e-01
6.024096385542168641e-02,7.083333333333332593e-01,8.587835418185619796e-01,7.590850915939778565e-01,7.553566098213195801e-01
8.032128514056224855e-02,7.083333333333332593e-01,8.493071839951303881e-01,7.276780581627382283e-01,7.243978977203369141e-01
1.004016064257028107e-01,7.083333333333332593e-01,8.401507645791225221e-01,7.005081323946644734e-01,6.977458596229553223e-01
1.204819277108433728e-01,7.083333333333332593e-01,8.312999714480167057e-01,6.768686078942548479e-01,6.746346950531005859e-01
1.405622489959839350e-01,7.083333333333332593e-01,8.227407850136755352e-01,6.562069658678515438e-01,6.544767618179321289e-01
1.606425702811244971e-01,7.083333333333332593e-01,8.144596512620261297e-01,6.380843665465805170e-01,6.368127465248107910e-01
1.807228915662650592e-01,7.083333333333332593e-01,8.064435840755234119e-01,6.221461638478593681e-01,6.212807297706604004e-01
2.008032128514056214e-01,7.083333333333332593e-01,7.986802209022397792e-01,6.081008478042819743e-01,6.075862050056457520e-01
2.208835341365461835e-01,7.083333333333332593e-01,7.911578475768812346e-01,5.957050846958137358e-01,5.954880118370056152e-01
2.409638554216867457e-01,7.083333333333332593e-01,7.838654026294180621e-01,5.847530474295103975e-01,5.847854018211364746e-01
2.610441767068273355e-01,7.083333333333332593e-01,7.767924678778387326e-01,5.750687228930868589e-01,5.753085017204284668e-01
2.811244979919678699e-01,7.083333333333332593e-01,7.699292498431385967e-01,5.665002751533524394e-01,5.669105648994445801e-01
3.012048192771084043e-01,7.083333333333332593e-01,7.632665550880110006e-01,5.589158313918475285e-01,5.594657063484191895e-01
3.212851405622489942e-01,7.083333333333332593e-01,7.567957616580810454e-01,5.522002602703037777e-01,5.528640151023864746e-01
3.413654618473895841e-01,7.083333333333332593e-01,7.505087881981021836e-01,5.462526516412335997e-01,5.470091700553894043e-01
3.614457831325301185e-01,7.083333333333332593e-01,7.443980619024717083e-01,5.409843006153663980e-01,5.418164134025573730e-01
3.815261044176706529e-01,7.083333333333332593e-01,7.384564861657278989e-01,5.363170620106354480e-01,5.372120738029479980e-01
4.016064257028112428e-01,7.083333333333332593e-01,7.326774085806468939e-01,5.321819832133741768e-01,5.331293940544128418e-01
4.216867469879518326e-01,7.083333333333332593e-01,7.270545897637921140e-01,5.285181514635987066e-01,5.295102000236511230e-01
4.417670682730923670e-01,7.083333333333332593e-01,7.215821733560650042e-01,5.252717102650047432e-01,5.263027548789978027e-01
4.618473895582329014e-01,7.083333333333332593e-01,7.162546574401240651e-01,5.223950121775565725e-01,5.234619975090026855e-01
4.819277108433734913e-01,7.083333333333332593e-01,7.110668675318867482e-01,5.198458837676648292e-01,5.209460854530334473e-01
5.020080321285140812e-01,7.083333333333332593e-01,7.060139312359029473e-01,5.175869843429351524e-01,5.187191367149353027e-01
5.220883534136546711e-01,7.083333333333332593e-01,7.010912546013111646e-01,5.155852441862509572e-01,5.167486071586608887e-01
5.421686746987951500e-01,7.083333333333332593e-01,6.962945001740111772e-01,5.138113709166879373e-01,5.150069594383239746e-01
5.622489959839357399e-01,7.083333333333332593e-01,6.916195667096659561e-01,5.122394147279430987e-01,5.134674906730651855e-01
5.823293172690763297e-01,7.083333333333332593e-01,6.870625704894026686e-01,5.108463848411857189e-01,5.121088624000549316e-01
6.024096385542168086e-01,7.083333333333332593e-01,6.826198281641510102e-01,5.096119107247255586e-01,5.109098553657531738e-01
6.224899598393573985e-01,7.083333333333332593e-01,6.782878410430899230e-01,5.085179425875772097e-01,5.098524689674377441e-01
6.425702811244979884e-01,7.083333333333332593e-01,6.740632807355575462e-01,5.075484864212084224e-01,5.089213252067565918e-01
6.626506024096385783e-01,7.083333333333332593e-01,6.699429760530625222e-01,5.066893694929600622e-01,5.081019997596740723e-01
6.827309236947791682e-01,7.083333333333332593e-01,6.659239010778875700e-01,5.059280327196047367e-01,5.073816180229187012e-01
7.028112449799196471e-01,7.083333333333332593e-01,6.620031643065807936e-01,5.052533467937528888e-01,5.067495703697204590e-01
7.228915662650602370e-01,7.083333333333332593e-01,6.581779987798046516e-01,5.046554493160320121e-01,5.061963200569152832e-01
7.429718875502008268e-01,7.083333333333332593e-01,6.544457531141667506e-01,5.041256005142188412e-01,5.057118535041809082e-01
7.630522088353413057e-01,7.083333333333332593e-01,6.508038833564135928e-01,5.036560554158342473e-01,5.052888989448547363e-01
7.831325301204818956e-01,7.083333333333332593e-01,6.472499455854905381e-01,5.032399505899847192e-01,5.049200654029846191e-01
8.032128514056224855e-01,7.083333333333332593e-01,6.437815891932427981e-01,5.028712037928201317e-01,5.045996308326721191e-01
8.232931726907630754e-01,7.083333333333332593e-01,6.403965507797996226e-01,5.025444250432190563e-01,5.043224692344665527e-01
8.433734939759036653e-01,7.083333333333332593e-01,6.370926486048421600e-01,5.022548378247159162e-01,5.040828585624694824e-01
8.634538152610441442e-01,7.083333333333332593e-01,6.338677775409276016e-01,5.019982092591949163e-01,5.038769841194152832e-01
8.835341365461847341e-01,7.083333333333332593e-01,6.307199044797596743e-01,5.017707882299771160e-01,5.037006735801696777e-01
9.036144578313253239e-01,7.083333333333332593e-01,6.276470641467445377e-01,5.015692505487417963e-01,5.035511851310729980e-01
9.236947791164658028e-01,7.083333333333332593e-01,6.246473552833267107e-01,5.013906503640809253e-01,5.034241080284118652e-01
9.437751004016063927e-01,7.083333333333332593e-01,6.217189371604427972e-01,5.012323771009707940e-01,5.033181309700012207e-01
9.638554216867469826e-01,7.083333333333332593e-01,6.188600263899822762e-01,5.010921173014581953e-01,5.032308697700500488e-01
9.839357429718875725e-01,7.083333333333332593e-01,6.160688940044041217e-01,5.009678208086013607e-01,5.031594634056091309e-01
1.004016064257028162e+00,7.083333333333332593e-01,6.133438627776275354e-01,5.008576707992584698e-01,5.031021237373352051e-01
1.024096385542168752e+00,7.083333333333332593e-01,6.106833047630312317e-01,5.007600572276224016e-01,5.030576586723327637e-01
1.044176706827309342e+00,7.083333333333332593e-01,6.080856390268516432e-01,5.006735532912751641e-01,5.030241608619689941e-01
1.064257028112449710e+00,7.083333333333332593e-01,6.055493295574971846e-01,5.005968945757419686e-01,5.030015110969543457e-01
1.084337349397590300e+00,7.083333333333332593e-01,6.030728833333152128e-01,5.005289605726799262e-01,5.029869675636291504e-01
1.104417670682730890e+00,7.083333333333332593e-01,6.006548485331526521e-01,5.004687583015441366e-01,5.029798150062561035e-01
1.124497991967871480e+00,7.083333333333332593e-01,5.982938128756954965e-01,5.004154077953232305e-01,5.029801726341247559e-01
1.144578313253012070e+00,7.083333333333332593e-01,5.959884020750323419e-01,5.003681292381839674e-01,5.029866099357604980e-01
1.164658634538152659e+00,7.083333333333332593e-01,5.937372784012108218e-01,5.003262315670184979e-01,5.029980540275573730e-01
1.184738955823293249e+00,7.083333333333332593e-01,5.915391393357344318e-01,5.002891023702772388e-01,5.030142664909362793e-01
1.204819277108433617e+00,7.083333333333332593e-01,5.893927163130092683e-01,5.002561989364436856e-01,5.030351281166076660e-01
1.224899598393574207e+00,7.083333333333332593e-01,5.872967735396943390e-01,5.002270403213039396e-01,5.030593276023864746e-01
1.244979919678714797e+00,7.083333333333332593e-01,5.852501068847574262e-01,5.002012003180609234e-01,5.030871033668518066e-01
1.265060240963855387e+00,7.083333333333332593e-01,5.832515428337996521e-01,5.001783012275362594e-01,5.031177401542663574e-01
1.285140562248995977e+00,7.083333333333332593e-01,5.812999375018838011e-01,5.001580083374012053e-01,5.031511187553405762e-01
1.305220883534136567e+00,7.083333333333332593e-01,5.793941756997074144e-01,5.001400250297405314e-01,5.031867623329162598e-01
1.325301204819277157e+00,7.083333333333332593e-01,5.775331700485016873e-01,5.001240884454360991e-01,5.032241940498352051e-01
1.345381526104417746e+00,7.083333333333332593e-01,5.757158601395175879e-01,5.001099656419955020e-01,5.032640099525451660e-01
1.365461847389558336e+00,7.083333333333332593e-01,5.739412117343910547e-01,5.000974501886701340e-01,5.033047795295715332e-01
1.385542168674698704e+00,7.083333333333332593e-01,5.722082160030588227e-01,5.000863591490902760e-01,5.033473372459411621e-01
1.405622489959839294e+00,7.083333333333332593e-01,5.705158887962415992e-01,5.000765304073127027e-01,5.033913254737854004e-01
1.425702811244979884e+00,7.083333333333332593e-01,5.688632699498129552e-01,5.000678202981985176e-01,5.034363865852355957e-01
1.445783132530120474e+00,7.083333333333332593e-01,5.672494226186446387e-01,5.000601015074824796e-01,5.034822821617126465e-01
1.465863453815261064e+00,7.083333333333332593e-01,5.656734326377617084e-01,5.000532612108410380e-01,5.035292506217956543e-01
1.485943775100401654e+00,7.083333333333332593e-01,5.641344079088538299e-01,5.000471994247580598e-01,5.035771727561950684e-01
1.506024096385542244e+00,7.083333333333332593e-01,5.626314778103854719e-01,5.000418275450807526e-01,5.036259293556213379e-01
1.526104417670682611e+00,7.083333333333332593e-01,5.611637926297161627e-01,5.000370670519070915e-01,5.036754012107849121e-01
1.546184738955823201e+00,7.083333333333332593e-01,5.597305230157956224e-01,5.000328483618732278e-01,5.037249922752380371e-01
1.566265060240963791e+00,7.083333333333332593e-01,5.583308594511358081e-01,5.000291098110649646e-01,5.037752985954284668e-01
1.586345381526104381e+00,7.083333333333332593e-01,5.569640117418848124e-01,5.000257967536863024e-01,5.038260817527770996e-01
1.606425702811244971e+00,7.083333333333332593e-01,5.556292085249320278e-01,5.000228607633100397e-01,5.038776993751525879e-01
1.626506024096385561e+00,7.083333333333332593e-01,5.543256967910779043e-01,5.000202589250367646e-01,5.039293169975280762e-01
1.646586345381526151e+00,7.083333333333332593e-01,5.530527414233806782e-01,5.000179532082147382e-01,5.039811730384826660e-01
1.666666666666666741e+00,7.083333333333332593e-01,5.518096247498782692e-01,5.000159099105511151e-01,5.040332674980163574e-01
1.686746987951807331e+00,7.083333333333332593e-01,5.505956461099454913e-01,5.000140991654928868e-01,5.040864348411560059e-01
1.706827309236947698e+00,7.083333333333332593e-01,5.494101214336135630e-01,5.000124945056705350e-01,5.041388869285583496e-01
1.726907630522088288e+00,7.083333333333332593e-01,5.482523828332332982e-01,5.000110724760293834e-01,5.041922926902770996e-01
1.746987951807228878e+00,7.083333333333332593e-01,5.471217782069131008e-01,5.000098122909905074e-01,5.042455792427062988e-01
1.767068273092369468e+00,7.083333333333332593e-01,5.460176708532075152e-01,5.000086955306320968e-01,5.042988657951354980e-01
1.787148594377510058e+00,7.083333333333332593e-01,5.449394390965709434e-01,5.000077058714471612e-01,5.043525099754333496e-01
1.807228915662650648e+00,7.083333333333332593e-01,5.438864759231329948e-01,5.000068288477463874e-01,5.044068694114685059e-01
1.827309236947791238e+00,7.083333333333332593e-01,5.428581886263740275e-01,5.000060516402153876e-01,5.044607520103454590e-01
1.847389558232931606e+00,7.083333333333332593e-01,5.418539984623208516e-01,5.000053628885364754e-01,5.045145153999328613e-01
1.867469879518072196e+00,7.083333333333332593e-01,5.408733403138979989e-01,5.000047525253370484e-01,5.045689940452575684e-01
1.887550200803212785e+00,7.083333333333332593e-01,5.399156623641013786e-01,5.000042116290366323e-01,5.046228766441345215e-01
1.907630522088353375e+00,7.083333333333332593e-01,5.389804257776796836e-01,5.000037322934405282e-01,5.046769976615905762e-01
1.927710843373493965e+00,7.083333333333332593e-01,5.380671043910274509e-01,5.000033075121780302e-01,5.047313570976257324e-01
1.947791164658634555e+00,7.083333333333332593e-01,5.371751844100132178e-01,5.000029310762892365e-01,5.047855973243713379e-01
1.967871485943775145e+00,7.083333333333332593e-01,5.363041641154816519e-01,5.000025974834712006e-01,5.048397183418273926e-01
1.987951807228915735e+00,7.083333333333332593e-01,5.354535535761835163e-01,5.000023018576514877e-01,5.048941969871520996e-01
2.008032128514056325e+00,7.083333333333332593e-01,5.346228743688982155e-01,5.000020398777149655e-01,5.049480795860290527e-01
2.028112449799196693e+00,7.083333333333332593e-01,5.338116593055297621e-01,5.000018077143431050e-01,5.050024390220642090e-01
2.048192771084337505e+00,7.083333333333332593e-01,5.330194521669658902e-01,5.000016019740410878e-01,5.050565600395202637e-01
2.068273092369477872e+00,7.083333333333332593e-01,5.322458074434984754e-01,5.000014196495358165e-01,5.051108002662658691e-01
2.088353413654618684e+00,7.083333333333332593e-01,5.314902900816170783e-01,5.000012580758198544e-01,5.051645636558532715e-01
2.108433734939759052e+00,7.083333333333332593e-01,5.307524752369926491e-01,5.000011148911956971e-01,5.052182078361511230e-01
2.128514056224899420e+00,7.083333333333332593e-01,5.300319480334764188e-01,5.000009880027570519e-01,5.052723288536071777e-01
2.148594377510040232e+00,7.083333333333332593e-01,5.293283033279491123e-01,5.000008755557957540e-01,5.053257346153259277e-01
2.168674698795180600e+00,7.083333333333332593e-01,5.286411454808600530e-01,5.000007759066932289e-01,5.053798556327819824e-01
2.188755020080321412e+00,7.083333333333332593e-01,5.279700881323009520e-01,5.000006875988932675e-01,5.054332613945007324e-01
2.208835341365461780e+00,7.083333333333332593e-01,5.273147539834689423e-01,5.000006093416159425e-01,5.054866671562194824e-01
2.228915662650602592e+00,7.083333333333332593e-01,5.266747745833756378e-01,5.000005399909870363e-01,5.055395960807800293e-01
2.248995983935742959e+00,7.083333333333332593e-01,5.260497901206654392e-01,5.000004785333190815e-01,5.055926442146301270e-01
2.269076305220883327e+00,7.083333333333332593e-01,5.254394492204096379e-01,5.000004240702957681e-01,5.056454539299011230e-01
2.289156626506024139e+00,7.083333333333332593e-01,5.248434087457507502e-01,5.000003758058398917e-01,5.056982636451721191e-01
2.309236947791164507e+00,7.083333333333332593e-01,5.242613336042714067e-01,5.000003330344772179e-01,5.057505965232849121e-01
2.329317269076305319e+00,7.083333333333332593e-01,5.236928965589697782e-01,5.000002951310258403e-01,5.058029294013977051e-01
2.349397590361445687e+00,7.083333333333332593e-01,5.231377780437249658e-01,5.000002615414571583e-01,5.058549046516418457e-01
2.369477911646586499e+00,7.083333333333332593e-01,5.225956659831407780e-01,5.000002317747980207e-01,5.059065222740173340e-01
2.389558232931726867e+00,7.083333333333332593e-01,5.220662556166588697e-01,5.000002053959535786e-01,5.059577822685241699e-01
2.409638554216867234e+00,7.083333333333332593e-01,5.215492493268353291e-01,5.000001820193485935e-01,5.060097575187683105e-01
2.429718875502008046e+00,7.083333333333332593e-01,5.210443564716803477e-01,5.000001613032909464e-01,5.060603022575378418e-01
2.449799196787148414e+00,7.083333333333332593e-01,5.205512932209577226e-01,5.000001429449776325e-01,5.061114430427551270e-01
2.469879518072289226e+00,7.083333333333332593e-01,5.200697823963514876e-01,5.000001266760678575e-01,5.061618685722351074e-01
2.489959839357429594e+00,7.083333333333332593e-01,5.195995533154041945e-01,5.000001122587615088e-01,5.062119364738464355e-01
2.510040160642570406e+00,7.083333333333332593e-01,5.191403416391341397e-01,5.000000994823234901e-01,5.062621235847473145e-01
2.530120481927710774e+00,7.083333333333332593e-01,5.186918892232446066e-01,5.000000881600028535e-01,5.063115954399108887e-01
2.550200803212851586e+00,7.083333333333332593e-01,5.182539439728378605e-01,5.000000781263024274e-01,5.063614249229431152e-01
2.570281124497991954e+00,7.083333333333332593e-01,5.178262597005491852e-01,5.000000692345613063e-01,5.064104199409484863e-01
2.590361445783132321e+00,7.083333333333332593e-01,5.174085959880204699e-01,5.000000613548105655e-01,5.064592957496643066e-01
2.610441767068273133e+00,7.083333333333332593e-01,5.170007180506320799e-01,5.000000543718734480e-01,5.065076947212219238e-01
2.630522088353413501e+00,7.083333333333332593e-01,5.166023966054141825e-01,5.000000481836809341e-01,5.065559744834899902e-01
2.650602409638554313e+00,7.083333333333332593e-01,5.162134077420658107e-01,5.000000426997818215e-01,5.066040158271789551e-01
2.670682730923694681e+00,7.083333333333332593e-01,5.158335327970026141e-01,5.000000378400183410e-01,5.066515803337097168e-01
2.690763052208835493e+00,7.083333333333332593e-01,5.154625582303646869e-01,5.000000335333559809e-01,5.066989064216613770e-01
2.710843373493975861e+00,7.083333333333332593e-01,5.151002755059141958e-01,5.000000297168453178e-01,5.067456364631652832e-01
2.730923694779116673e+00,7.083333333333332593e-01,5.147464809737514191e-01,5.000000263347007534e-01,5.067924857139587402e-01
2.751004016064257041e+00,7.083333333333332593e-01,5.144009757557859164e-01,5.000000233374863878e-01,5.068388581275939941e-01
2.771084337349397408e+00,7.083333333333332593e-01,5.140635656338953252e-01,5.000000206813923764e-01,5.068846344947814941e-01
2.791164658634538220e+00,7.083333333333332593e-01,5.137340609407096137e-01,5.000000183275948862e-01,5.069300532341003418e-01
2.811244979919678588e+00,7.083333333333332593e-01,5.134122764529577276e-01,5.000000162416885496e-01,5.069755911827087402e-01
2.831325301204819400e+00,7.083333333333332593e-01,5.130980312873172355e-01,5.000000143931838670e-01,5.070206522941589355e-01
2.851405622489959768e+00,7.083333333333332593e-01,5.127911487987067973e-01,5.000000127550622286e-01,5.070652365684509277e-01
2.871485943775100580e+00,7.083333333333332593e-01,5.124914564809639472e-01,5.000000113033788995e-01,5.071089863777160645e-01
2.891566265060240948e+00,7.083333333333332593e-01,5.121987858698547891e-01,5.000000100169152972e-01,5.071533322334289551e-01
2.911646586345381316e+00,7.083333333333332593e-01,5.119129724483554300e-01,5.000000088768672413e-01,5.071967244148254395e-01
2.931726907630522128e+00,7.083333333333332593e-01,5.116338555541568578e-01,5.000000078665707282e-01,5.072399973869323730e-01
2.951807228915662495e+00,7.083333333333332593e-01,5.113612782893377506e-01,5.000000069712584594e-01,5.072826743125915527e-01
2.971887550200803307e+00,7.083333333333332593e-01,5.110950874321557036e-01,5.000000061778437921e-01,5.073248744010925293e-01
2.991967871485943675e+00,7.083333333333332593e-01,5.108351333509068004e-01,5.000000054747297806e-01,5.073673129081726074e-01
3.012048192771084487e+00,7.083333333333332593e-01,5.105812699198045701e-01,5.000000048516384243e-01,5.074085593223571777e-01
3.032128514056224855e+00,7.083333333333332593e-01,5.103333544368308106e-01,5.000000042994624527e-01,5.074500441551208496e-01
3.052208835341365223e+00,7.083333333333332593e-01,5.100912475435142035e-01,5.000000038101310995e-01,5.074912905693054199e-01
3.072289156626506035e+00,7.083333333333332593e-01,5.098548131465867606e-01,5.000000033764919749e-01,5.075318217277526855e-01
3.092369477911646403e+00,7.083333333333332593e-01,5.096239183414796869e-01,5.000000029922061495e-01,5.075721144676208496e-01
3.112449799196787215e+00,7.083333333333332593e-01,5.093984333376118112e-01,5.000000026516568941e-01,5.076118111610412598e-01
3.132530120481927582e+00,7.083333333333332593e-01,5.091782313854286146e-01,5.000000023498664126e-01,5.076516270637512207e-01
3.152610441767068394e+00,7.083333333333332593e-01,5.089631887051543346e-01,5.000000020824232339e-01,5.076906085014343262e-01
3.172690763052208762e+00,7.083333333333332593e-01,5.087531844172116235e-01,5.000000018454185957e-01,5.077294707298278809e-01
3.192771084337349574e+00,7.083333333333332593e-01,5.085481004742755662e-01,5.000000016353880472e-01,5.077678561210632324e-01
3.212851405622489942e+00,7.083333333333332593e-01,5.083478215949187584e-01,5.000000014492611555e-01,5.078061223030090332e-01
3.232931726907630310e+00,7.083333333333332593e-01,5.081522351988146946e-01,5.000000012843180963e-01,5.078442692756652832e-01
3.253012048192771122e+00,7.083333333333332593e-01,5.079612313434590520e-01,5.000000011381475762e-01,5.078815817832946777e-01
3.273092369477911490e+00,7.083333333333332593e-01,5.077747026623767868e-01,5.000000010086131930e-01,5.079188942909240723e-01
3.293172690763052302e+00,7.083333333333332593e-01,5.075925443047784036e-01,5.000000008938215723e-01,5.079550147056579590e-01
3.313253012048192669e+00,7.083333333333332593e-01,5.074146538766332037e-01,5.000000007920950562e-01,5.079917311668395996e-01
3.333333333333333481e+00,7.083333333333332593e-01,5.072409313831257593e-01,5.000000007019461679e-01,5.080279707908630371e-01
3.353413654618473849e+00,7.083333333333332593e-01,5.070712791724629742e-01,5.000000006220574056e-01,5.080636143684387207e-01
3.373493975903614661e+00,7.083333333333332593e-01,5.069056018810027542e-01,5.000000005512607038e-01,5.080987811088562012e-01
3.393574297188755029e+00,7.083333333333332593e-01,5.067438063796715353e-01,5.000000004885214455e-01,5.081339478492736816e-01
3.413654618473895397e+00,7.083333333333332593e-01,5.065858017216426923e-01,5.000000004329225867e-01,5.081683993339538574e-01
3.433734939759036209e+00,7.083333333333332593e-01,5.064314990912459624e-01,5.000000003836516660e-01,5.082027316093444824e-01
3.453815261044176577e+00,7.083333333333332593e-01,5.062808117540819053e-01,5.000000003399883708e-01,5.082368254661560059e-01
3.473895582329317389e+00,7.083333333333332593e-01,5.061336550083106456e-01,5.000000003012944338e-01,5.082702040672302246e-01
3.493975903614457756e+00,7.083333333333332593e-01,5.059899461370938045e-01,5.000000002670044186e-01,5.083034634590148926e-01
3.514056224899598568e+00,7.083333333333332593e-01,5.058496043621579785e-01,5.000000002366169483e-01,5.083366036415100098e-01
3.534136546184738936e+00,7.083333333333332593e-01,5.057125507984608914e-01,5.000000002096879337e-01,5.083693861961364746e-01
3.554216867469879304e+00,7.083333333333332593e-01,5.055787084099325757e-01,5.000000001858240228e-01,5.084019303321838379e-01
3.574297188755020116e+00,7.083333333333332593e-01,5.054480019662708212e-01,5.000000001646758285e-01,5.084338784217834473e-01
3.594377510040160484e+00,7.083333333333332593e-01,5.053203580007672446e-01,5.000000001459347088e-01,5.084654688835144043e-01
3.614457831325301296e+00,7.083333333333332593e-01,5.051957047691451042e-01,5.000000001293265495e-01,5.084969401359558105e-01
3.634538152610441664e+00,7.083333333333332593e-01,5.050739722093866568e-01,5.000000001146085449e-01,5.085279345512390137e-01
3.654618473895582476e+00,7.083333333333332593e-01,5.049550919025326268e-01,5.000000001015656448e-01,5.085588097572326660e-01
3.674698795180722843e+00,7.083333333333332593e-01,5.048389970344360211e-01,5.000000000900072239e-01,5.085892081260681152e-01
3.694779116465863211e+00,7.083333333333332593e-01,5.047256223584531964e-01,5.000000000797645283e-01,5.086193680763244629e-01
3.714859437751004023e+00,7.083333333333332593e-01,5.046149041590579643e-01,5.000000000706872338e-01,5.086492896080017090e-01
3.734939759036144391e+00,7.083333333333332593e-01,5.045067802163635262e-01,5.000000000626430019e-01,5.086788535118103027e-01
3.755020080321285203e+00,7.083333333333332593e-01,5.044011897715428017e-01,5.000000000555142599e-01,5.087082982063293457e-01
3.775100401606425571e+00,7.083333333333332593e-01,5.042980734931351572e-01,5.000000000491968688e-01,5.087373852729797363e-01
3.795180722891566383e+00,7.083333333333332593e-01,5.041973734442316557e-01,5.000000000435983472e-01,5.087661147117614746e-01
3.815261044176706751e+00,7.083333333333332593e-01,5.040990330505343842e-01,5.000000000386367605e-01,5.087940096855163574e-01
3.835341365461847563e+00,7.083333333333332593e-01,5.040029970692860850e-01,5.000000000342400552e-01,5.088226199150085449e-01
3.855421686746987930e+00,7.083333333333332593e-01,5.039092115590685372e-01,5.000000000303437275e-01,5.088503956794738770e-01
3.875502008032128298e+00,7.083333333333332593e-01,5.038176238504759041e-01,5.000000000268906009e-01,5.088784098625183105e-01
3.895582329317269110e+00,7.083333333333332593e-01,5.037281825176683769e-01,5.000000000238306042e-01,5.089049935340881348e-01
3.915662650602409478e+00,7.083333333333332593e-01,5.036408373508171055e-01,5.000000000211187734e-01,5.089326500892639160e-01
3.935742971887550290e+00,7.083333333333332593e-01,5.035555393294597337e-01,5.000000000187159177e-01,5.089589953422546387e-01
3.955823293172690658e+00,7.083333333333332593e-01,5.034722405967859693e-01,5.000000000165867320e-01,5.089858174324035645e-01
3.975903614457831470e+00,7.083333333333332593e-01,5.033908944348861603e-01,5.000000000146995749e-01,5.090120434761047363e-01
3.995983935742971838e+00,7.083333333333332593e-01,5.033114552409972964e-01,5.000000000130272459e-01,5.090380311012268066e-01
4.016064257028112650e+00,7.083333333333332593e-01,5.032338785047959506e-01,5.000000000115455423e-01,5.090637803077697754e-01
4.036144578313252573e+00,7.083333333333332593e-01,5.031581207867930061e-01,5.000000000102323705e-01,5.090892910957336426e-01
4.056224899598393385e+00,7.083333333333332593e-01,5.030841396979036650e-01,5.000000000090687458e-01,5.091144442558288574e-01
4.076305220883534197e+00,7.083333333333332593e-01,5.030118938802738970e-01,5.000000000080377927e-01,5.091394782066345215e-01
4.096385542168675009e+00,7.083333333333332593e-01,5.029413429894686871e-01,5.000000000071239681e-01,5.091640353202819824e-01
4.116465863453814933e+00,7.083333333333332593e-01,5.028724476781422092e-01,5.000000000063139494e-01,5.091889500617980957e-01
4.136546184738955745e+00,7.083333333333332593e-01,5.028051695813369193e-01,5.000000000055961902e-01,5.092129111289978027e-01
4.156626506024096557e+00,7.083333333333332593e-01,5.027394713035857610e-01,5.000000000049604765e-01,5.092375874519348145e-01
4.176706827309237369e+00,7.083333333333332593e-01,5.026753164080234315e-01,5.000000000043971493e-01,5.092610716819763184e-01
4.196787148594377292e+00,7.083333333333332593e-01,5.026126694077546198e-01,5.000000000038977710e-01,5.092850327491760254e-01
4.216867469879518104e+00,7.083333333333332593e-01,5.025514957597702059e-01,5.000000000034551251e-01,5.093080401420593262e-01
4.236947791164658916e+00,7.083333333333332593e-01,5.024917618617595894e-01,5.000000000030626612e-01,5.093315243721008301e-01
4.257028112449798840e+00,7.083333333333332593e-01,5.024334350522332571e-01,5.000000000027148284e-01,5.093540549278259277e-01
4.277108433734939652e+00,7.083333333333332593e-01,5.023764836144487544e-01,5.000000000024067415e-01,5.093767046928405762e-01
4.297188755020080464e+00,7.083333333333332593e-01,5.023208767847249234e-01,5.000000000021334046e-01,5.093994736671447754e-01
4.317269076305221276e+00,7.083333333333332593e-01,5.022665847658506211e-01,5.000000000018912649e-01,5.094220042228698730e-01
4.337349397590361200e+00,7.083333333333332593e-01,5.022135787464268031e-01,5.000000000016768809e-01,5.094437003135681152e-01
4.357429718875502012e+00,7.083333333333332593e-01,5.021618309271531633e-01,5.000000000014868107e-01,5.094657540321350098e-01
4.377510040160642824e+00,7.083333333333332593e-01,5.021113145552809076e-01,5.000000000013185009e-01,5.094880461692810059e-01
4.397590361445782747e+00,7.083333333333332593e-01,5.020620039687023750e-01,5.000000000011691759e-01,5.095092654228210449e-01
4.417670682730923559e+00,7.083333333333332593e-01,5.020138746514749561e-01,5.000000000010370593e-01,5.095306038856506348e-01
4.437751004016064371e+00,7.083333333333332593e-01,5.019669033029640071e-01,5.000000000009198198e-01,5.095515847206115723e-01
4.457831325301205183e+00,7.083333333333332593e-01,5.019210679232881667e-01,5.000000000008161249e-01,5.095725655555725098e-01
4.477911646586345107e+00,7.083333333333332593e-01,5.018763479183788734e-01,5.000000000007243095e-01,5.095935463905334473e-01
4.497991967871485919e+00,7.083333333333332593e-01,5.018327242287533574e-01,5.000000000006431522e-01,5.096139311790466309e-01
4.518072289156626731e+00,7.083333333333332593e-01,5.017901794871170162e-01,5.000000000005707657e-01,5.096344351768493652e-01
4.538152610441766655e+00,7.083333333333332593e-01,5.017486982112102645e-01,5.000000000005068168e-01,5.096548199653625488e-01
4.558232931726907466e+00,7.083333333333332593e-01,5.017082670399898303e-01,5.000000000004503065e-01,5.096747279167175293e-01
4.578313253012048278e+00,7.083333333333332593e-01,5.016688750234165051e-01,5.000000000004003464e-01,5.096945166587829590e-01
4.598393574297189090e+00,7.083333333333332593e-01,5.016305139789531964e-01,5.000000000003561595e-01,5.097141861915588379e-01
4.618473895582329014e+00,7.083333333333332593e-01,5.015931789316027123e-01,5.000000000003167466e-01,5.097339749336242676e-01
4.638554216867469826e+00,7.083333333333332593e-01,5.015568686592030145e-01,5.000000000002815526e-01,5.097528100013732910e-01
4.658634538152610638e+00,7.083333333333332593e-01,5.015215863711615096e-01,5.000000000002505773e-01,5.097723603248596191e-01
4.678714859437750562e+00,7.083333333333332593e-01,5.014873405573760934e-01,5.000000000002231548e-01,5.097914338111877441e-01
4.698795180722891374e+00,7.083333333333332593e-01,5.014541460554771124e-01,5.000000000001987299e-01,5.098103880882263184e-01
4.718875502008032186e+00,7.083333333333332593e-01,5.014220253997102583e-01,5.000000000001771916e-01,5.098289847373962402e-01
4.738955823293172998e+00,7.083333333333332593e-01,5.013910105350775082e-01,5.000000000001584288e-01,5.098475813865661621e-01
4.759036144578312921e+00,7.083333333333332593e-01,5.013611450075333709e-01,5.000000000001414424e-01,5.098659396171569824e-01
4.779116465863453733e+00,7.083333333333332593e-01,5.013324867775197369e-01,5.000000000001267875e-01,5.098841786384582520e-01
4.799196787148594545e+00,7.083333333333332593e-01,5.013051118531436368e-01,5.000000000001136868e-01,5.099025368690490723e-01
4.819277108433734469e+00,7.083333333333332593e-01,5.012791190052841017e-01,5.000000000001021405e-01,5.099204182624816895e-01
4.839357429718875281e+00,7.083333333333332593e-01,5.012546359157926679e-01,5.000000000000919265e-01,5.099384188652038574e-01
4.859437751004016093e+00,7.083333333333332593e-01,5.012318272298126320e-01,5.000000000000834888e-01,5.099557042121887207e-01
4.879518072289156905e+00,7.083333333333332593e-01,5.012109051449480379e-01,5.000000000000763833e-01,5.099732279777526855e-01
4.899598393574296828e+00,7.083333333333332593e-01,5.011921433883972377e-01,5.000000000000701661e-01,5.099909901618957520e-01
4.919678714859437640e+00,7.083333333333332593e-01,5.011758957281715610e-01,5.000000000000646150e-01,5.100079178810119629e-01
4.939759036144578452e+00,7.083333333333332593e-01,5.011626205633216147e-01,5.000000000000606182e-01,5.100252032279968262e-01
4.959839357429719264e+00,7.083333333333332593e-01,5.011529136775180193e-01,5.000000000000580647e-01,5.100423693656921387e-01
4.979919678714859188e+00,7.083333333333332593e-01,5.011475519704458037e-01,5.000000000000563993e-01,5.100595355033874512e-01
5.000000000000000000e+00,7.083333333333332593e-01,5.011475519704458037e-01,5.000000000000563993e-01,5.100761055946350098e-01
0.000000000000000000e+00,7.500000000000000000e-01,9.241418199787565513e-01,9.241418199787565513e-01,9.276891350746154785e-01
2.008032128514056214e-02,7.500000000000000000e-01,9.142522477100547551e-01,8.737572354469869129e-01,8.737173080444335938e-01
4.016064257028112428e-02,7.500000000000000000e-01,9.045202295168307538e-01,8.294565592620883887e-01,8.277415633201599121e-01
6.024096385542168641e-02,7.500000000000000000e-01,8.949609737602414183e-01,7.906251979154440557e-01,7.882997393608093262e-01
8.032128514056224855e-02,7.500000000000000000e-01,8.855859065762949900e-01,7.565910951021366238e-01,7.542366385459899902e-01
1.004016064257028107e-01,7.500000000000000000e-01,8.764032514709433341e-01,7.267245685182995851e-01,7.246376872062683105e-01
1.204819277108433728e-01,7.500000000000000000e-01,8.674185243392893430e-01,7.004712508533927906e-01,6.987808346748352051e-01
1.405622489959839350e-01,7.500000000000000000e-01,8.586349710565869264e-01,6.773554898994895712e-01,6.760957837104797363e-01
1.606425702811244971e-01,7.500000000000000000e-01,8.500539589977108568e-01,6.569724865871046093e-01,6.561264395713806152e-01
1.807228915662650592e-01,7.500000000000000000e-01,8.416753259332270254e-01,6.389775371323539455e-01,6.385030150413513184e-01
2.008032128514056214e-01,7.500000000000000000e-01,8.334976869789143539e-01,6.230757665926371924e-01,6.229212880134582520e-01
2.208835341365461835e-01,7.500000000000000000e-01,8.255187001974355621e-01,6.090134281711826469e-01,6.091256737709045410e-01
2.409638554216867457e-01,7.500000000000000000e-01,8.177352924226375386e-01,5.965708775876408243e-01,5.969007611274719238e-01
2.610441767068273355e-01,7.500000000000000000e-01,8.101438479871041487e-01,5.855569954133323929e-01,5.860611200332641602e-01
2.811244979919678699e-01,7.500000000000000000e-01,8.027403638762637961e-01,5.758047606123604112e-01,5.764458179473876953e-01
3.012048192771084043e-01,7.500000000000000000e-01,7.955205752958125487e-01,5.671677071217513522e-01,5.679141879081726074e-01
3.212851405622489942e-01,7.500000000000000000e-01,7.884800557558490075e-01,5.595170498585880781e-01,5.603435039520263672e-01
3.413654618473895841e-01,7.500000000000000000e-01,7.816142956311143974e-01,5.527393194333306559e-01,5.536260008811950684e-01
3.614457831325301185e-01,7.500000000000000000e-01,7.749187628446634335e-01,5.467343877555127518e-01,5.476660132408142090e-01
3.815261044176706529e-01,7.500000000000000000e-01,7.683889489204674961e-01,5.414137989022246300e-01,5.423789620399475098e-01
4.016064257028112428e-01,7.500000000000000000e-01,7.620204032169539676e-01,5.366993428264380528e-01,5.376902222633361816e-01
4.216867469879518326e-01,7.500000000000000000e-01,7.558087577271653812e-01,5.325218258942147065e-01,5.335330367088317871e-01
4.417670682730923670e-01,7.500000000000000000e-01,7.497497444354016549e-01,5.288200037669940068e-01,5.298492312431335449e-01
4.618473895582329014e-01,7.500000000000000000e-01,7.438392068668794321e-01,5.255396502578323359e-01,5.265851616859436035e-01
4.819277108433734913e-01,7.500000000000000000e-01,7.380731071603749971e-01,5.226327415516874852e-01,5.236951708793640137e-01
5.020080321285140812e-01,7.500000000000000000e-01,7.324475297334737123e-01,5.200567393313463294e-01,5.211372971534729004e-01
5.220883534136546711e-01,7.500000000000000000e-01,7.269586823926343921e-01,5.177739593994979961e-01,5.188748240470886230e-01
5.421686746987951500e-01,7.500000000000000000e-01,7.216028955611054618e-01,5.157510146763895076e-01,5.168744921684265137e-01
5.622489959839357399e-01,7.500000000000000000e-01,7.163766201517125509e-01,5.139583232117622691e-01,5.151075720787048340e-01
5.823293172690763297e-01,7.500000000000000000e-01,7.112764244936272684e-01,5.123696732340280446e-01,5.135478377342224121e-01
6.024096385542168086e-01,7.500000000000000000e-01,7.062989906277793439e-01,5.109618383732014157e-01,5.121724009513854980e-01
6.224899598393573985e-01,7.500000000000000000e-01,7.014411102104722850e-01,5.097142371078101641e-01,5.109594464302062988e-01
6.425702811244979884e-01,7.500000000000000000e-01,6.966996802054511440e-01,5.086086312485162964e-01,5.098920464515686035e-01
6.626506024096385783e-01,7.500000000000000000e-01,6.920716984981195585e-01,5.076288589165157683e-01,5.089527964591979980e-01
6.827309236947791682e-01,7.500000000000000000e-01,6.875542595293248072e-01,5.067605980270613042e-01,5.081284642219543457e-01
7.028112449799196471e-01,7.500000000000000000e-01,6.831445500180385322e-01,5.059911567652707332e-01,5.074047446250915527e-01
7.228915662650602370e-01,7.500000000000000000e-01,6.788398448206803826e-01,5.053092879558235273e-01,5.067709088325500488e-01
7.429718875502008268e-01,7.500000000000000000e-01,6.746375029583898675e-01,5.047050245901787413e-01,5.062163472175598145e-01
7.630522088353413057e-01,7.500000000000000000e-01,6.705349638311488558e-01,5.041695340924380320e-01,5.057329535484313965e-01
7.831325301204818956e-01,7.500000000000000000e-01,6.665297436284148835e-01,5.036949891841655536e-01,5.053114295005798340e-01
8.032128514056224855e-01,7.500000000000000000e-01,6.626194319391328635e-01,5.032744534544918436e-01,5.049454569816589355e-01
8.232931726907630754e-01,7.500000000000000000e-01,6.588016885591135852e-01,5.029017799589666771e-01,5.046288371086120605e-01
8.433734939759036653e-01,7.500000000000000000e-01,6.550742404903325822e-01,5.025715213624682987e-01,5.043553709983825684e-01
8.634538152610441442e-01,7.500000000000000000e-01,6.514348791243943504e-01,5.022788503111147440e-01,5.041200518608093262e-01
8.835341365461847341e-01,7.500000000000000000e-01,6.478814576009335191e-01,5.020194888682224521e-01,5.039190649986267090e-01
9.036144578313253239e-01,7.500000000000000000e-01,6.444118883308825874e-01,5.017896459822184241e-01,5.037479996681213379e-01
9.236947791164658028e-01,7.500000000000000000e-01,6.410241406741661319e-01,5.015859620720480860e-01,5.036031603813171387e-01
9.437751004016063927e-01,7.500000000000000000e-01,6.377162387613397598e-01,5.014054599198209949e-01,5.034820437431335449e-01
9.638554216867469826e-01,7.500000000000000000e-01,6.344862594488973606e-01,5.012455011527174875e-01,5.033815503120422363e-01
9.839357429718875725e-01,7.500000000000000000e-01,6.313323303983432444e-01,5.011037476779447442e-01,5.032994151115417480e-01
1.004016064257028162e+00,7.500000000000000000e-01,6.282526282695998221e-01,5.009781275069716822e-01,5.032334923744201660e-01
1.024096385542168752e+00,7.500000000000000000e-01,6.252453770198702632e-01,5.008668044694521981e-01,5.031818747520446777e-01
1.044176706827309342e+00,7.500000000000000000e-01,6.223088462996542169e-01,5.007681513741193413e-01,5.031431317329406738e-01
1.064257028112449710e+00,7.500000000000000000e-01,6.194413499382026567e-01,5.006807262243293533e-01,5.031148791313171387e-01
1.084337349397590300e+00,7.500000000000000000e-01,6.166412445112867680e-01,5.006032511405877905e-01,5.030969977378845215e-01
1.104417670682730890e+00,7.500000000000000000e-01,6.139069279847241267e-01,5.005345936819622921e-01,5.030876994132995605e-01
1.124497991967871480e+00,7.500000000000000000e-01,6.112368384276466449e-01,5.004737502933611637e-01,5.030855536460876465e-01
1.144578313253012070e+00,7.500000000000000000e-01,6.086294527900102391e-01,5.004198316367168831e-01,5.030905604362487793e-01
1.164658634538152659e+00,7.500000000000000000e-01,6.060832857393272377e-01,5.003720495916686994e-01,5.031015276908874512e-01
1.184738955823293249e+00,7.500000000000000000e-01,6.035968885520481830e-01,5.003297057357299904e-01,5.031176209449768066e-01
1.204819277108433617e+00,7.500000000000000000e-01,6.011688480554364666e-01,5.002921811355545145e-01,5.031377673149108887e-01
1.224899598393574207e+00,7.500000000000000000e-01,5.987977856161517121e-01,5.002589273000870307e-01,5.031626820564270020e-01
1.244979919678714797e+00,7.500000000000000000e-01,5.964823561721144252e-01,5.002294581633552895e-01,5.031906962394714355e-01
1.265060240963855387e+00,7.500000000000000000e-01,5.942212473045354049e-01,5.002033429797219100e-01,5.032222867012023926e-01
1.285140562248995977e+00,7.500000000000000000e-01,5.920131783472807330e-01,5.001802000277429938e-01,5.032557845115661621e-01
1.305220883534136567e+00,7.500000000000000000e-01,5.898568995310128349e-01,5.001596910306083110e-01,5.032925009727478027e-01
1.325301204819277157e+00,7.500000000000000000e-01,5.877511911597735894e-01,5.001415162116027435e-01,5.033313632011413574e-01
1.345381526104417746e+00,7.500000000000000000e-01,5.856948628179018401e-01,5.001254099123175756e-01,5.033716559410095215e-01
1.365461847389558336e+00,7.500000000000000000e-01,5.836867526053587385e-01,5.001111367095646409e-01,5.034133791923522949e-01
1.385542168674698704e+00,7.500000000000000000e-01,5.817257263997217542e-01,5.000984879742325084e-01,5.034566521644592285e-01
1.405622489959839294e+00,7.500000000000000000e-01,5.798106771432535167e-01,5.000872788217907150e-01,5.035014748573303223e-01
1.425702811244979884e+00,7.500000000000000000e-01,5.779405241536001991e-01,5.000773454098588200e-01,5.035476088523864746e-01
1.445783132530120474e+00,7.500000000000000000e-01,5.761142124568003897e-01,5.000685425433512021e-01,5.035945773124694824e-01
1.465863453815261064e+00,7.500000000000000000e-01,5.743307121413973038e-01,5.000607415521829413e-01,5.036422610282897949e-01
1.485943775100401654e+00,7.500000000000000000e-01,5.725890177325523300e-01,5.000538284105202624e-01,5.036906599998474121e-01
1.506024096385542244e+00,7.500000000000000000e-01,5.708881475851511622e-01,5.000477020700824227e-01,5.037397742271423340e-01
1.526104417670682611e+00,7.500000000000000000e-01,5.692271432949743692e-01,5.000422729831358604e-01,5.037894845008850098e-01
1.546184738955823201e+00,7.500000000000000000e-01,5.676050691270810855e-01,5.000374617935893218e-01,5.038401484489440918e-01
1.566265060240963791e+00,7.500000000000000000e-01,5.660210114606208931e-01,5.000331981770586021e-01,5.038904547691345215e-01
1.586345381526104381e+00,7.500000000000000000e-01,5.644740782493510300e-01,5.000294198129456857e-01,5.039417147636413574e-01
1.606425702811244971e+00,7.500000000000000000e-01,5.629633984971880167e-01,5.000260714735099699e-01,5.039933323860168457e-01
1.626506024096385561e+00,7.500000000000000000e-01,5.614881217481753062e-01,5.000231042166121131e-01,5.040450692176818848e-01
1.646586345381526151e+00,7.500000000000000000e-01,5.600474175902903085e-01,5.000204746703350578e-01,5.040974020957946777e-01
1.666666666666666741e+00,7.500000000000000000e-01,5.586404751725531082e-01,5.000181443990233676e-01,5.041491389274597168e-01
1.686746987951807331e+00,7.500000000000000000e-01,5.572665027349410494e-01,5.000160793414757388e-01,5.042015910148620605e-01
1.706827309236947698e+00,7.500000000000000000e-01,5.559247271506398969e-01,5.000142493130780297e-01,5.042545199394226074e-01
1.726907630522088288e+00,7.500000000000000000e-01,5.546143934801922581e-01,5.000126275645994101e-01,5.043073296546936035e-01
1.746987951807228878e+00,7.500000000000000000e-01,5.533347645371378132e-01,5.000111903912027866e-01,5.043606162071228027e-01
1.767068273092369468e+00,7.500000000000000000e-01,5.520851204647545529e-01,5.000099167859556326e-01,5.044133067131042480e-01
1.787148594377510058e+00,7.500000000000000000e-01,5.508647583235382061e-01,5.000087881327747175e-01,5.044664740562438965e-01
1.807228915662650648e+00,7.500000000000000000e-01,5.496729916890780165e-01,5.000077879343179932e-01,5.045191645622253418e-01
1.827309236947791238e+00,7.500000000000000000e-01,5.485091502600009106e-01,5.000069015708453746e-01,5.045728087425231934e-01
1.847389558232931606e+00,7.500000000000000000e-01,5.473725794756751917e-01,5.000061160865241217e-01,5.046260952949523926e-01
1.867469879518072196e+00,7.500000000000000000e-01,5.462626401433841039e-01,5.000054200000563220e-01,5.046793818473815918e-01
1.887550200803212785e+00,7.500000000000000000e-01,5.451787080746852698e-01,5.000048031368581336e-01,5.047323107719421387e-01
1.907630522088353375e+00,7.500000000000000000e-01,5.441201737306925468e-01,5.000042564803390821e-01,5.047857165336608887e-01
1.927710843373493965e+00,7.500000000000000000e-01,5.430864418760272816e-01,5.000037720401091512e-01,5.048388838768005371e-01
1.947791164658634555e+00,7.500000000000000000e-01,5.420769312411919394e-01,5.000033427351829873e-01,5.048919320106506348e-01
1.967871485943775145e+00,7.500000000000000000e-01,5.410910741931367340e-01,5.000029622904795801e-01,5.049452185630798340e-01
1.987951807228915735e+00,7.500000000000000000e-01,5.401283164137933301e-01,5.000026251450997439e-01,5.049983859062194824e-01
2.008032128514056325e+00,7.500000000000000000e-01,5.391881165863627867e-01,5.000023263710438037e-01,5.050515532493591309e-01
2.028112449799196693e+00,7.500000000000000000e-01,5.382699460891496868e-01,5.000020616011794372e-01,5.051044821739196777e-01
2.048192771084337505e+00,7.500000000000000000e-01,5.373732886967437228e-01,5.000018269654081804e-01,5.051572918891906738e-01
2.068273092369477872e+00,7.500000000000000000e-01,5.364976402883584461e-01,5.000016190340963451e-01,5.052099823951721191e-01
2.088353413654618684e+00,7.500000000000000000e-01,5.356425085631398852e-01,5.000014347679455629e-01,5.052627921104431152e-01
2.108433734939759052e+00,7.500000000000000000e-01,5.348074127622675089e-01,5.000012714735670993e-01,5.053153634071350098e-01
2.128514056224899420e+00,7.500000000000000000e-01,5.339918833976747825e-01,5.000011267641135682e-01,5.053674578666687012e-01
2.148594377510040232e+00,7.500000000000000000e-01,5.331954619872221190e-01,5.000009985243898392e-01,5.054201483726501465e-01
2.168674698795180600e+00,7.500000000000000000e-01,5.324177007961585772e-01,5.000008848799367689e-01,5.054722428321838379e-01
2.188755020080321412e+00,7.500000000000000000e-01,5.316581625847183190e-01,5.000007841696308963e-01,5.055244565010070801e-01
2.208835341365461780e+00,7.500000000000000000e-01,5.309164203616971722e-01,5.000006949214065299e-01,5.055764317512512207e-01
2.228915662650602592e+00,7.500000000000000000e-01,5.301920571438618612e-01,5.000006158307366277e-01,5.056281685829162598e-01
2.248995983935742959e+00,7.500000000000000000e-01,5.294846657210496854e-01,5.000005457415650501e-01,5.056794285774230957e-01
2.269076305220883327e+00,7.500000000000000000e-01,5.287938484268200900e-01,5.000004836294101862e-01,5.057310461997985840e-01
2.289156626506024139e+00,7.500000000000000000e-01,5.281192169145175752e-01,5.000004285863889342e-01,5.057823061943054199e-01
2.309236947791164507e+00,7.500000000000000000e-01,5.274603919386238182e-01,5.000003798079455386e-01,5.058330893516540527e-01
2.329317269076305319e+00,7.500000000000000000e-01,5.268170031412596765e-01,5.000003365810936629e-01,5.058839917182922363e-01
2.349397590361445687e+00,7.500000000000000000e-01,5.261886888437234955e-01,5.000002982739935042e-01,5.059339404106140137e-01
2.369477911646586499e+00,7.500000000000000000e-01,5.255750958429360464e-01,5.000002643267162927e-01,5.059848427772521973e-01
2.389558232931726867e+00,7.500000000000000000e-01,5.249758792126796303e-01,5.000002342430599489e-01,5.060347914695739746e-01
2.409638554216867234e+00,7.500000000000000000e-01,5.243907021095129961e-01,5.000002075832967741e-01,5.060842633247375488e-01
2.429718875502008046e+00,7.500000000000000000e-01,5.238192355832524960e-01,5.000001839577452589e-01,5.061340928077697754e-01
2.449799196787148414e+00,7.500000000000000000e-01,5.232611583919102305e-01,5.000001630210741954e-01,5.061834454536437988e-01
2.469879518072289226e+00,7.500000000000000000e-01,5.227161568209811593e-01,5.000001444672557138e-01,5.062320828437805176e-01
2.489959839357429594e+00,7.500000000000000000e-01,5.221839245069763713e-01,5.000001280250917501e-01,5.062813162803649902e-01
2.510040160642570406e+00,7.500000000000000000e-01,5.216641622651052579e-01,5.000001134542501058e-01,5.063298344612121582e-01
2.530120481927710774e+00,7.500000000000000000e-01,5.211565779210010074e-01,5.000001005417509248e-01,5.063779950141906738e-01
2.550200803212851586e+00,7.500000000000000000e-01,5.206608861464004923e-01,5.000000890988544056e-01,5.064256787300109863e-01
2.570281124497991954e+00,7.500000000000000000e-01,5.201768082986798492e-01,5.000000789583008975e-01,5.064736008644104004e-01
2.590361445783132321e+00,7.500000000000000000e-01,5.197040722641589339e-01,5.000000699718681885e-01,5.065215229988098145e-01
2.610441767068273133e+00,7.500000000000000000e-01,5.192424123050815021e-01,5.000000620082031277e-01,5.065682530403137207e-01
2.630522088353413501e+00,7.500000000000000000e-01,5.187915689101859629e-01,5.000000549509017178e-01,5.066153407096862793e-01
2.650602409638554313e+00,7.500000000000000000e-01,5.183512886487838811e-01,5.000000486968091407e-01,5.066615939140319824e-01
2.670682730923694681e+00,7.500000000000000000e-01,5.179213240282599662e-01,5.000000431545095214e-01,5.067074894905090332e-01
2.690763052208835493e+00,7.500000000000000000e-01,5.175014333549153855e-01,5.000000382429924395e-01,5.067535042762756348e-01
2.710843373493975861e+00,7.500000000000000000e-01,5.170913805980751343e-01,5.000000338904669883e-01,5.067991614341735840e-01
2.730923694779116673e+00,7.500000000000000000e-01,5.166909352573808567e-01,5.000000300333126146e-01,5.068441033363342285e-01
2.751004016064257041e+00,7.500000000000000000e-01,5.162998722331985091e-01,5.000000266151505279e-01,5.068894028663635254e-01
2.771084337349397408e+00,7.500000000000000000e-01,5.159179717000620391e-01,5.000000235860176945e-01,5.069337487220764160e-01
2.791164658634538220e+00,7.500000000000000000e-01,5.155450189830859120e-01,5.000000209016379760e-01,5.069784522056579590e-01
2.811244979919678588e+00,7.500000000000000000e-01,5.151808044372742090e-01,5.000000185227737592e-01,5.070220828056335449e-01
2.831325301204819400e+00,7.500000000000000000e-01,5.148251233296602392e-01,5.000000164146534143e-01,5.070657134056091309e-01
2.851405622489959768e+00,7.500000000000000000e-01,5.144777757242090521e-01,5.000000145464634782e-01,5.071088671684265137e-01
2.871485943775100580e+00,7.500000000000000000e-01,5.141385663694164609e-01,5.000000128908966834e-01,5.071519017219543457e-01
2.891566265060240948e+00,7.500000000000000000e-01,5.138073045885450663e-01,5.000000114237541649e-01,5.071945786476135254e-01
2.911646586345381316e+00,7.500000000000000000e-01,5.134838041724320012e-01,5.000000101235902994e-01,5.072366595268249512e-01
2.931726907630522128e+00,7.500000000000000000e-01,5.131678832748092223e-01,5.000000089714013995e-01,5.072790980339050293e-01
2.951807228915662495e+00,7.500000000000000000e-01,5.128593643100778365e-01,5.000000079503458261e-01,5.073202252388000488e-01
2.971887550200803307e+00,7.500000000000000000e-01,5.125580738534780689e-01,5.000000070454990730e-01,5.073608756065368652e-01
2.991967871485943675e+00,7.500000000000000000e-01,5.122638425435994680e-01,5.000000062436350534e-01,5.074021220207214355e-01
3.012048192771084487e+00,7.500000000000000000e-01,5.119765049871761731e-01,5.000000055330328097e-01,5.074426531791687012e-01
3.032128514056224855e+00,7.500000000000000000e-01,5.116958996661127301e-01,5.000000049033060945e-01,5.074827075004577637e-01
3.052208835341365223e+00,7.500000000000000000e-01,5.114218688466908302e-01,5.000000043452500487e-01,5.075225234031677246e-01
3.072289156626506035e+00,7.500000000000000000e-01,5.111542584909031239e-01,5.000000038507076416e-01,5.075623393058776855e-01
3.092369477911646403e+00,7.500000000000000000e-01,5.108929181698640409e-01,5.000000034124504333e-01,5.076012015342712402e-01
3.112449799196787215e+00,7.500000000000000000e-01,5.106377009792536503e-01,5.000000030240723259e-01,5.076403021812438965e-01
3.132530120481927582e+00,7.500000000000000000e-01,5.103884634567400491e-01,5.000000026798964159e-01,5.076782107353210449e-01
3.152610441767068394e+00,7.500000000000000000e-01,5.101450655013407554e-01,5.000000023748919498e-01,5.077163577079772949e-01
3.172690763052208762e+00,7.500000000000000000e-01,5.099073702946721465e-01,5.000000021046006049e-01,5.077541470527648926e-01
3.192771084337349574e+00,7.500000000000000000e-01,5.096752442240471970e-01,5.000000018650719857e-01,5.077915787696838379e-01
3.212851405622489942e+00,7.500000000000000000e-01,5.094485568073748860e-01,5.000000016528043378e-01,5.078288912773132324e-01
3.232931726907630310e+00,7.500000000000000000e-01,5.092271806198229722e-01,5.000000014646955870e-01,5.078656077384948730e-01
3.253012048192771122e+00,7.500000000000000000e-01,5.090109912221996158e-01,5.000000012979961550e-01,5.079013705253601074e-01
3.273092369477911490e+00,7.500000000000000000e-01,5.087998670910151011e-01,5.000000011502689912e-01,5.079376101493835449e-01
3.293172690763052302e+00,7.500000000000000000e-01,5.085936895501856903e-01,5.000000010193553779e-01,5.079736113548278809e-01
3.313253012048192669e+00,7.500000000000000000e-01,5.083923427043406384e-01,5.000000009033417347e-01,5.080088973045349121e-01
3.333333333333333481e+00,7.500000000000000000e-01,5.081957133736942911e-01,5.000000008005316410e-01,5.080434679985046387e-01
3.353413654618473849e+00,7.500000000000000000e-01,5.080036910304502884e-01,5.000000007094228538e-01,5.080786347389221191e-01
3.373493975903614661e+00,7.500000000000000000e-01,5.078161677366976878e-01,5.000000006286829946e-01,5.081129670143127441e-01
3.393574297188755029e+00,7.500000000000000000e-01,5.076330380837704714e-01,5.000000005571324513e-01,5.081470608711242676e-01
3.413654618473895397e+00,7.500000000000000000e-01,5.074541991330319135e-01,5.000000004937248388e-01,5.081806778907775879e-01
3.433734939759036209e+00,7.500000000000000000e-01,5.072795503580560528e-01,5.000000004375340090e-01,5.082138180732727051e-01
3.453815261044176577e+00,7.500000000000000000e-01,5.071089935881702981e-01,5.000000003877382859e-01,5.082471966743469238e-01
3.473895582329317389e+00,7.500000000000000000e-01,5.069424329533334106e-01,5.000000003436100293e-01,5.082796216011047363e-01
3.493975903614457756e+00,7.500000000000000000e-01,5.067797748303138894e-01,5.000000003045041996e-01,5.083120465278625488e-01
3.514056224899598568e+00,7.500000000000000000e-01,5.066209277901460029e-01,5.000000002698488100e-01,5.083442330360412598e-01
3.534136546184738936e+00,7.500000000000000000e-01,5.064658025468306013e-01,5.000000002391377096e-01,5.083759427070617676e-01
3.554216867469879304e+00,7.500000000000000000e-01,5.063143119072588405e-01,5.000000002119221465e-01,5.084072947502136230e-01
3.574297188755020116e+00,7.500000000000000000e-01,5.061663707223283959e-01,5.000000001878036615e-01,5.084387660026550293e-01
3.594377510040160484e+00,7.500000000000000000e-01,5.060218958392324051e-01,5.000000001664302030e-01,5.084694027900695801e-01
3.614457831325301296e+00,7.500000000000000000e-01,5.058808060548953822e-01,5.000000001474895761e-01,5.084998011589050293e-01
3.634538152610441664e+00,7.500000000000000000e-01,5.057430220705344537e-01,5.000000001307045583e-01,5.085299611091613770e-01
3.654618473895582476e+00,7.500000000000000000e-01,5.056084664473252666e-01,5.000000001158299012e-01,5.085603594779968262e-01
3.674698795180722843e+00,7.500000000000000000e-01,5.054770635631544717e-01,5.000000001026482233e-01,5.085899233818054199e-01
3.694779116465863211e+00,7.500000000000000000e-01,5.053487395704392426e-01,5.000000000909667897e-01,5.086188912391662598e-01
3.714859437751004023e+00,7.500000000000000000e-01,5.052234223550001735e-01,5.000000000806146261e-01,5.086479783058166504e-01
3.734939759036144391e+00,7.500000000000000000e-01,5.051010414959707928e-01,5.000000000714406312e-01,5.086770653724670410e-01
3.755020080321285203e+00,7.500000000000000000e-01,5.049815282267348104e-01,5.000000000633109121e-01,5.087054371833801270e-01
3.775100401606425571e+00,7.500000000000000000e-01,5.048648153968792185e-01,5.000000000561062308e-01,5.087335705757141113e-01
3.795180722891566383e+00,7.500000000000000000e-01,5.047508374351565852e-01,5.000000000497212271e-01,5.087615847587585449e-01
3.815261044176706751e+00,7.500000000000000000e-01,5.046395303134544319e-01,5.000000000440629755e-01,5.087891221046447754e-01
3.835341365461847563e+00,7.500000000000000000e-01,5.045308315117688069e-01,5.000000000390486532e-01,5.088166594505310059e-01
3.855421686746987930e+00,7.500000000000000000e-01,5.044246799841851647e-01,5.000000000346050966e-01,5.088434815406799316e-01
3.875502008032128298e+00,7.500000000000000000e-01,5.043210161258777635e-01,5.000000000306671355e-01,5.088703036308288574e-01
3.895582329317269110e+00,7.500000000000000000e-01,5.042197817411346872e-01,5.000000000271774825e-01,5.088970065116882324e-01
3.915662650602409478e+00,7.500000000000000000e-01,5.041209200124326939e-01,5.000000000240849563e-01,5.089233517646789551e-01
3.935742971887550290e+00,7.500000000000000000e-01,5.040243754705816537e-01,5.000000000213443707e-01,5.089496970176696777e-01
3.955823293172690658e+00,7.500000000000000000e-01,5.039300939659755452e-01,5.000000000189160909e-01,5.089753270149230957e-01
3.975903614457831470e+00,7.500000000000000000e-01,5.038380226409905349e-01,5.000000000167639236e-01,5.090007185935974121e-01
3.995983935742971838e+00,7.500000000000000000e-01,5.037481099035807652e-01,5.000000000148568935e-01,5.090259909629821777e-01
4.016064257028112650e+00,7.500000000000000000e-01,5.036603054021374648e-01,5.000000000131668010e-01,5.090511441230773926e-01
4.036144578313252573e+00,7.500000000000000000e-01,5.035745600016913182e-01,5.000000000116692211e-01,5.090759396553039551e-01
4.056224899598393385e+00,7.500000000000000000e-01,5.034908257615483551e-01,5.000000000103423936e-01,5.091007351875305176e-01
4.076305220883534197e+00,7.500000000000000000e-01,5.034090559144774879e-01,5.000000000091663344e-01,5.091249346733093262e-01
4.096385542168675009e+00,7.500000000000000000e-01,5.033292048475829228e-01,5.000000000081241680e-01,5.091487765312194824e-01
4.116465863453814933e+00,7.500000000000000000e-01,5.032512280850243158e-01,5.000000000072005735e-01,5.091729760169982910e-01
4.136546184738955745e+00,7.500000000000000000e-01,5.031750822727786288e-01,5.000000000063821171e-01,5.091962218284606934e-01
4.156626506024096557e+00,7.500000000000000000e-01,5.031007251656711698e-01,5.000000000056570304e-01,5.092200636863708496e-01
4.176706827309237369e+00,7.500000000000000000e-01,5.030281156169456036e-01,5.000000000050145443e-01,5.092428326606750488e-01
4.196787148594377292e+00,7.500000000000000000e-01,5.029572135706980029e-01,5.000000000044449999e-01,5.092659592628479004e-01
4.216867469879518104e+00,7.500000000000000000e-01,5.028879800575499770e-01,5.000000000039400705e-01,5.092888474464416504e-01
4.236947791164658916e+00,7.500000000000000000e-01,5.028203771940135125e-01,5.000000000034925396e-01,5.093110203742980957e-01
4.257028112449798840e+00,7.500000000000000000e-01,5.027543681860784375e-01,5.000000000030960789e-01,5.093334317207336426e-01
4.277108433734939652e+00,7.500000000000000000e-01,5.026899173376520036e-01,5.000000000027445823e-01,5.093556046485900879e-01
4.297188755020080464e+00,7.500000000000000000e-01,5.026269900646009869e-01,5.000000000024328317e-01,5.093776583671569824e-01
4.317269076305221276e+00,7.500000000000000000e-01,5.025655529152809331e-01,5.000000000021568303e-01,5.093993544578552246e-01
4.337349397590361200e+00,7.500000000000000000e-01,5.025055735986113659e-01,5.000000000019123592e-01,5.094211697578430176e-01
4.357429718875502012e+00,7.500000000000000000e-01,5.024470210209568410e-01,5.000000000016955326e-01,5.094420313835144043e-01
4.377510040160642824e+00,7.500000000000000000e-01,5.023898653333200848e-01,5.000000000015034640e-01,5.094636082649230957e-01
4.397590361445782747e+00,7.500000000000000000e-01,5.023340779906526610e-01,5.000000000013333779e-01,5.094844698905944824e-01
4.417670682730923559e+00,7.500000000000000000e-01,5.022796318254599823e-01,5.000000000011826096e-01,5.095050930976867676e-01
4.437751004016064371e+00,7.500000000000000000e-01,5.022265011383194588e-01,5.000000000010489387e-01,5.095258355140686035e-01
4.457831325301205183e+00,7.500000000000000000e-01,5.021746618084993452e-01,5.000000000009307000e-01,5.095461010932922363e-01
4.477911646586345107e+00,7.500000000000000000e-01,5.021240914285479695e-01,5.000000000008260059e-01,5.095662474632263184e-01
4.497991967871485919e+00,7.500000000000000000e-01,5.020747694675978812e-01,5.000000000007331913e-01,5.095865130424499512e-01
4.518072289156626731e+00,7.500000000000000000e-01,5.020266774692138112e-01,5.000000000006508127e-01,5.096060633659362793e-01
4.538152610441766655e+00,7.500000000000000000e-01,5.019797992909931228e-01,5.000000000005778711e-01,5.096260905265808105e-01
4.558232931726907466e+00,7.500000000000000000e-01,5.019341213948802505e-01,5.000000000005133671e-01,5.096454024314880371e-01
4.578313253012048278e+00,7.500000000000000000e-01,5.018896331994010529e-01,5.000000000004561906e-01,5.096647143363952637e-01
4.598393574297189090e+00,7.500000000000000000e-01,5.018463275078979269e-01,5.000000000004056755e-01,5.096840262413024902e-01
4.618473895582329014e+00,7.500000000000000000e-01,5.018042010305877598e-01,5.000000000003609335e-01,5.097027420997619629e-01
4.638554216867469826e+00,7.500000000000000000e-01,5.017632550230826105e-01,5.000000000003208545e-01,5.097215771675109863e-01
4.658634538152610638e+00,7.500000000000000000e-01,5.017234960703399471e-01,5.000000000002854383e-01,5.097406506538391113e-01
4.678714859437750562e+00,7.500000000000000000e-01,5.016849370532512342e-01,5.000000000002541301e-01,5.097591280937194824e-01
4.698795180722891374e+00,7.500000000000000000e-01,5.016475983459302013e-01,5.000000000002263745e-01,5.097772479057312012e-01
4.718875502008032186e+00,7.500000000000000000e-01,5.016115093060380392e-01,5.000000000002018385e-01,5.097957253456115723e-01
4.738955823293172998e+00,7.500000000000000000e-01,5.015767101393544536e-01,5.000000000001803002e-01,5.098136067390441895e-01
4.759036144578312921e+00,7.500000000000000000e-01,5.015432542447434416e-01,5.000000000001610934e-01,5.098317265510559082e-01
4.779116465863453733e+00,7.500000000000000000e-01,5.015112111787336513e-01,5.000000000001444400e-01,5.098494887351989746e-01
4.799196787148594545e+00,7.500000000000000000e-01,5.014806704227662282e-01,5.000000000001294520e-01,5.098671317100524902e-01
4.819277108433734469e+00,7.500000000000000000e-01,5.014517461943182042e-01,5.000000000001163514e-01,5.098847746849060059e-01
4.839357429718875281e+00,7.500000000000000000e-01,5.014245836202205764e-01,5.000000000001048051e-01,5.099019408226013184e-01
4.859437751004016093e+00,7.500000000000000000e-01,5.013993666926621628e-01,5.000000000000951461e-01,5.099191069602966309e-01
4.879518072289156905e+00,7.500000000000000000e-01,5.013763285635223221e-01,5.000000000000869305e-01,5.099365115165710449e-01
4.899598393574296828e+00,7.500000000000000000e-01,5.013557649110625958e-01,5.000000000000798250e-01,5.099533200263977051e-01
4.919678714859437640e+00,7.500000000000000000e-01,5.013380513477612155e-01,5.000000000000737188e-01,5.099701285362243652e-01
4.939759036144578452e+00,7.500000000000000000e-01,5.013236661459007371e-01,5.000000000000692779e-01,5.099869370460510254e-01
4.959839357429719264e+00,7.500000000000000000e-01,5.013132199594251270e-01,5.000000000000661693e-01,5.100036263465881348e-01
4.979919678714859188e+00,7.500000000000000000e-01,5.013074947428193262e-01,5.000000000000643929e-01,5.100196003913879395e-01
5.000000000000000000e+00,7.500000000000000000e-01,5.013074947428193262e-01,5.000000000000643929e-01,5.100364089012145996e-01
0.000000000000000000e+00,7.916666666666666297e-01,9.486642068846836695e-01,9.486642068846836695e-01,9.572587609291076660e-01
2.008032128514056214e-02,7.916666666666666297e-01,9.394540278341196871e-01,8.995770832841201159e-01,9.026394486427307129e-01
4.016064257028112428e-02,7.916666666666666297e-01,9.302365376361996230e-01,8.549399969195524696e-01,8.552370667457580566e-01
6.024096385542168641e-02,7.916666666666666297e-01,9.210474889218409622e-01,8.148622089141074332e-01,8.139509558677673340e-01
8.032128514056224855e-02,7.916666666666666297e-01,9.119174572109236543e-01,7.791231941393448324e-01,7.778566479682922363e-01
1.004016064257028107e-01,7.916666666666666297e-01,9.028719678511966107e-01,7.473651313420436315e-01,7.461839318275451660e-01
1.204819277108433728e-01,7.916666666666666297e-01,8.939318470780209802e-01,7.191933192970526578e-01,7.182998061180114746e-01
1.405622489959839350e-01,7.916666666666666297e-01,8.851137125450281307e-01,6.942227740579296480e-01,6.936853528022766113e-01
1.606425702811244971e-01,7.916666666666666297e-01,8.764305236652712994e-01,6.720971416330863146e-01,6.719140410423278809e-01
1.807228915662650592e-01,7.916666666666666297e-01,8.678921327086959181e-01,6.524944924766435950e-01,6.526283621788024902e-01
2.008032128514056214e-01,7.916666666666666297e-01,8.595057996547703638e-01,6.351273277040275778e-01,6.355281472206115723e-01
2.208835341365461835e-01,7.916666666666666297e-01,8.512766515956708968e-01,6.197402691009444853e-01,6.203547120094299316e-01
2.409638554216867457e-01,7.916666666666666297e-01,8.432080798447746384e-01,6.061070033694547776e-01,6.068856120109558105e-01
2.610441767068273355e-01,7.916666666666666297e-01,8.353020755466065150e-01,5.940271552078996153e-01,5.949265360832214355e-01
2.811244979919678699e-01,7.916666666666666297e-01,8.275595087491622870e-01,5.833233554888596073e-01,5.843072533607482910e-01
3.012048192771084043e-01,7.916666666666666297e-01,8.199803577546995736e-01,5.738385908121526047e-01,5.748776793479919434e-01
3.212851405622489942e-01,7.916666666666666297e-01,8.125638960126176924e-01,5.654338450443617825e-01,5.665062665939331055e-01
3.413654618473895841e-01,7.916666666666666297e-01,8.053088434843919119e-01,5.579860142921920785e-01,5.590739250183105469e-01
3.614457831325301185e-01,7.916666666666666297e-01,7.982134886987223288e-01,5.513860676580190079e-01,5.524775385856628418e-01
3.815261044176706529e-01,7.916666666666666297e-01,7.912757868678073070e-01,5.455374252385685185e-01,5.466257929801940918e-01
4.016064257028112428e-01,7.916666666666666297e-01,7.844934385885893313e-01,5.403545269685680053e-01,5.414350628852844238e-01
4.216867469879518326e-01,7.916666666666666297e-01,7.778639528744689668e-01,5.357615689000310155e-01,5.368325114250183105e-01
4.417670682730923670e-01,7.916666666666666297e-01,7.713846975817643115e-01,5.316913864881008811e-01,5.327530503273010254e-01
4.618473895582329014e-01,7.916666666666666297e-01,7.650529397170753310e-01,5.280844671352472597e-01,5.291398167610168457e-01
4.819277108433734913e-01,7.916666666666666297e-01,7.588658776310619469e-01,5.248880765658160419e-01,5.259405970573425293e-01
5.020080321285140812e-01,7.916666666666666297e-01,7.528206667100768579e-01,5.220554855853172249e-01,5.231094956398010254e-01
5.220883534136546711e-01,7.916666666666666297e-01,7.469144398571601062e-01,5.195452854704052381e-01,5.206058621406555176e-01
5.421686746987951500e-01,7.916666666666666297e-01,7.411443237958703634e-01,5.173207816842926299e-01,5.183927416801452637e-01
5.622489959839357399e-01,7.916666666666666297e-01,7.355074520233214619e-01,5.153494568600320846e-01,5.164385437965393066e-01
5.823293172690763297e-01,7.916666666666666297e-01,7.300009750730418467e-01,5.136024950746649331e-01,5.147138237953186035e-01
6.024096385542168086e-01,7.916666666666666297e-01,7.246220686159016156e-01,5.120543603778402453e-01,5.131931900978088379e-01
6.224899598393573985e-01,7.916666666666666297e-01,7.193679398217512899e-01,5.106824233607092367e-01,5.118535161018371582e-01
6.425702811244979884e-01,7.916666666666666297e-01,7.142358323202182557e-01,5.094666302720700646e-01,5.106745362281799316e-01
6.626506024096385783e-01,7.916666666666666297e-01,7.092230300319701808e-01,5.083892098229330081e-01,5.096380114555358887e-01
6.827309236947791682e-01,7.916666666666666297e-01,7.043268600882072183e-01,5.074344133795025691e-01,5.087279677391052246e-01
7.028112449799196471e-01,7.916666666666666297e-01,6.995446950134180941e-01,5.065882847377372045e-01,5.079299807548522949e-01
7.228915662650602370e-01,7.916666666666666297e-01,6.948739543122953721e-01,5.058384561083452136e-01,5.072315335273742676e-01
7.429718875502008268e-01,7.916666666666666297e-01,6.903121055744194656e-01,5.051739673263122565e-01,5.066213011741638184e-01
7.630522088353413057e-01,7.916666666666666297e-01,6.858566651884635545e-01,5.045851056399043300e-01,5.060890316963195801e-01
7.831325301204818956e-01,7.916666666666666297e-01,6.815051987401719025e-01,5.040632637357782553e-01,5.056257843971252441e-01
8.032128514056224855e-01,7.916666666666666297e-01,6.772553211542943208e-01,5.036008139239480652e-01,5.052238106727600098e-01
8.232931726907630754e-01,7.916666666666666297e-01,6.731046966293623424e-01,5.031909966429324310e-01,5.048757195472717285e-01
8.433734939759036653e-01,7.916666666666666297e-01,6.690510384050898374e-01,5.028278216549625368e-01,5.045756697654724121e-01
8.634538152610441442e-01,7.916666666666666297e-01,6.650921083948394541e-01,5.025059804867562097e-01,5.043177008628845215e-01
8.835341365461847341e-01,7.916666666666666297e-01,6.612257167096589061e-01,5.022207688358505395e-01,5.040976405143737793e-01
9.036144578313253239e-01,7.916666666666666297e-01,6.574497210955863036e-01,5.019680178082054356e-01,5.039104819297790527e-01
9.236947791164658028e-01,7.916666666666666297e-01,6.537620263020269551e-01,5.017440329819151668e-01,5.037522912025451660e-01
9.437751004016063927e-01,7.916666666666666297e-01,6.501605833958292724e-01,5.015455404062868494e-01,5.036198496818542480e-01
9.638554216867469826e-01,7.916666666666666297e-01,6.466433890331023671e-01,5.013696387469323001e-01,5.035101771354675293e-01
9.839357429718875725e-01,7.916666666666666297e-01,6.432084846987132787e-01,5.012137568773669116e-01,5.034210085868835449e-01
1.004016064257028162e+00,7.916666666666666297e-01,6.398539559216639416e-01,5.010756162972284100e-01,5.033491253852844238e-01
1.024096385542168752e+00,7.916666666666666297e-01,6.365779314731371263e-01,5.009531978277764752e-01,5.032925009727478027e-01
1.044176706827309342e+00,7.916666666666666297e-01,6.333785825528271962e-01,5.008447120978649636e-01,5.032501816749572754e-01
1.064257028112449710e+00,7.916666666666666297e-01,6.302541219682132878e-01,5.007485733889821544e-01,5.032193064689636230e-01
1.084337349397590300e+00,7.916666666666666297e-01,6.272028033106307188e-01,5.006633764570502798e-01,5.031998753547668457e-01
1.104417670682730890e+00,7.916666666666666297e-01,6.242229201313402864e-01,5.005878759921944532e-01,5.031890273094177246e-01
1.124497991967871480e+00,7.916666666666666297e-01,6.213128051202436719e-01,5.005209684162458261e-01,5.031868815422058105e-01
1.144578313253012070e+00,7.916666666666666297e-01,6.184708292894354198e-01,5.004616757519143588e-01,5.031915307044982910e-01
1.164658634538152659e+00,7.916666666666666297e-01,6.156954011634010460e-01,5.004091313278516973e-01,5.032030940055847168e-01
1.184738955823293249e+00,7.916666666666666297e-01,6.129849659773475290e-01,5.003625671106544104e-01,5.032196640968322754e-01
1.204819277108433617e+00,7.916666666666666297e-01,6.103380048848887629e-01,5.003213024786423713e-01,5.032407641410827637e-01
1.224899598393574207e+00,7.916666666666666297e-01,6.077530341760752908e-01,5.002847342733202085e-01,5.032665133476257324e-01
1.244979919678714797e+00,7.916666666666666297e-01,6.052286045065736753e-01,5.002523279831081471e-01,5.032958388328552246e-01
1.265060240963855387e+00,7.916666666666666297e-01,6.027633001386376588e-01,5.002236099304698813e-01,5.033286213874816895e-01
1.285140562248995977e+00,7.916666666666666297e-01,6.003557381943708249e-01,5.001981603482457128e-01,5.033640265464782715e-01
1.305220883534136567e+00,7.916666666666666297e-01,5.980045679216794419e-01,5.001756072439822454e-01,5.034015774726867676e-01
1.325301204819277157e+00,7.916666666666666297e-01,5.957084699731999278e-01,5.001556209625794835e-01,5.034419894218444824e-01
1.345381526104417746e+00,7.916666666666666297e-01,5.934661556984153208e-01,5.001379093677746912e-01,5.034835934638977051e-01
1.365461847389558336e+00,7.916666666666666297e-01,5.912763664490947590e-01,5.001222135720330142e-01,5.035269856452941895e-01
1.385542168674698704e+00,7.916666666666666297e-01,5.891378728981405688e-01,5.001083041524304607e-01,5.035719275474548340e-01
1.405622489959839294e+00,7.916666666666666297e-01,5.870494743718640551e-01,5.000959777972169285e-01,5.036179423332214355e-01
1.425702811244979884e+00,7.916666666666666297e-01,5.850099981956823347e-01,5.000850543340387144e-01,5.036649107933044434e-01
1.445783132530120474e+00,7.916666666666666297e-01,5.830182990531781462e-01,5.000753740963904681e-01,5.037127137184143066e-01
1.465863453815261064e+00,7.916666666666666297e-01,5.810732583584445887e-01,5.000667955897943884e-01,5.037617087364196777e-01
1.485943775100401654e+00,7.916666666666666297e-01,5.791737836416042118e-01,5.000591934235985025e-01,5.038110613822937012e-01
1.506024096385542244e+00,7.916666666666666297e-01,5.773188079473721146e-01,5.000524564781612114e-01,5.038607716560363770e-01
1.526104417670682611e+00,7.916666666666666297e-01,5.755072892465170620e-01,5.000464862806340838e-01,5.039114356040954590e-01
1.546184738955823201e+00,7.916666666666666297e-01,5.737382098600526392e-01,5.000411955655994500e-01,5.039622187614440918e-01
1.566265060240963791e+00,7.916666666666666297e-01,5.720105758959862507e-01,5.000365069995256206e-01,5.040132403373718262e-01
1.586345381526104381e+00,7.916666666666666297e-01,5.703234166984365583e-01,5.000323520503960895e-01,5.040649771690368652e-01
1.606425702811244971e+00,7.916666666666666297e-01,5.686757843089257358e-01,5.000286699859869399e-01,5.041165947914123535e-01
1.626506024096385561e+00,7.916666666666666297e-01,5.670667529396465900e-01,5.000254069861551631e-01,5.041689276695251465e-01
1.646586345381526151e+00,7.916666666666666297e-01,5.654954184584937149e-01,5.000225153561562719e-01,5.042206645011901855e-01
1.666666666666666741e+00,7.916666666666666297e-01,5.639608978856558430e-01,5.000199528294992923e-01,5.042729973793029785e-01
1.686746987951807331e+00,7.916666666666666297e-01,5.624623289015489025e-01,5.000176819501441772e-01,5.043250918388366699e-01
1.706827309236947698e+00,7.916666666666666297e-01,5.609988693658803927e-01,5.000156695250124184e-01,5.043775439262390137e-01
1.726907630522088288e+00,7.916666666666666297e-01,5.595696968476282507e-01,5.000138861388090383e-01,5.044301152229309082e-01
1.746987951807228878e+00,7.916666666666666297e-01,5.581740081657182717e-01,5.000123057240646318e-01,5.044826865196228027e-01
1.767068273092369468e+00,7.916666666666666297e-01,5.568110189401845878e-01,5.000109051801108206e-01,5.045350193977355957e-01
1.787148594377510058e+00,7.916666666666666297e-01,5.554799631536017079e-01,5.000096640354216859e-01,5.045874714851379395e-01
1.807228915662650648e+00,7.916666666666666297e-01,5.541800927225721818e-01,5.000085641483852372e-01,5.046399235725402832e-01
1.827309236947791238e+00,7.916666666666666297e-01,5.529106770790606085e-01,5.000075894421289746e-01,5.046927332878112793e-01
1.847389558232931606e+00,7.916666666666666297e-01,5.516710027613651590e-01,5.000067256695280848e-01,5.047448277473449707e-01
1.867469879518072196e+00,7.916666666666666297e-01,5.504603730145208873e-01,5.000059602049575780e-01,5.047975182533264160e-01
1.887550200803212785e+00,7.916666666666666297e-01,5.492781073999283281e-01,5.000052818597447990e-01,5.048496127128601074e-01
1.907630522088353375e+00,7.916666666666666297e-01,5.481235414140112061e-01,5.000046807186268039e-01,5.049020648002624512e-01
1.927710843373493965e+00,7.916666666666666297e-01,5.469960261156998627e-01,5.000041479948202916e-01,5.049542784690856934e-01
1.947791164658634555e+00,7.916666666666666297e-01,5.458949277625501084e-01,5.000036759015873411e-01,5.050064921379089355e-01
1.967871485943775145e+00,7.916666666666666297e-01,5.448196274553032126e-01,5.000032575384167899e-01,5.050585865974426270e-01
1.987951807228915735e+00,7.916666666666666297e-01,5.437695207906997341e-01,5.000028867901613605e-01,5.051102042198181152e-01
2.008032128514056325e+00,7.916666666666666297e-01,5.427440175223625651e-01,5.000025582376537159e-01,5.051622986793518066e-01
2.028112449799196693e+00,7.916666666666666297e-01,5.417425412295645559e-01,5.000022670784948220e-01,5.052137970924377441e-01
2.048192771084337505e+00,7.916666666666666297e-01,5.407645289937085264e-01,5.000020090568577658e-01,5.052658915519714355e-01
2.068273092369477872e+00,7.916666666666666297e-01,5.398094310823382536e-01,5.000017804012817368e-01,5.053166747093200684e-01
2.088353413654618684e+00,7.916666666666666297e-01,5.388767106405140117e-01,5.000015777695449026e-01,5.053681731224060059e-01
2.108433734939759052e+00,7.916666666666666297e-01,5.379658433893815817e-01,5.000013981998118195e-01,5.054194331169128418e-01
2.128514056224899420e+00,7.916666666666666297e-01,5.370763173317727457e-01,5.000012390673405083e-01,5.054704546928405762e-01
2.148594377510040232e+00,7.916666666666666297e-01,5.362076324646737335e-01,5.000010980461173649e-01,5.055214762687683105e-01
2.168674698795180600e+00,7.916666666666666297e-01,5.353593004984056325e-01,5.000009730748579129e-01,5.055720210075378418e-01
2.188755020080321412e+00,7.916666666666666297e-01,5.345308445823633292e-01,5.000008623268769048e-01,5.056230425834655762e-01
2.208835341365461780e+00,7.916666666666666297e-01,5.337217990371571075e-01,5.000007641833891237e-01,5.056732296943664551e-01
2.228915662650602592e+00,7.916666666666666297e-01,5.329317090930154599e-01,5.000006772098469776e-01,5.057237744331359863e-01
2.248995983935742959e+00,7.916666666666666297e-01,5.321601306343003435e-01,5.000006001349719398e-01,5.057732462882995605e-01
2.269076305220883327e+00,7.916666666666666297e-01,5.314066299499936585e-01,5.000005318321731895e-01,5.058230757713317871e-01
2.289156626506024139e+00,7.916666666666666297e-01,5.306707834900187271e-01,5.000004713030797854e-01,5.058725476264953613e-01
2.309236947791164507e+00,7.916666666666666297e-01,5.299521776272586582e-01,5.000004176629474495e-01,5.059216618537902832e-01
2.329317269076305319e+00,7.916666666666666297e-01,5.292504084251423713e-01,5.000003701277270229e-01,5.059713721275329590e-01
2.349397590361445687e+00,7.916666666666666297e-01,5.285650814106658268e-01,5.000003280026041885e-01,5.060204863548278809e-01
2.369477911646586499e+00,7.916666666666666297e-01,5.278958113527255636e-01,5.000002906718424844e-01,5.060690045356750488e-01
2.389558232931726867e+00,7.916666666666666297e-01,5.272422220456367548e-01,5.000002575897843915e-01,5.061175227165222168e-01
2.409638554216867234e+00,7.916666666666666297e-01,5.266039460977186559e-01,5.000002282728747138e-01,5.061654448509216309e-01
2.429718875502008046e+00,7.916666666666666297e-01,5.259806247248287603e-01,5.000002022925927880e-01,5.062140822410583496e-01
2.449799196787148414e+00,7.916666666666666297e-01,5.253719075487275347e-01,5.000001792691887159e-01,5.062612891197204590e-01
2.469879518072289226e+00,7.916666666666666297e-01,5.247774524001653784e-01,5.000001588661334706e-01,5.063094496726989746e-01
2.489959839357429594e+00,7.916666666666666297e-01,5.241969251265781171e-01,5.000001407851987212e-01,5.063564181327819824e-01
2.510040160642570406e+00,7.916666666666666297e-01,5.236299994042852290e-01,5.000001247620987632e-01,5.064033865928649902e-01
2.530120481927710774e+00,7.916666666666666297e-01,5.230763565550854421e-01,5.000001105626264986e-01,5.064502358436584473e-01
2.550200803212851586e+00,7.916666666666666297e-01,5.225356853671457857e-01,5.000000979792301736e-01,5.064966082572937012e-01
2.570281124497991954e+00,7.916666666666666297e-01,5.220076819200878404e-01,5.000000868279800281e-01,5.065429806709289551e-01
2.590361445783132321e+00,7.916666666666666297e-01,5.214920494141654927e-01,5.000000769458804450e-01,5.065887570381164551e-01
2.610441767068273133e+00,7.916666666666666297e-01,5.209884980034471536e-01,5.000000681884863019e-01,5.066345334053039551e-01
2.630522088353413501e+00,7.916666666666666297e-01,5.204967446329034075e-01,5.000000604277923255e-01,5.066798329353332520e-01
2.650602409638554313e+00,7.916666666666666297e-01,5.200165128793093894e-01,5.000000535503617005e-01,5.067245364189147949e-01
2.670682730923694681e+00,7.916666666666666297e-01,5.195475327958752887e-01,5.000000474556677288e-01,5.067694783210754395e-01
2.690763052208835493e+00,7.916666666666666297e-01,5.190895407605150558e-01,5.000000420546255597e-01,5.068140625953674316e-01
2.710843373493975861e+00,7.916666666666666297e-01,5.186422793276681542e-01,5.000000372682888994e-01,5.068579316139221191e-01
2.730923694779116673e+00,7.916666666666666297e-01,5.182054970835948682e-01,5.000000330266967108e-01,5.069014430046081543e-01
2.751004016064257041e+00,7.916666666666666297e-01,5.177789485050582341e-01,5.000000292678506986e-01,5.069450736045837402e-01
2.771084337349397408e+00,7.916666666666666297e-01,5.173623938213190998e-01,5.000000259368077016e-01,5.069882273674011230e-01
2.791164658634538220e+00,7.916666666666666297e-01,5.169555988793615997e-01,5.000000229848788891e-01,5.070313811302185059e-01
2.811244979919678588e+00,7.916666666666666297e-01,5.165583350122784356e-01,5.000000203689161093e-01,5.070738196372985840e-01
2.831325301204819400e+00,7.916666666666666297e-01,5.161703789107362494e-01,5.000000180506820602e-01,5.071157813072204590e-01
2.851405622489959768e+00,7.916666666666666297e-01,5.157915124974561394e-01,5.000000159962917357e-01,5.071576237678527832e-01
2.871485943775100580e+00,7.916666666666666297e-01,5.154215228046311603e-01,5.000000141757167116e-01,5.071992278099060059e-01
2.891566265060240948e+00,7.916666666666666297e-01,5.150602018542177474e-01,5.000000125623457192e-01,5.072405934333801270e-01
2.911646586345381316e+00,7.916666666666666297e-01,5.147073465410315629e-01,5.000000111325961782e-01,5.072813630104064941e-01
2.931726907630522128e+00,7.916666666666666297e-01,5.143627585185815976e-01,5.000000098655700276e-01,5.073221325874328613e-01
2.951807228915662495e+00,7.916666666666666297e-01,5.140262440875796868e-01,5.000000087427470818e-01,5.073624253273010254e-01
2.971887550200803307e+00,7.916666666666666297e-01,5.136976140870621599e-01,5.000000077477153582e-01,5.074020028114318848e-01
2.991967871485943675e+00,7.916666666666666297e-01,5.133766837880628930e-01,5.000000068659304908e-01,5.074421763420104980e-01
3.012048192771084487e+00,7.916666666666666297e-01,5.130632727897771472e-01,5.000000060845035676e-01,5.074810385704040527e-01
3.032128514056224855e+00,7.916666666666666297e-01,5.127572049181587932e-01,5.000000053920129472e-01,5.075202584266662598e-01
3.052208835341365223e+00,7.916666666666666297e-01,5.124583081268945239e-01,5.000000047783359491e-01,5.075584053993225098e-01
3.072289156626506035e+00,7.916666666666666297e-01,5.121664144006974340e-01,5.000000042345031925e-01,5.075969099998474121e-01
3.092369477911646403e+00,7.916666666666666297e-01,5.118813596608678962e-01,5.000000037525652585e-01,5.076348185539245605e-01
3.112449799196787215e+00,7.916666666666666297e-01,5.116029836730675573e-01,5.000000033254778931e-01,5.076722502708435059e-01
3.132530120481927582e+00,7.916666666666666297e-01,5.113311299572550483e-01,5.000000029469984231e-01,5.077099204063415527e-01
3.152610441767068394e+00,7.916666666666666297e-01,5.110656456997330066e-01,5.000000026115946072e-01,5.077462792396545410e-01
3.172690763052208762e+00,7.916666666666666297e-01,5.108063816672564483e-01,5.000000023143638117e-01,5.077834725379943848e-01
3.192771084337349574e+00,7.916666666666666297e-01,5.105531921231564185e-01,5.000000020509614007e-01,5.078191161155700684e-01
3.212851405622489942e+00,7.916666666666666297e-01,5.103059347454285133e-01,5.000000018175372318e-01,5.078554749488830566e-01
3.232931726907630310e+00,7.916666666666666297e-01,5.100644705467449747e-01,5.000000016106800338e-01,5.078908801078796387e-01
3.253012048192771122e+00,7.916666666666666297e-01,5.098286637963407308e-01,5.000000014273658921e-01,5.079261660575866699e-01
3.273092369477911490e+00,7.916666666666666297e-01,5.095983819437340800e-01,5.000000012649148395e-01,5.079609751701354980e-01
3.293172690763052302e+00,7.916666666666666297e-01,5.093734955442374979e-01,5.000000011209532191e-01,5.079957842826843262e-01
3.313253012048192669e+00,7.916666666666666297e-01,5.091538781862171570e-01,5.000000009933767142e-01,5.080303549766540527e-01
3.333333333333333481e+00,7.916666666666666297e-01,5.089394064200607470e-01,5.000000008803195950e-01,5.080642104148864746e-01
3.353413654618473849e+00,7.916666666666666297e-01,5.087299596888159581e-01,5.000000007801300717e-01,5.080978274345397949e-01
3.373493975903614661e+00,7.916666666666666297e-01,5.085254202604584384e-01,5.000000006913429829e-01,5.081308484077453613e-01
3.393574297188755029e+00,7.916666666666666297e-01,5.083256731617548096e-01,5.000000006126609220e-01,5.081639885902404785e-01
3.413654618473895397e+00,7.916666666666666297e-01,5.081306061136834362e-01,5.000000005429338090e-01,5.081971287727355957e-01
3.433734939759036209e+00,7.916666666666666297e-01,5.079401094683765328e-01,5.000000004811423482e-01,5.082290768623352051e-01
3.453815261044176577e+00,7.916666666666666297e-01,5.077540761475524134e-01,5.000000004263834841e-01,5.082610249519348145e-01
3.473895582329317389e+00,7.916666666666666297e-01,5.075724015824020219e-01,5.000000003778570790e-01,5.082928538322448730e-01
3.493975903614457756e+00,7.916666666666666297e-01,5.073949836548992121e-01,5.000000003348535893e-01,5.083242058753967285e-01
3.514056224899598568e+00,7.916666666666666297e-01,5.072217226405040247e-01,5.000000002967441848e-01,5.083555579185485840e-01
3.534136546184738936e+00,7.916666666666666297e-01,5.070525211522282083e-01,5.000000002629720885e-01,5.083864331245422363e-01
3.554216867469879304e+00,7.916666666666666297e-01,5.068872840860361162e-01,5.000000002330438065e-01,5.084168314933776855e-01
3.574297188755020116e+00,7.916666666666666297e-01,5.067259185675515587e-01,5.000000002065216886e-01,5.084471106529235840e-01
3.594377510040160484e+00,7.916666666666666297e-01,5.065683339000472962e-01,5.000000001830180452e-01,5.084770321846008301e-01
3.614457831325301296e+00,7.916666666666666297e-01,5.064144415136889732e-01,5.000000001621894841e-01,5.085067152976989746e-01
3.634538152610441664e+00,7.916666666666666297e-01,5.062641549160149523e-01,5.000000001437315822e-01,5.085361599922180176e-01
3.654618473895582476e+00,7.916666666666666297e-01,5.061173896436252928e-01,5.000000001273743333e-01,5.085651278495788574e-01
3.674698795180722843e+00,7.916666666666666297e-01,5.059740632150649953e-01,5.000000001128789284e-01,5.085936188697814941e-01
3.694779116465863211e+00,7.916666666666666297e-01,5.058340950848796425e-01,5.000000001000332039e-01,5.086221098899841309e-01
3.714859437751004023e+00,7.916666666666666297e-01,5.056974065988303346e-01,5.000000000886493101e-01,5.086503624916076660e-01
3.734939759036144391e+00,7.916666666666666297e-01,5.055639209502529319e-01,5.000000000785610466e-01,5.086781382560729980e-01
3.755020080321285203e+00,7.916666666666666297e-01,5.054335631375503901e-01,5.000000000696207536e-01,5.087059140205383301e-01
3.775100401606425571e+00,7.916666666666666297e-01,5.053062599228116403e-01,5.000000000616980911e-01,5.087334513664245605e-01
3.795180722891566383e+00,7.916666666666666297e-01,5.051819397915512377e-01,5.000000000546770407e-01,5.087605118751525879e-01
3.815261044176706751e+00,7.916666666666666297e-01,5.050605329135672283e-01,5.000000000484547957e-01,5.087869763374328613e-01
3.835341365461847563e+00,7.916666666666666297e-01,5.049419711049238924e-01,5.000000000429406510e-01,5.088135600090026855e-01
3.855421686746987930e+00,7.916666666666666297e-01,5.048261877910641404e-01,5.000000000380541154e-01,5.088402628898620605e-01
3.875502008032128298e+00,7.916666666666666297e-01,5.047131179710656612e-01,5.000000000337239126e-01,5.088663697242736816e-01
3.895582329317269110e+00,7.916666666666666297e-01,5.046026981830618041e-01,5.000000000298864267e-01,5.088921189308166504e-01
3.915662650602409478e+00,7.916666666666666297e-01,5.044948664708529540e-01,5.000000000264854805e-01,5.089177489280700684e-01
3.935742971887550290e+00,7.916666666666666297e-01,5.043895623517447024e-01,5.000000000234720021e-01,5.089430212974548340e-01
3.955823293172690658e+00,7.916666666666666297e-01,5.042867267856576685e-01,5.000000000208011386e-01,5.089680552482604980e-01
3.975903614457831470e+00,7.916666666666666297e-01,5.041863021455651461e-01,5.000000000184345872e-01,5.089928507804870605e-01
3.995983935742971838e+00,7.916666666666666297e-01,5.040882321893292994e-01,5.000000000163373759e-01,5.090175271034240723e-01
4.016064257028112650e+00,7.916666666666666297e-01,5.039924620330196170e-01,5.000000000144789736e-01,5.090416073799133301e-01
4.036144578313252573e+00,7.916666666666666297e-01,5.038989381258173195e-01,5.000000000128322908e-01,5.090659260749816895e-01
4.056224899598393385e+00,7.916666666666666297e-01,5.038076082266265132e-01,5.000000000113729026e-01,5.090898871421813965e-01
4.076305220883534197e+00,7.916666666666666297e-01,5.037184213825443013e-01,5.000000000100798259e-01,5.091132521629333496e-01
4.096385542168675009e+00,7.916666666666666297e-01,5.036313279093589390e-01,5.000000000089337426e-01,5.091368556022644043e-01
4.116465863453814933e+00,7.916666666666666297e-01,5.035462793742874199e-01,5.000000000079183327e-01,5.091601014137268066e-01
4.136546184738955745e+00,7.916666666666666297e-01,5.034632285812004060e-01,5.000000000070181638e-01,5.091827511787414551e-01
4.156626506024096557e+00,7.916666666666666297e-01,5.033821295586211608e-01,5.000000000062208017e-01,5.092056393623352051e-01
4.176706827309237369e+00,7.916666666666666297e-01,5.033029375508468739e-01,5.000000000055140337e-01,5.092279314994812012e-01
4.196787148594377292e+00,7.916666666666666297e-01,5.032256090125931669e-01,5.000000000048877569e-01,5.092503428459167480e-01
4.216867469879518104e+00,7.916666666666666297e-01,5.031501016076445065e-01,5.000000000043323123e-01,5.092727541923522949e-01
4.236947791164658916e+00,7.916666666666666297e-01,5.030763742120695214e-01,5.000000000038403725e-01,5.092942118644714355e-01
4.257028112449798840e+00,7.916666666666666297e-01,5.030043869226662467e-01,5.000000000034043879e-01,5.093162655830383301e-01
4.277108433734939652e+00,7.916666666666666297e-01,5.029341010714188931e-01,5.000000000030178082e-01,5.093374848365783691e-01
4.297188755020080464e+00,7.916666666666666297e-01,5.028654792468899570e-01,5.000000000026751934e-01,5.093585848808288574e-01
4.317269076305221276e+00,7.916666666666666297e-01,5.027984853236328044e-01,5.000000000023716584e-01,5.093799233436584473e-01
4.337349397590361200e+00,7.916666666666666297e-01,5.027330845009146953e-01,5.000000000021028734e-01,5.094007849693298340e-01
4.357429718875502012e+00,7.916666666666666297e-01,5.026692433522693682e-01,5.000000000018643975e-01,5.094214081764221191e-01
4.377510040160642824e+00,7.916666666666666297e-01,5.026069298876838509e-01,5.000000000016533441e-01,5.094420313835144043e-01
4.397590361445782747e+00,7.916666666666666297e-01,5.025461136305611198e-01,5.000000000014662715e-01,5.094622969627380371e-01
4.417670682730923559e+00,7.916666666666666297e-01,5.024867657120067888e-01,5.000000000013004042e-01,5.094824433326721191e-01
4.437751004016064371e+00,7.916666666666666297e-01,5.024288589854810638e-01,5.000000000011535217e-01,5.095027089118957520e-01
4.457831325301205183e+00,7.916666666666666297e-01,5.023723681654537199e-01,5.000000000010234036e-01,5.095223784446716309e-01
4.477911646586345107e+00,7.916666666666666297e-01,5.023172699944304931e-01,5.000000000009083845e-01,5.095418095588684082e-01
4.497991967871485919e+00,7.916666666666666297e-01,5.022635434436122370e-01,5.000000000008063550e-01,5.095611214637756348e-01
4.518072289156626731e+00,7.916666666666666297e-01,5.022111699535520835e-01,5.000000000007156498e-01,5.095805525779724121e-01
4.538152610441766655e+00,7.916666666666666297e-01,5.021601337225367612e-01,5.000000000006353806e-01,5.095995068550109863e-01
4.558232931726907466e+00,7.916666666666666297e-01,5.021104220521249717e-01,5.000000000005645484e-01,5.096186995506286621e-01
4.578313253012048278e+00,7.916666666666666297e-01,5.020620257613999105e-01,5.000000000005014877e-01,5.096375346183776855e-01
4.598393574297189090e+00,7.916666666666666297e-01,5.020149396841784295e-01,5.000000000004459766e-01,5.096561312675476074e-01
4.618473895582329014e+00,7.916666666666666297e-01,5.019691632668156211e-01,5.000000000003965717e-01,5.096742510795593262e-01
4.638554216867469826e+00,7.916666666666666297e-01,5.019247012885575954e-01,5.000000000003526068e-01,5.096928477287292480e-01
4.658634538152610638e+00,7.916666666666666297e-01,5.018815647319262441e-01,5.000000000003138600e-01,5.097110867500305176e-01
4.678714859437750562e+00,7.916666666666666297e-01,5.018397718377080041e-01,5.000000000002793321e-01,5.097290873527526855e-01
4.698795180722891374e+00,7.916666666666666297e-01,5.017993493882592082e-01,5.000000000002488010e-01,5.097470879554748535e-01
4.718875502008032186e+00,7.916666666666666297e-01,5.017603342746824735e-01,5.000000000002218226e-01,5.097643733024597168e-01
4.738955823293172998e+00,7.916666666666666297e-01,5.017227754187735256e-01,5.000000000001980638e-01,5.097818970680236816e-01
4.759036144578312921e+00,7.916666666666666297e-01,5.016867361406153192e-01,5.000000000001769696e-01,5.097993016242980957e-01
4.779116465863453733e+00,7.916666666666666297e-01,5.016522970887169475e-01,5.000000000001586509e-01,5.098165869712829590e-01
4.799196787148594545e+00,7.916666666666666297e-01,5.016195598835179181e-01,5.000000000001422196e-01,5.098338723182678223e-01
4.819277108433734469e+00,7.916666666666666297e-01,5.015886516692998898e-01,5.000000000001280087e-01,5.098510384559631348e-01
4.839357429718875281e+00,7.916666666666666297e-01,5.015597308271129151e-01,5.000000000001154632e-01,5.098677277565002441e-01
4.859437751004016093e+00,7.916666666666666297e-01,5.015329941760336974e-01,5.000000000001046940e-01,5.098850131034851074e-01
4.879518072289156905e+00,7.916666666666666297e-01,5.015086860866209140e-01,5.000000000000955902e-01,5.099007487297058105e-01
4.899598393574296828e+00,7.916666666666666297e-01,5.014871100543139004e-01,5.000000000000877076e-01,5.099174380302429199e-01
4.919678714859437640e+00,7.916666666666666297e-01,5.014686434379727054e-01,5.000000000000812683e-01,5.099340081214904785e-01
4.939759036144578452e+00,7.916666666666666297e-01,5.014537562661555148e-01,5.000000000000763833e-01,5.099502205848693848e-01
4.959839357429719264e+00,7.916666666666666297e-01,5.014430352566663363e-01,5.000000000000730527e-01,5.099661946296691895e-01
4.979919678714859188e+00,7.916666666666666297e-01,5.014372144863992187e-01,5.000000000000710543e-01,5.099822878837585449e-01
5.000000000000000000e+00,7.916666666666666297e-01,5.014372144863992187e-01,5.000000000000710543e-01,5.099982619285583496e-01
0.000000000000000000e+00,8.333333333333332593e-01,9.655548043337887076e-01,9.655548043337887076e-01,9.760088324546813965e-01
2.008032128514056214e-02,8.333333333333332593e-01,9.568072672889688102e-01,9.177521788542909453e-01,9.222781062126159668e-01
4.016064257028112428e-02,8.333333333333332593e-01,9.479441124134607710e-01,8.731957964636056779e-01,8.747531771659851074e-01
6.024096385542168641e-02,8.333333333333332593e-01,9.390179579050349501e-01,8.324778731105885177e-01,8.327184915542602539e-01
8.032128514056224855e-02,8.333333333333332593e-01,9.300735526976631196e-01,7.956905463534473810e-01,7.955102324485778809e-01
1.004016064257028107e-01,8.333333333333332593e-01,9.211478916368623926e-01,7.626791282721122611e-01,7.625343799591064453e-01
1.204819277108433728e-01,8.333333333333332593e-01,9.122709788034978340e-01,7.331795607327595832e-01,7.332735657691955566e-01
1.405622489959839350e-01,8.333333333333332593e-01,9.034668333001452112e-01,7.068883884243600813e-01,7.072849869728088379e-01
1.606425702811244971e-01,8.333333333333332593e-01,8.947545038515573035e-01,6.834976457124158911e-01,6.841872334480285645e-01
1.807228915662650592e-01,8.333333333333332593e-01,8.861489820637161730e-01,6.627118555404049038e-01,6.636508703231811523e-01
2.008032128514056214e-01,8.333333333333332593e-01,8.776619768571718438e-01,6.442558205875115185e-01,6.453899145126342773e-01
2.208835341365461835e-01,8.333333333333332593e-01,8.693025497034961857e-01,6.278776110526030907e-01,6.291510462760925293e-01
2.409638554216867457e-01,8.333333333333332593e-01,8.610776262921608915e-01,6.133490359484823351e-01,6.147125363349914551e-01
2.610441767068273355e-01,8.333333333333332593e-01,8.529924050462249774e-01,6.004648160112574518e-01,6.018768548965454102e-01
2.811244979919678699e-01,8.333333333333332593e-01,8.450506823930726830e-01,5.890411209457786512e-01,5.904683470726013184e-01
3.012048192771084043e-01,8.333333333333332593e-01,8.372551120834804683e-01,5.789138363326078451e-01,5.803316235542297363e-01
3.212851405622489942e-01,8.333333333333332593e-01,8.296074127294401634e-01,5.699367619122028827e-01,5.713266730308532715e-01
3.413654618473895841e-01,8.333333333333332593e-01,8.221085348037713292e-01,5.619798509434686951e-01,5.633301734924316406e-01
3.614457831325301185e-01,8.333333333333332593e-01,8.147587958648756512e-01,5.549275477546802282e-01,5.562314391136169434e-01
3.815261044176706529e-01,8.333333333333332593e-01,8.075579907771082144e-01,5.486772503134677015e-01,5.499325394630432129e-01
4.016064257028112428e-01,8.333333333333332593e-01,8.005054821419768096e-01,5.431379072150981369e-01,5.443447232246398926e-01
4.216867469879518326e-01,8.333333333333332593e-01,7.936002749612984797e-01,5.382287486055949977e-01,5.393913388252258301e-01
4.417670682730923670e-01,8.333333333333332593e-01,7.868410786442218141e-01,5.338781451452077054e-01,5.350008606910705566e-01
4.618473895582329014e-01,8.333333333333332593e-01,7.802263587796725020e-01,5.300225863677796578e-01,5.311123728752136230e-01
4.819277108433734913e-01,8.333333333333332593e-01,7.737543805711892819e-01,5.266057686198674093e-01,5.276699662208557129e-01
5.020080321285140812e-01,8.333333333333332593e-01,7.674232454311361584e-01,5.235777825153152820e-01,5.246248841285705566e-01
5.220883534136546711e-01,8.333333333333332593e-01,7.612309219247322956e-01,5.208943901182641056e-01,5.219319462776184082e-01
5.421686746987951500e-01,8.333333333333332593e-01,7.551752720179060185e-01,5.185163826278199606e-01,5.195533633232116699e-01
5.622489959839357399e-01,8.333333333333332593e-01,7.492540733993374724e-01,5.164090100339235878e-01,5.174530148506164551e-01
5.823293172690763297e-01,8.333333333333332593e-01,7.434650385033264586e-01,5.145414749583745451e-01,5.156001448631286621e-01
6.024096385542168086e-01,8.333333333333332593e-01,7.378058307467865173e-01,5.128864836359890989e-01,5.139668583869934082e-01
6.224899598393573985e-01,8.333333333333332593e-01,7.322740784035989270e-01,5.114198476996170140e-01,5.125287175178527832e-01
6.425702811244979884e-01,8.333333333333332593e-01,7.268673864674509710e-01,5.101201310941555489e-01,5.112637877464294434e-01
6.626506024096385783e-01,8.333333333333332593e-01,7.215833467961266789e-01,5.089683370522228856e-01,5.101528763771057129e-01
6.827309236947791682e-01,8.333333333333332593e-01,7.164195467830016817e-01,5.079476306162492572e-01,5.091778635978698730e-01
7.028112449799196471e-01,8.333333333333332593e-01,7.113735767628818207e-01,5.070430926898138457e-01,5.083237290382385254e-01
7.228915662650602370e-01,8.333333333333332593e-01,7.064430363275799873e-01,5.062415020480919292e-01,5.075764060020446777e-01
7.429718875502008268e-01,8.333333333333332593e-01,7.016255397003433592e-01,5.055311421370698444e-01,5.069238543510437012e-01
7.630522088353413057e-01,8.333333333333332593e-01,6.969187202963919026e-01,5.049016298478123943e-01,5.063552260398864746e-01
7.831325301204818956e-01,8.333333333333332593e-01,6.923202345785357537e-01,5.043437637696058795e-01,5.058607459068298340e-01
8.032128514056224855e-01,8.333333333333332593e-01,6.878277653014888138e-01,5.038493897081575135e-01,5.054324269294738770e-01
8.232931726907630754e-01,8.333333333333332593e-01,6.834390242255137249e-01,5.034112815058812140e-01,5.050621628761291504e-01
8.433734939759036653e-01,8.333333333333332593e-01,6.791517543690472891e-01,5.030230354239920709e-01,5.047429203987121582e-01
8.634538152610441442e-01,8.333333333333332593e-01,6.749637318605988812e-01,5.026789765437356117e-01,5.044695734977722168e-01
8.835341365461847341e-01,8.333333333333332593e-01,6.708727674422206855e-01,5.023740758193584455e-01,5.042361617088317871e-01
9.036144578313253239e-01,8.333333333333332593e-01,6.668767076700061747e-01,5.021038765708633056e-01,5.040381550788879395e-01
9.236947791164658028e-01,8.333333333333332593e-01,6.629734358511877312e-01,5.018644293424034952e-01,5.038711428642272949e-01
9.437751004016063927e-01,8.333333333333332593e-01,6.591608727523312616e-01,5.016522341743451241e-01,5.037316679954528809e-01
9.638554216867469826e-01,8.333333333333332593e-01,6.554369771087418250e-01,5.014641894453202298e-01,5.036167502403259277e-01
9.839357429718875725e-01,8.333333333333332593e-01,6.517997459614031097e-01,5.012975465365819838e-01,5.035232901573181152e-01
1.004016064257028162e+00,8.333333333333332593e-01,6.482472148444730076e-01,5.011498696560536814e-01,5.034481883049011230e-01
1.024096385542168752e+00,8.333333333333332593e-01,6.447774578434914972e-01,5.010190002348532401e-01,5.033900141716003418e-01
1.044176706827309342e+00,8.333333333333332593e-01,6.413885875419629290e-01,5.009030253759063633e-01,5.033461451530456543e-01
1.064257028112449710e+00,8.333333333333332593e-01,6.380787548717937741e-01,5.008002498934827074e-01,5.033150315284729004e-01
1.084337349397590300e+00,8.333333333333332593e-01,6.348461488811600884e-01,5.007091715349656358e-01,5.032948851585388184e-01
1.104417670682730890e+00,8.333333333333332593e-01,6.316889964317132788e-01,5.006284590226864895e-01,5.032848715782165527e-01
1.124497991967871480e+00,8.333333333333332593e-01,6.286055618355735897e-01,5.005569325948637793e-01,5.032834410667419434e-01
1.144578313253012070e+00,8.333333333333332593e-01,6.255941464412763109e-01,5.004935467612224853e-01,5.032894015312194824e-01
1.164658634538152659e+00,8.333333333333332593e-01,6.226530881767128323e-01,5.004373750212355310e-01,5.033015608787536621e-01
1.184738955823293249e+00,8.333333333333332593e-01,6.197807610561190117e-01,5.003875963216182221e-01,5.033201575279235840e-01
1.204819277108433617e+00,8.333333333333332593e-01,6.169755746572979094e-01,5.003434830551255486e-01,5.033435225486755371e-01
1.224899598393574207e+00,8.333333333333332593e-01,6.142359735744914451e-01,5.003043904252351126e-01,5.033711791038513184e-01
1.244979919678714797e+00,8.333333333333332593e-01,6.115604368516527334e-01,5.002697470212618125e-01,5.034020543098449707e-01
1.265060240963855387e+00,8.333333333333332593e-01,6.089474774002673341e-01,5.002390464661394809e-01,5.034369826316833496e-01
1.285140562248995977e+00,8.333333333333332593e-01,6.063956414053586208e-01,5.002118400147894661e-01,5.034742951393127441e-01
1.305220883534136567e+00,8.333333333333332593e-01,6.039035077228455117e-01,5.001877299948859212e-01,5.035139918327331543e-01
1.325301204819277157e+00,8.333333333333332593e-01,6.014696872710175723e-01,5.001663639941437145e-01,5.035555958747863770e-01
1.345381526104417746e+00,8.333333333333332593e-01,5.990928224185355644e-01,5.001474297091642596e-01,5.035992264747619629e-01
1.365461847389558336e+00,8.333333333333332593e-01,5.967715863710475466e-01,5.001306503805472703e-01,5.036445260047912598e-01
1.385542168674698704e+00,8.333333333333332593e-01,5.945046825582350758e-01,5.001157807475435924e-01,5.036908984184265137e-01
1.405622489959839294e+00,8.333333333333332593e-01,5.922908440228564775e-01,5.001026034631173012e-01,5.037382245063781738e-01
1.425702811244979884e+00,8.333333333333332593e-01,5.901288328131397698e-01,5.000909259170202015e-01,5.037869811058044434e-01
1.445783132530120474e+00,8.333333333333332593e-01,5.880174393796868682e-01,5.000805774204376553e-01,5.038363337516784668e-01
1.465863453815261064e+00,8.333333333333332593e-01,5.859554819778809431e-01,5.000714067110583194e-01,5.038862824440002441e-01
1.485943775100401654e+00,8.333333333333332593e-01,5.839418060766442542e-01,5.000632797420978548e-01,5.039367079734802246e-01
1.506024096385542244e+00,8.333333333333332593e-01,5.819752837742602214e-01,5.000560777229564602e-01,5.039876103401184082e-01
1.526104417670682611e+00,8.333333333333332593e-01,5.800548132218614761e-01,5.000496953828784674e-01,5.040385127067565918e-01
1.546184738955823201e+00,8.333333333333332593e-01,5.781793180550824918e-01,5.000440394322243076e-01,5.040904879570007324e-01
1.566265060240963791e+00,8.333333333333332593e-01,5.763477468342909082e-01,5.000390271988729429e-01,5.041419863700866699e-01
1.586345381526104381e+00,8.333333333333332593e-01,5.745590724937268412e-01,5.000345854198142703e-01,5.041937232017517090e-01
1.606425702811244971e+00,8.333333333333332593e-01,5.728122917998191843e-01,5.000306491702780631e-01,5.042462944984436035e-01
1.626506024096385561e+00,8.333333333333332593e-01,5.711064248188835180e-01,5.000271609147377561e-01,5.042985081672668457e-01
1.646586345381526151e+00,8.333333333333332593e-01,5.694405143943541692e-01,5.000240696659223882e-01,5.043506026268005371e-01
1.666666666666666741e+00,8.333333333333332593e-01,5.678136256336576704e-01,5.000213302395452031e-01,5.044029355049133301e-01
1.686746987951807331e+00,8.333333333333332593e-01,5.662248454047980051e-01,5.000189025938508447e-01,5.044550299644470215e-01
1.706827309236947698e+00,8.333333333333332593e-01,5.646732818426833944e-01,5.000167512443327578e-01,5.045072436332702637e-01
1.726907630522088288e+00,8.333333333333332593e-01,5.631580638652000648e-01,5.000148447450604161e-01,5.045594573020935059e-01
1.746987951807228878e+00,8.333333333333332593e-01,5.616783406990070171e-01,5.000131552290406622e-01,5.046114325523376465e-01
1.767068273092369468e+00,8.333333333333332593e-01,5.602332814150097207e-01,5.000116580008890921e-01,5.046637654304504395e-01
1.787148594377510058e+00,8.333333333333332593e-01,5.588220744734434531e-01,5.000103311758626878e-01,5.047156214714050293e-01
1.807228915662650648e+00,8.333333333333332593e-01,5.574439272784877941e-01,5.000091553599732563e-01,5.047675967216491699e-01
1.827309236947791238e+00,8.333333333333332593e-01,5.560980657423129081e-01,5.000081133665090771e-01,5.048190951347351074e-01
1.847389558232931606e+00,8.333333333333332593e-01,5.547837338584523659e-01,5.000071899648187435e-01,5.048710703849792480e-01
1.867469879518072196e+00,8.333333333333332593e-01,5.535001932843828243e-01,5.000063716576884643e-01,5.049226880073547363e-01
1.887550200803212785e+00,8.333333333333332593e-01,5.522467229331826655e-01,5.000056464840542114e-01,5.049737095832824707e-01
1.907630522088353375e+00,8.333333333333332593e-01,5.510226185741373683e-01,5.000050038441694600e-01,5.050254464149475098e-01
1.927710843373493965e+00,8.333333333333332593e-01,5.498271924421509471e-01,5.000044343446703454e-01,5.050761103630065918e-01
1.947791164658634555e+00,8.333333333333332593e-01,5.486597728558203491e-01,5.000039296612746043e-01,5.051271319389343262e-01
1.967871485943775145e+00,8.333333333333332593e-01,5.475197038440222652e-01,5.000034824171056824e-01,5.051782727241516113e-01
1.987951807228915735e+00,8.333333333333332593e-01,5.464063447808654717e-01,5.000030860748676531e-01,5.052289366722106934e-01
2.008032128514056325e+00,8.333333333333332593e-01,5.453190700288533810e-01,5.000027348412900974e-01,5.052794814109802246e-01
2.028112449799196693e+00,8.333333333333332593e-01,5.442572685901030383e-01,5.000024235824480634e-01,5.053301453590393066e-01
2.048192771084337505e+00,8.333333333333332593e-01,5.432203437654680167e-01,5.000021477487208710e-01,5.053803324699401855e-01
2.068273092369477872e+00,8.333333333333332593e-01,5.422077128214083386e-01,5.000019033082916398e-01,5.054301619529724121e-01
2.088353413654618684e+00,8.333333333333332593e-01,5.412188066644528783e-01,5.000016866882133204e-01,5.054803490638732910e-01
2.108433734939759052e+00,8.333333333333332593e-01,5.402530695231014812e-01,5.000014947221855799e-01,5.055299401283264160e-01
2.128514056224899420e+00,8.333333333333332593e-01,5.393099586370132537e-01,5.000013246042717130e-01,5.055797696113586426e-01
2.148594377510040232e+00,8.333333333333332593e-01,5.383889439533279253e-01,5.000011738478853385e-01,5.056290030479431152e-01
2.168674698795180600e+00,8.333333333333332593e-01,5.374895078299716245e-01,5.000010402494450279e-01,5.056783556938171387e-01
2.188755020080321412e+00,8.333333333333332593e-01,5.366111447457965200e-01,5.000009218561634050e-01,5.057273507118225098e-01
2.208835341365461780e+00,8.333333333333332593e-01,5.357533610174094463e-01,5.000008169375049771e-01,5.057762265205383301e-01
2.228915662650602592e+00,8.333333333333332593e-01,5.349156745225409626e-01,5.000007239598903697e-01,5.058246254920959473e-01
2.248995983935742959e+00,8.333333333333332593e-01,5.340976144298181794e-01,5.000006415642808122e-01,5.058733820915222168e-01
2.269076305220883327e+00,8.333333333333332593e-01,5.332987209347912483e-01,5.000005685463131400e-01,5.059217810630798340e-01
2.289156626506024139e+00,8.333333333333332593e-01,5.325185450020850642e-01,5.000005038386955425e-01,5.059692263603210449e-01
2.309236947791164507e+00,8.333333333333332593e-01,5.317566481135324041e-01,5.000004464956068206e-01,5.060172677040100098e-01
2.329317269076305319e+00,8.333333333333332593e-01,5.310126020221589416e-01,5.000003956788724446e-01,5.060648322105407715e-01
2.349397590361445687e+00,8.333333333333332593e-01,5.302859885118870187e-01,5.000003506457124658e-01,5.061122775077819824e-01
2.369477911646586499e+00,8.333333333333332593e-01,5.295763991628293921e-01,5.000003107378844236e-01,5.061590075492858887e-01
2.389558232931726867e+00,8.333333333333332593e-01,5.288834351220473851e-01,5.000002753720620419e-01,5.062062144279479980e-01
2.409638554216867234e+00,8.333333333333332593e-01,5.282067068796477693e-01,5.000002440313086050e-01,5.062529444694519043e-01
2.429718875502008046e+00,8.333333333333332593e-01,5.275458340500986942e-01,5.000002162575216680e-01,5.062993168830871582e-01
2.449799196787148414e+00,8.333333333333332593e-01,5.269004451586439819e-01,5.000001916447357475e-01,5.063455700874328613e-01
2.469879518072289226e+00,8.333333333333332593e-01,5.262701774326999926e-01,5.000001698331898448e-01,5.063917040824890137e-01
2.489959839357429594e+00,8.333333333333332593e-01,5.256546765981204850e-01,5.000001505040682082e-01,5.064371228218078613e-01
2.510040160642570406e+00,8.333333333333332593e-01,5.250535966802177823e-01,5.000001333748403942e-01,5.064824223518371582e-01
2.530120481927710774e+00,8.333333333333332593e-01,5.244665998094305559e-01,5.000001181951314599e-01,5.065272450447082520e-01
2.550200803212851586e+00,8.333333333333332593e-01,5.238933560315308657e-01,5.000001047430613355e-01,5.065721869468688965e-01
2.570281124497991954e+00,8.333333333333332593e-01,5.233335431222659873e-01,5.000000928220037499e-01,5.066171288490295410e-01
2.590361445783132321e+00,8.333333333333332593e-01,5.227868464063336607e-01,5.000000822577101989e-01,5.066613554954528809e-01
2.610441767068273133e+00,8.333333333333332593e-01,5.222529585805870678e-01,5.000000728957640916e-01,5.067055821418762207e-01
2.630522088353413501e+00,8.333333333333332593e-01,5.217315795413749457e-01,5.000000645993235571e-01,5.067492127418518066e-01
2.650602409638554313e+00,8.333333333333332593e-01,5.212224162159202479e-01,5.000000572471210436e-01,5.067924857139587402e-01
2.670682730923694681e+00,8.333333333333332593e-01,5.207251823976409844e-01,5.000000507316898490e-01,5.068358778953552246e-01
2.690763052208835493e+00,8.333333333333332593e-01,5.202395985853253135e-01,5.000000449577959305e-01,5.068790316581726074e-01
2.710843373493975861e+00,8.333333333333332593e-01,5.197653918260690675e-01,5.000000398410424651e-01,5.069211125373840332e-01
2.730923694779116673e+00,8.333333333333332593e-01,5.193022955618880054e-01,5.000000353066392789e-01,5.069640278816223145e-01
2.751004016064257041e+00,8.333333333333332593e-01,5.188500494799208607e-01,5.000000312883075004e-01,5.070057511329650879e-01
2.771084337349397408e+00,8.333333333333332593e-01,5.184083993661373624e-01,5.000000277273116689e-01,5.070473551750183105e-01
2.791164658634538220e+00,8.333333333333332593e-01,5.179770969624717392e-01,5.000000245716011982e-01,5.070886015892028809e-01
2.811244979919678588e+00,8.333333333333332593e-01,5.175558998272999922e-01,5.000000217750497633e-01,5.071303248405456543e-01
2.831325301204819400e+00,8.333333333333332593e-01,5.171445711991844441e-01,5.000000192967805068e-01,5.071707367897033691e-01
2.851405622489959768e+00,8.333333333333332593e-01,5.167428798638077359e-01,5.000000171005687388e-01,5.072113871574401855e-01
2.871485943775100580e+00,8.333333333333332593e-01,5.163506000240226657e-01,5.000000151543132487e-01,5.072509646415710449e-01
2.891566265060240948e+00,8.333333333333332593e-01,5.159675111729470354e-01,5.000000134295657928e-01,5.072912573814392090e-01
2.911646586345381316e+00,8.333333333333332593e-01,5.155933979700274561e-01,5.000000119011160926e-01,5.073309540748596191e-01
2.931726907630522128e+00,8.333333333333332593e-01,5.152280501200081630e-01,5.000000105466230194e-01,5.073699355125427246e-01
2.951807228915662495e+00,8.333333333333332593e-01,5.148712622547332307e-01,5.000000093462880768e-01,5.074090361595153809e-01
2.971887550200803307e+00,8.333333333333332593e-01,5.145228338177184613e-01,5.000000082825658554e-01,5.074474215507507324e-01
2.991967871485943675e+00,8.333333333333332593e-01,5.141825689514264441e-01,5.000000073399084588e-01,5.074858069419860840e-01
3.012048192771084487e+00,8.333333333333332593e-01,5.138502763871820589e-01,5.000000065045371311e-01,5.075237154960632324e-01
3.032128514056224855e+00,8.333333333333332593e-01,5.135257693376679144e-01,5.000000057642415285e-01,5.075613856315612793e-01
3.052208835341365223e+00,8.333333333333332593e-01,5.132088653919377741e-01,5.000000051082004182e-01,5.075982213020324707e-01
3.072289156626506035e+00,8.333333333333332593e-01,5.128993864128906788e-01,5.000000045268249149e-01,5.076355338096618652e-01
3.092369477911646403e+00,8.333333333333332593e-01,5.125971584371460388e-01,5.000000040116172606e-01,5.076722502708435059e-01
3.112449799196787215e+00,8.333333333333332593e-01,5.123020115772668470e-01,5.000000035550464794e-01,5.077089667320251465e-01
3.132530120481927582e+00,8.333333333333332593e-01,5.120137799262743927e-01,5.000000031504394649e-01,5.077449679374694824e-01
3.152610441767068394e+00,8.333333333333332593e-01,5.117323014643995194e-01,5.000000027918816148e-01,5.077804923057556152e-01
3.172690763052208762e+00,8.333333333333332593e-01,5.114574179680217991e-01,5.000000024741318994e-01,5.078157782554626465e-01
3.192771084337349574e+00,8.333333333333332593e-01,5.111889749207423339e-01,5.000000021925460336e-01,5.078509449958801270e-01
3.212851405622489942e+00,8.333333333333332593e-01,5.109268214265437758e-01,5.000000019430079767e-01,5.078857541084289551e-01
3.232931726907630310e+00,8.333333333333332593e-01,5.106708101249852749e-01,5.000000017218707571e-01,5.079202055931091309e-01
3.253012048192771122e+00,8.333333333333332593e-01,5.104207971083889461e-01,5.000000015259015163e-01,5.079541802406311035e-01
3.273092369477911490e+00,8.333333333333332593e-01,5.101766418409678927e-01,5.000000013522362119e-01,5.079880356788635254e-01
3.293172690763052302e+00,8.333333333333332593e-01,5.099382070798549327e-01,5.000000011983364301e-01,5.080215334892272949e-01
3.313253012048192669e+00,8.333333333333332593e-01,5.097053587979851752e-01,5.000000010619527480e-01,5.080550312995910645e-01
3.333333333333333481e+00,8.333333333333332593e-01,5.094779661087904810e-01,5.000000009410910939e-01,5.080878138542175293e-01
3.353413654618473849e+00,8.333333333333332593e-01,5.092559011926652834e-01,5.000000008339847701e-01,5.081204771995544434e-01
3.373493975903614661e+00,8.333333333333332593e-01,5.090390392251615825e-01,5.000000007390684731e-01,5.081525444984436035e-01
3.393574297188755029e+00,8.333333333333332593e-01,5.088272583068764732e-01,5.000000006549547571e-01,5.081844925880432129e-01
3.413654618473895397e+00,8.333333333333332593e-01,5.086204393949903535e-01,5.000000005804142722e-01,5.082165598869323730e-01
3.433734939759036209e+00,8.333333333333332593e-01,5.084184662364233942e-01,5.000000005143572235e-01,5.082475543022155762e-01
3.453815261044176577e+00,8.333333333333332593e-01,5.082212253025689686e-01,5.000000004558181610e-01,5.082787871360778809e-01
3.473895582329317389e+00,8.333333333333332593e-01,5.080286057255746224e-01,5.000000004039417689e-01,5.083094239234924316e-01
3.493975903614457756e+00,8.333333333333332593e-01,5.078404992361329473e-01,5.000000003579694319e-01,5.083398222923278809e-01
3.514056224899598568e+00,8.333333333333332593e-01,5.076568001027529364e-01,5.000000003172291319e-01,5.083701014518737793e-01
3.534136546184738936e+00,8.333333333333332593e-01,5.074774050724777386e-01,5.000000002811257893e-01,5.083996653556823730e-01
3.554216867469879304e+00,8.333333333333332593e-01,5.073022133130239419e-01,5.000000002491313822e-01,5.084293484687805176e-01
3.574297188755020116e+00,8.333333333333332593e-01,5.071311263563075267e-01,5.000000002207783956e-01,5.084587931632995605e-01
3.594377510040160484e+00,8.333333333333332593e-01,5.069640480433361684e-01,5.000000001956521611e-01,5.084877610206604004e-01
3.614457831325301296e+00,8.333333333333332593e-01,5.068008844704371407e-01,5.000000001733857502e-01,5.085166096687316895e-01
3.634538152610441664e+00,8.333333333333332593e-01,5.066415439368020524e-01,5.000000001536536454e-01,5.085449814796447754e-01
3.654618473895582476e+00,8.333333333333332593e-01,5.064859368933224415e-01,5.000000001361672997e-01,5.085728764533996582e-01
3.674698795180722843e+00,8.333333333333332593e-01,5.063339758927002388e-01,5.000000001206713618e-01,5.086010098457336426e-01
3.694779116465863211e+00,8.333333333333332593e-01,5.061855755408123381e-01,5.000000001069387912e-01,5.086283087730407715e-01
3.714859437751004023e+00,8.333333333333332593e-01,5.060406524493170632e-01,5.000000000947690815e-01,5.086559653282165527e-01
3.734939759036144391e+00,8.333333333333332593e-01,5.058991251894887631e-01,5.000000000839845971e-01,5.086829066276550293e-01
3.755020080321285203e+00,8.333333333333332593e-01,5.057609142472722086e-01,5.000000000744272421e-01,5.087098479270935059e-01
3.775100401606425571e+00,8.333333333333332593e-01,5.056259419795487986e-01,5.000000000659573507e-01,5.087363123893737793e-01
3.795180722891566383e+00,8.333333333333332593e-01,5.054941325716167944e-01,5.000000000584516879e-01,5.087624192237854004e-01
3.815261044176706751e+00,8.333333333333332593e-01,5.053654119958854718e-01,5.000000000518000087e-01,5.087887644767761230e-01
3.835341365461847563e+00,8.333333333333332593e-01,5.052397079717911854e-01,5.000000000459051686e-01,5.088146328926086426e-01
3.855421686746987930e+00,8.333333333333332593e-01,5.051169499269504426e-01,5.000000000406813472e-01,5.088397860527038574e-01
3.875502008032128298e+00,8.333333333333332593e-01,5.049970689595685291e-01,5.000000000360522723e-01,5.088648200035095215e-01
3.895582329317269110e+00,8.333333333333332593e-01,5.048799978021342172e-01,5.000000000319497762e-01,5.088902115821838379e-01
3.915662650602409478e+00,8.333333333333332593e-01,5.047656707864345282e-01,5.000000000283141288e-01,5.089147686958312988e-01
3.935742971887550290e+00,8.333333333333332593e-01,5.046540238099410658e-01,5.000000000250922616e-01,5.089393258094787598e-01
3.955823293172690658e+00,8.333333333333332593e-01,5.045449943036225404e-01,5.000000000222371010e-01,5.089635252952575684e-01
3.975903614457831470e+00,8.333333333333332593e-01,5.044385212012600928e-01,5.000000000197071248e-01,5.089876055717468262e-01
3.995983935742971838e+00,8.333333333333332593e-01,5.043345449103538991e-01,5.000000000174652515e-01,5.090115666389465332e-01
4.016064257028112650e+00,8.333333333333332593e-01,5.042330072847273081e-01,5.000000000154783963e-01,5.090351700782775879e-01
4.036144578313252573e+00,8.333333333333332593e-01,5.041338515989602920e-01,5.000000000137181377e-01,5.090585350990295410e-01
4.056224899598393385e+00,8.333333333333332593e-01,5.040370225248049785e-01,5.000000000121579413e-01,5.090817809104919434e-01
4.076305220883534197e+00,8.333333333333332593e-01,5.039424661097685609e-01,5.000000000107756026e-01,5.091044306755065918e-01
4.096385542168675009e+00,8.333333333333332593e-01,5.038501297580811888e-01,5.000000000095505825e-01,5.091270804405212402e-01
4.116465863453814933e+00,8.333333333333332593e-01,5.037599622143068556e-01,5.000000000084648955e-01,5.091496109962463379e-01
4.136546184738955745e+00,8.333333333333332593e-01,5.036719135499022615e-01,5.000000000075025541e-01,5.091722607612609863e-01
4.156626506024096557e+00,8.333333333333332593e-01,5.035859351530820316e-01,5.000000000066500139e-01,5.091943144798278809e-01
4.176706827309237369e+00,8.333333333333332593e-01,5.035019797224122851e-01,5.000000000058945071e-01,5.092157721519470215e-01
4.196787148594377292e+00,8.333333333333332593e-01,5.034200012646294908e-01,5.000000000052249316e-01,5.092374682426452637e-01
4.216867469879518104e+00,8.333333333333332593e-01,5.033399550972661451e-01,5.000000000046311843e-01,5.092589259147644043e-01
4.236947791164658916e+00,8.333333333333332593e-01,5.032617978567682782e-01,5.000000000041050496e-01,5.092801451683044434e-01
4.257028112449798840e+00,8.333333333333332593e-01,5.031854875129068150e-01,5.000000000036392001e-01,5.093008875846862793e-01
4.277108433734939652e+00,8.333333333333332593e-01,5.031109833904247042e-01,5.000000000032259750e-01,5.093218684196472168e-01
4.297188755020080464e+00,8.333333333333332593e-01,5.030382461990239307e-01,5.000000000028597125e-01,5.093423724174499512e-01
4.317269076305221276e+00,8.333333333333332593e-01,5.029672380729897085e-01,5.000000000025354163e-01,5.093629956245422363e-01
4.337349397590361200e+00,8.333333333333332593e-01,5.028979226219726373e-01,5.000000000022479796e-01,5.093830227851867676e-01
4.357429718875502012e+00,8.333333333333332593e-01,5.028302649947138381e-01,5.000000000019930724e-01,5.094032883644104004e-01
4.377510040160642824e+00,8.333333333333332593e-01,5.027642319578166097e-01,5.000000000017675861e-01,5.094234347343444824e-01
4.397590361445782747e+00,8.333333333333332593e-01,5.026997919920278557e-01,5.000000000015674129e-01,5.094427466392517090e-01
4.417670682730923559e+00,8.333333333333332593e-01,5.026369154089392888e-01,5.000000000013903323e-01,5.094621777534484863e-01
4.437751004016064371e+00,8.333333333333332593e-01,5.025755744915296752e-01,5.000000000012331247e-01,5.094817280769348145e-01
4.457831325301205183e+00,8.333333333333332593e-01,5.025157436625888874e-01,5.000000000010942358e-01,5.095005631446838379e-01
4.477911646586345107e+00,8.333333333333332593e-01,5.024573996858009428e-01,5.000000000009711121e-01,5.095195174217224121e-01
4.497991967871485919e+00,8.333333333333332593e-01,5.024005219051348448e-01,5.000000000008620882e-01,5.095388293266296387e-01
4.518072289156626731e+00,8.333333333333332593e-01,5.023450925292536340e-01,5.000000000007652767e-01,5.095573067665100098e-01
4.538152610441766655e+00,8.333333333333332593e-01,5.022910969689117211e-01,5.000000000006793455e-01,5.095760226249694824e-01
4.558232931726907466e+00,8.333333333333332593e-01,5.022385242368477831e-01,5.000000000006032952e-01,5.095940232276916504e-01
4.578313253012048278e+00,8.333333333333332593e-01,5.021873674215295846e-01,5.000000000005360157e-01,5.096126198768615723e-01
4.598393574297189090e+00,8.333333333333332593e-01,5.021376242483772678e-01,5.000000000004766187e-01,5.096303820610046387e-01
4.618473895582329014e+00,8.333333333333332593e-01,5.020892977448426775e-01,5.000000000004238832e-01,5.096482634544372559e-01
4.638554216867469826e+00,8.333333333333332593e-01,5.020423970291321147e-01,5.000000000003769207e-01,5.096661448478698730e-01
4.658634538152610638e+00,8.333333333333332593e-01,5.019969382465364616e-01,5.000000000003353984e-01,5.096835494041442871e-01
4.678714859437750562e+00,8.333333333333332593e-01,5.019529456825353453e-01,5.000000000002986500e-01,5.097011923789978027e-01
4.698795180722891374e+00,8.333333333333332593e-01,5.019104530883008453e-01,5.000000000002660094e-01,5.097182393074035645e-01
4.718875502008032186e+00,8.333333333333332593e-01,5.018695052623137753e-01,5.000000000002371436e-01,5.097355246543884277e-01
4.738955823293172998e+00,8.333333333333332593e-01,5.018301599419506820e-01,5.000000000002114975e-01,5.097525715827941895e-01
4.759036144578312921e+00,8.333333333333332593e-01,5.017924900716871361e-01,5.000000000001890710e-01,5.097696185111999512e-01
4.779116465863453733e+00,8.333333333333332593e-01,5.017565865307205275e-01,5.000000000001693090e-01,5.097861886024475098e-01
4.799196787148594545e+00,8.333333333333332593e-01,5.017225614232992958e-01,5.000000000001519895e-01,5.098027586936950684e-01
4.819277108433734469e+00,8.333333333333332593e-01,5.016905520610265290e-01,5.000000000001366685e-01,5.098192095756530762e-01
4.839357429718875281e+00,8.333333333333332593e-01,5.016607257994233349e-01,5.000000000001236788e-01,5.098354220390319824e-01
4.859437751004016093e+00,8.333333333333332593e-01,5.016332859328571647e-01,5.000000000001122435e-01,5.098516345024108887e-01
4.879518072289156905e+00,8.333333333333332593e-01,5.016084789047631221e-01,5.000000000001024736e-01,5.098677277565002441e-01
4.899598393574296828e+00,8.333333333333332593e-01,5.015866031561420080e-01,5.000000000000941469e-01,5.098838210105895996e-01
4.919678714859437640e+00,8.333333333333332593e-01,5.015680200166194869e-01,5.000000000000873746e-01,5.098994374275207520e-01
4.939759036144578452e+00,8.333333333333332593e-01,5.015531671394801716e-01,5.000000000000822675e-01,5.099154114723205566e-01
4.959839357429719264e+00,8.333333333333332593e-01,5.015425750920154968e-01,5.000000000000784928e-01,5.099312663078308105e-01
4.979919678714859188e+00,8.333333333333332593e-01,5.015368878241066586e-01,5.000000000000763833e-01,5.099465250968933105e-01
5.000000000000000000e+00,8.333333333333332593e-01,5.015368878241066586e-01,5.000000000000763833e-01,5.099619030952453613e-01
0.000000000000000000e+00,8.750000000000000000e-01,9.770226300899743643e-01,9.770226300899743643e-01,9.858749508857727051e-01
2.008032128514056214e-02,8.750000000000000000e-01,9.683558348188493481e-01,9.298749952829750143e-01,9.340355992317199707e-01
4.016064257028112428e-02,8.750000000000000000e-01,9.595371599967730258e-01,8.853729435241707302e-01,8.873097300529479980e-01
6.024096385542168641e-02,8.750000000000000000e-01,9.506358372049237282e-01,8.443109906549128851e-01,8.453482389450073242e-01
8.032128514056224855e-02,8.750000000000000000e-01,9.417046231942601819e-01,8.069125979693383410e-01,8.077486157417297363e-01
1.004016064257028107e-01,8.750000000000000000e-01,9.327831090089789834e-01,7.731300027364927940e-01,7.741011977195739746e-01
1.204819277108433728e-01,8.750000000000000000e-01,9.239011092877039699e-01,7.427822802419462578e-01,7.440155148506164551e-01
1.405622489959839350e-01,8.750000000000000000e-01,9.150813639990954540e-01,7.156251794565064994e-01,7.171348333358764648e-01
1.606425702811244971e-01,8.750000000000000000e-01,9.063414979404014193e-01,6.913895680377108999e-01,6.931336522102355957e-01
1.807228915662650592e-01,8.750000000000000000e-01,8.976953845363807583e-01,6.698033529238262007e-01,6.717191338539123535e-01
2.008032128514056214e-01,8.750000000000000000e-01,8.891540814294408568e-01,6.506038567316135834e-01,6.526255607604980469e-01
2.208835341365461835e-01,8.750000000000000000e-01,8.807264739746295534e-01,6.335444399116580971e-01,6.356123089790344238e-01
2.409638554216867457e-01,8.750000000000000000e-01,8.724197245208195062e-01,6.183976168659818251e-01,6.204622983932495117e-01
2.610441767068273355e-01,8.750000000000000000e-01,8.642395938043190284e-01,6.049560550748426246e-01,6.069790124893188477e-01
2.811244979919678699e-01,8.750000000000000000e-01,8.561906779828379888e-01,5.930323275419517870e-01,5.949853062629699707e-01
3.012048192771084043e-01,8.750000000000000000e-01,8.482765893929965495e-01,5.824579641445274403e-01,5.843215584754943848e-01
3.212851405622489942e-01,8.750000000000000000e-01,8.405000990171712649e-01,5.730821414425545379e-01,5.748456120491027832e-01
3.413654618473895841e-01,8.750000000000000000e-01,8.328632521788447152e-01,5.647702193806394266e-01,5.664284229278564453e-01
3.614457831325301185e-01,8.750000000000000000e-01,8.253674648924752555e-01,5.574022500393690516e-01,5.589549541473388672e-01
3.815261044176706529e-01,8.750000000000000000e-01,8.180136057179480114e-01,5.508715309772282964e-01,5.523239374160766602e-01
4.016064257028112428e-01,8.750000000000000000e-01,8.108020663504029724e-01,5.450832427295114746e-01,5.464424490928649902e-01
4.216867469879518326e-01,8.750000000000000000e-01,8.037328231554771163e-01,5.399531896099960537e-01,5.412281155586242676e-01
4.417670682730923670e-01,8.750000000000000000e-01,7.968054912120032807e-01,5.354066505359107442e-01,5.366079211235046387e-01
4.618473895582329014e-01,8.750000000000000000e-01,7.900193720080327386e-01,5.313773392384470995e-01,5.325165390968322754e-01
4.819277108433734913e-01,8.750000000000000000e-01,7.833734956641376090e-01,5.278064690519171931e-01,5.288955569267272949e-01
5.020080321285140812e-01,8.750000000000000000e-01,7.768666583760406308e-01,5.246419152934600483e-01,5.256932377815246582e-01
5.220883534136546711e-01,8.750000000000000000e-01,7.704974556431972710e-01,5.218374672859673602e-01,5.228629708290100098e-01
5.421686746987951500e-01,8.750000000000000000e-01,7.642643117602575531e-01,5.193521618531679040e-01,5.203632712364196777e-01
5.622489959839357399e-01,8.750000000000000000e-01,7.581655059815434194e-01,5.171496903203435247e-01,5.181571841239929199e-01
5.823293172690763297e-01,8.750000000000000000e-01,7.521991957168414622e-01,5.151978714944388527e-01,5.162121653556823730e-01
6.024096385542168086e-01,8.750000000000000000e-01,7.463634370749976377e-01,5.134681836540513356e-01,5.144984126091003418e-01
6.224899598393573985e-01,8.750000000000000000e-01,7.406562030369284733e-01,5.119353491802293155e-01,5.129907727241516113e-01
6.425702811244979884e-01,8.750000000000000000e-01,7.350753995098066040e-01,5.105769660599650539e-01,5.116654038429260254e-01
6.626506024096385783e-01,8.750000000000000000e-01,7.296188794880975603e-01,5.093731810710774299e-01,5.105015635490417480e-01
6.827309236947791682e-01,8.750000000000000000e-01,7.242844555240388615e-01,5.083063999968054913e-01,5.094812512397766113e-01
7.028112449799196471e-01,8.750000000000000000e-01,7.190699106895127590e-01,5.073610307149259979e-01,5.085882544517517090e-01
7.228915662650602370e-01,8.750000000000000000e-01,7.139730081927225802e-01,5.065232554579602864e-01,5.078080296516418457e-01
7.429718875502008268e-01,8.750000000000000000e-01,7.089914997963679966e-01,5.057808289489220677e-01,5.071269869804382324e-01
7.630522088353413057e-01,8.750000000000000000e-01,7.041231331689123962e-01,5.051228994833900643e-01,5.065343976020812988e-01
7.831325301204818956e-01,8.750000000000000000e-01,6.993656582869104410e-01,5.045398503564501036e-01,5.060196518898010254e-01
8.032128514056224855e-01,8.750000000000000000e-01,6.947168329940519582e-01,5.040231593255083409e-01,5.055742859840393066e-01
8.232931726907630754e-01,8.750000000000000000e-01,6.901744278114627651e-01,5.035652740604552591e-01,5.051903128623962402e-01
8.433734939759036653e-01,8.750000000000000000e-01,6.857362300838065750e-01,5.031595017643060164e-01,5.048595070838928223e-01
8.634538152610441442e-01,8.750000000000000000e-01,6.814000475367050225e-01,5.027999113532729547e-01,5.045766234397888184e-01
8.835341365461847341e-01,8.750000000000000000e-01,6.771637113128947671e-01,5.024812467679568018e-01,5.043359398841857910e-01
9.036144578313253239e-01,8.750000000000000000e-01,6.730250785472551289e-01,5.021988501495161517e-01,5.041322112083435059e-01
9.236947791164658028e-01,8.750000000000000000e-01,6.689820345343119312e-01,5.019485937585146385e-01,5.039613842964172363e-01
9.437751004016063927e-01,8.750000000000000000e-01,6.650324945359624706e-01,5.017268196417168369e-01,5.038184523582458496e-01
9.638554216867469826e-01,8.750000000000000000e-01,6.611744052719248366e-01,5.015302861652074506e-01,5.037012696266174316e-01
9.839357429718875725e-01,8.750000000000000000e-01,6.574057461307264427e-01,5.013561206324876895e-01,5.036068558692932129e-01
1.004016064257028162e+00,8.750000000000000000e-01,6.537245301348532101e-01,5.012017772950765337e-01,5.035318732261657715e-01
1.024096385542168752e+00,8.750000000000000000e-01,6.501288046899329487e-01,5.010650001419367783e-01,5.034739375114440918e-01
1.044176706827309342e+00,8.750000000000000000e-01,6.466166521444907112e-01,5.009437899238665670e-01,5.034309029579162598e-01
1.064257028112449710e+00,8.750000000000000000e-01,6.431861901838267226e-01,5.008363749308866186e-01,5.034011006355285645e-01
1.084337349397590300e+00,8.750000000000000000e-01,6.398355720789161705e-01,5.007411850955003629e-01,5.033831000328063965e-01
1.104417670682730890e+00,8.750000000000000000e-01,6.365629868088571452e-01,5.006568290433059953e-01,5.033742785453796387e-01
1.124497991967871480e+00,8.750000000000000000e-01,6.333666590732910384e-01,5.005820737555257693e-01,5.033751130104064941e-01
1.144578313253012070e+00,8.750000000000000000e-01,6.302448492093408738e-01,5.005158265461842060e-01,5.033835768699645996e-01
1.164658634538152659e+00,8.750000000000000000e-01,6.271958530259412745e-01,5.004571190905021671e-01,5.033985972404479980e-01
1.184738955823293249e+00,8.750000000000000000e-01,6.242180015669563931e-01,5.004050932710571997e-01,5.034191012382507324e-01
1.204819277108433617e+00,8.750000000000000000e-01,6.213096608131568610e-01,5.003589886348217552e-01,5.034448504447937012e-01
1.224899598393574207e+00,8.750000000000000000e-01,6.184692313319568591e-01,5.003181312777470469e-01,5.034751296043395996e-01
1.244979919678714797e+00,8.750000000000000000e-01,6.156951478827716873e-01,5.002819239944166219e-01,5.035091042518615723e-01
1.265060240963855387e+00,8.750000000000000000e-01,6.129858789849274014e-01,5.002498375487934856e-01,5.035461783409118652e-01
1.285140562248995977e+00,8.750000000000000000e-01,6.103399264542398450e-01,5.002214029384610683e-01,5.035855174064636230e-01
1.305220883534136567e+00,8.750000000000000000e-01,6.077558249136454371e-01,5.001962045392920331e-01,5.036274790763854980e-01
1.325301204819277157e+00,8.750000000000000000e-01,6.052321412826207059e-01,5.001738740303369735e-01,5.036719441413879395e-01
1.345381526104417746e+00,8.750000000000000000e-01,6.027674742495594540e-01,5.001540850101361402e-01,5.037177205085754395e-01
1.365461847389558336e+00,8.750000000000000000e-01,6.003604537307596356e-01,5.001365482257619233e-01,5.037650465965270996e-01
1.385542168674698704e+00,8.750000000000000000e-01,5.980097403192274896e-01,5.001210073448562055e-01,5.038136839866638184e-01
1.405622489959839294e+00,8.750000000000000000e-01,5.957140247261063504e-01,5.001072352088609119e-01,5.038623213768005371e-01
1.425702811244979884e+00,8.750000000000000000e-01,5.934720272171799538e-01,5.000950305126775630e-01,5.039126276969909668e-01
1.445783132530120474e+00,8.750000000000000000e-01,5.912824970465915264e-01,5.000842148622238748e-01,5.039637684822082520e-01
1.465863453815261064e+00,8.750000000000000000e-01,5.891442118896420554e-01,5.000746301668754779e-01,5.040152668952941895e-01
1.485943775100401654e+00,8.750000000000000000e-01,5.870559772762797834e-01,5.000661363286812433e-01,5.040668845176696777e-01
1.506024096385542244e+00,8.750000000000000000e-01,5.850166260266853602e-01,5.000586091945731226e-01,5.041189789772033691e-01
1.526104417670682611e+00,8.750000000000000000e-01,5.830250176901587977e-01,5.000519387416419992e-01,5.041708350181579590e-01
1.546184738955823201e+00,8.750000000000000000e-01,5.810800379883448441e-01,5.000460274689493279e-01,5.042237639427185059e-01
1.566265060240963791e+00,8.750000000000000000e-01,5.791805982636888395e-01,5.000407889723724741e-01,5.042757391929626465e-01
1.586345381526104381e+00,8.750000000000000000e-01,5.773256349338763416e-01,5.000361466816486411e-01,5.043283104896545410e-01
1.606425702811244971e+00,8.750000000000000000e-01,5.755141089528987841e-01,5.000320327411604815e-01,5.043810009956359863e-01
1.626506024096385561e+00,8.750000000000000000e-01,5.737450052792814059e-01,5.000283870181012613e-01,5.044335722923278809e-01
1.646586345381526151e+00,8.750000000000000000e-01,5.720173323519206487e-01,5.000251562235230596e-01,5.044860243797302246e-01
1.666666666666666741e+00,8.750000000000000000e-01,5.703301215738979524e-01,5.000222931334208365e-01,5.045383572578430176e-01
1.686746987951807331e+00,8.750000000000000000e-01,5.686824268045674868e-01,5.000197558984664781e-01,5.045906901359558105e-01
1.706827309236947698e+00,8.750000000000000000e-01,5.670733238601540771e-01,5.000175074323043312e-01,5.046426653861999512e-01
1.726907630522088288e+00,8.750000000000000000e-01,5.655019100230431750e-01,5.000155148694661600e-01,5.046947598457336426e-01
1.746987951807228878e+00,8.750000000000000000e-01,5.639673035598969930e-01,5.000137490849814181e-01,5.047461390495300293e-01
1.767068273092369468e+00,8.750000000000000000e-01,5.624686432486915022e-01,5.000121842686616747e-01,5.047977566719055176e-01
1.787148594377510058e+00,8.750000000000000000e-01,5.610050879147313596e-01,5.000107975478385036e-01,5.048493742942810059e-01
1.807228915662650648e+00,8.750000000000000000e-01,5.595758159756696326e-01,5.000095686530366956e-01,5.049003958702087402e-01
1.827309236947791238e+00,8.750000000000000000e-01,5.581800249955297666e-01,5.000084796216983651e-01,5.049515366554260254e-01
1.847389558232931606e+00,8.750000000000000000e-01,5.568169312477084798e-01,5.000075145356270845e-01,5.050026774406433105e-01
1.867469879518072196e+00,8.750000000000000000e-01,5.554857692869105135e-01,5.000066592883150030e-01,5.050534605979919434e-01
1.887550200803212785e+00,8.750000000000000000e-01,5.541857915299561732e-01,5.000059013787495621e-01,5.051036477088928223e-01
1.907630522088353375e+00,8.750000000000000000e-01,5.529162678453821700e-01,5.000052297286887715e-01,5.051539540290832520e-01
1.927710843373493965e+00,8.750000000000000000e-01,5.516764851517460544e-01,5.000046345207309617e-01,5.052041411399841309e-01
1.947791164658634555e+00,8.750000000000000000e-01,5.504657470245335471e-01,5.000041070548179034e-01,5.052539706230163574e-01
1.967871485943775145e+00,8.750000000000000000e-01,5.492833733115561889e-01,5.000036396210646439e-01,5.053036808967590332e-01
1.987951807228915735e+00,8.750000000000000000e-01,5.481286997567237362e-01,5.000032253870674293e-01,5.053530335426330566e-01
2.008032128514056325e+00,8.750000000000000000e-01,5.470010776320664014e-01,5.000028582980344805e-01,5.054027438163757324e-01
2.028112449799196693e+00,8.750000000000000000e-01,5.458998733778737122e-01,5.000025329882843428e-01,5.054517388343811035e-01
2.048192771084337505e+00,8.750000000000000000e-01,5.448244682508229797e-01,5.000022447028168449e-01,5.055004954338073730e-01
2.068273092369477872e+00,8.750000000000000000e-01,5.437742579799538234e-01,5.000019892278095845e-01,5.055492520332336426e-01
2.088353413654618684e+00,8.750000000000000000e-01,5.427486524303534177e-01,5.000017628290249760e-01,5.055975317955017090e-01
2.108433734939759052e+00,8.750000000000000000e-01,5.417470752744092399e-01,5.000015621972290214e-01,5.056461691856384277e-01
2.128514056224899420e+00,8.750000000000000000e-01,5.407689636704895442e-01,5.000013843998186713e-01,5.056943297386169434e-01
2.148594377510040232e+00,8.750000000000000000e-01,5.398137679489043439e-01,5.000012268379580016e-01,5.057416558265686035e-01
2.168674698795180600e+00,8.750000000000000000e-01,5.388809513050089040e-01,5.000010872085903779e-01,5.057899355888366699e-01
2.188755020080321412e+00,8.750000000000000000e-01,5.379699894993034137e-01,5.000009634707758277e-01,5.058371424674987793e-01
2.208835341365461780e+00,8.750000000000000000e-01,5.370803705643881765e-01,5.000008538158587923e-01,5.058845877647399902e-01
2.228915662650602592e+00,8.750000000000000000e-01,5.362115945186320953e-01,5.000007566410302751e-01,5.059314370155334473e-01
2.248995983935742959e+00,8.750000000000000000e-01,5.353631730864154559e-01,5.000006705259020245e-01,5.059781670570373535e-01
2.269076305220883327e+00,8.750000000000000000e-01,5.345346294248063401e-01,5.000005942117428104e-01,5.060247778892517090e-01
2.289156626506024139e+00,8.750000000000000000e-01,5.337254978565371122e-01,5.000005265830810286e-01,5.060713887214660645e-01
2.309236947791164507e+00,8.750000000000000000e-01,5.329353236091395329e-01,5.000004666513994112e-01,5.061172842979431152e-01
2.329317269076305319e+00,8.750000000000000000e-01,5.321636625601097181e-01,5.000004135406859174e-01,5.061630606651306152e-01
2.349397590361445687e+00,8.750000000000000000e-01,5.314100809879708232e-01,5.000003664746301979e-01,5.062090754508972168e-01
2.369477911646586499e+00,8.750000000000000000e-01,5.306741553290993396e-01,5.000003247652752281e-01,5.062544941902160645e-01
2.389558232931726867e+00,8.750000000000000000e-01,5.299554719401928793e-01,5.000002878029619069e-01,5.063000321388244629e-01
2.409638554216867234e+00,8.750000000000000000e-01,5.292536268662499932e-01,5.000002550474180740e-01,5.063447356224060059e-01
2.429718875502008046e+00,8.750000000000000000e-01,5.285682256139403457e-01,5.000002260198611603e-01,5.063893198966979980e-01
2.449799196787148414e+00,8.750000000000000000e-01,5.278988829302442287e-01,5.000002002959998970e-01,5.064341425895690918e-01
2.469879518072289226e+00,8.750000000000000000e-01,5.272452225862414021e-01,5.000001774998330539e-01,5.064784884452819824e-01
2.489959839357429594e+00,8.750000000000000000e-01,5.266068771659341285e-01,5.000001572981525033e-01,5.065221190452575684e-01
2.510040160642570406e+00,8.750000000000000000e-01,5.259834878599894958e-01,5.000001393956737816e-01,5.065661072731018066e-01
2.530120481927710774e+00,8.750000000000000000e-01,5.253747042642883391e-01,5.000001235307190983e-01,5.066094994544982910e-01
2.550200803212851586e+00,8.750000000000000000e-01,5.247801841831719605e-01,5.000001094713931726e-01,5.066527724266052246e-01
2.570281124497991954e+00,8.750000000000000000e-01,5.241995934372791766e-01,5.000000970121930566e-01,5.066956877708435059e-01
2.590361445783132321e+00,8.750000000000000000e-01,5.236326056758666692e-01,5.000000859710040935e-01,5.067384839057922363e-01
2.610441767068273133e+00,8.750000000000000000e-01,5.230789021935126071e-01,5.000000761864393795e-01,5.067810416221618652e-01
2.630522088353413501e+00,8.750000000000000000e-01,5.225381717510995117e-01,5.000000675154792074e-01,5.068232417106628418e-01
2.650602409638554313e+00,8.750000000000000000e-01,5.220101104009799986e-01,5.000000598313819600e-01,5.068648457527160645e-01
2.670682730923694681e+00,8.750000000000000000e-01,5.214944213162268083e-01,5.000000530218300376e-01,5.069064497947692871e-01
2.690763052208835493e+00,8.750000000000000000e-01,5.209908146238753091e-01,5.000000469872897257e-01,5.069479346275329590e-01
2.710843373493975861e+00,8.750000000000000000e-01,5.204990072420629943e-01,5.000000416395548042e-01,5.069888234138488770e-01
2.730923694779116673e+00,8.750000000000000000e-01,5.200187227209779328e-01,5.000000369004585776e-01,5.070294737815856934e-01
2.751004016064257041e+00,8.750000000000000000e-01,5.195496910875269103e-01,5.000000327007306788e-01,5.070701241493225098e-01
2.771084337349397408e+00,8.750000000000000000e-01,5.190916486936365537e-01,5.000000289789834351e-01,5.071101784706115723e-01
2.791164658634538220e+00,8.750000000000000000e-01,5.186443380681041715e-01,5.000000256808173615e-01,5.071501135826110840e-01
2.811244979919678588e+00,8.750000000000000000e-01,5.182075077719139333e-01,5.000000227580233547e-01,5.071899294853210449e-01
2.831325301204819400e+00,8.750000000000000000e-01,5.177809122569405620e-01,5.000000201678795886e-01,5.072293877601623535e-01
2.851405622489959768e+00,8.750000000000000000e-01,5.173643117279581594e-01,5.000000178725259037e-01,5.072681307792663574e-01
2.871485943775100580e+00,8.750000000000000000e-01,5.169574720078801144e-01,5.000000158384121374e-01,5.073071122169494629e-01
2.891566265060240948e+00,8.750000000000000000e-01,5.165601644061537101e-01,5.000000140358057399e-01,5.073451399803161621e-01
2.911646586345381316e+00,8.750000000000000000e-01,5.161721655902343775e-01,5.000000124383585653e-01,5.073835253715515137e-01
2.931726907630522128e+00,8.750000000000000000e-01,5.157932574600714304e-01,5.000000110227209582e-01,5.074211955070495605e-01
2.951807228915662495e+00,8.750000000000000000e-01,5.154232270255314496e-01,5.000000097682002487e-01,5.074586272239685059e-01
2.971887550200803307e+00,8.750000000000000000e-01,5.150618662866922604e-01,5.000000086564591051e-01,5.074962973594665527e-01
2.991967871485943675e+00,8.750000000000000000e-01,5.147089721169409993e-01,5.000000076712479702e-01,5.075332522392272949e-01
3.012048192771084487e+00,8.750000000000000000e-01,5.143643461488099922e-01,5.000000067981662522e-01,5.075694918632507324e-01
3.032128514056224855e+00,8.750000000000000000e-01,5.140277946624862704e-01,5.000000060244519373e-01,5.076058506965637207e-01
3.052208835341365223e+00,8.750000000000000000e-01,5.136991284769338861e-01,5.000000053387958499e-01,5.076418519020080566e-01
3.072289156626506035e+00,8.750000000000000000e-01,5.133781628435669653e-01,5.000000047311758955e-01,5.076776146888732910e-01
3.092369477911646403e+00,8.750000000000000000e-01,5.130647173424129903e-01,5.000000041927106231e-01,5.077131390571594238e-01
3.112449799196787215e+00,8.750000000000000000e-01,5.127586157807108025e-01,5.000000037155294397e-01,5.077483057975769043e-01
3.132530120481927582e+00,8.750000000000000000e-01,5.124596860938838150e-01,5.000000032926571469e-01,5.077829957008361816e-01
3.152610441767068394e+00,8.750000000000000000e-01,5.121677602488359238e-01,5.000000029179131333e-01,5.078175663948059082e-01
3.172690763052208762e+00,8.750000000000000000e-01,5.118826741495128285e-01,5.000000025858196695e-01,5.078517794609069824e-01
3.192771084337349574e+00,8.750000000000000000e-01,5.116042675446789145e-01,5.000000022915224163e-01,5.078851580619812012e-01
3.212851405622489942e+00,8.750000000000000000e-01,5.113323839378570712e-01,5.000000020307198145e-01,5.079190135002136230e-01
3.232931726907630310e+00,8.750000000000000000e-01,5.110668704993800437e-01,5.000000017995996915e-01,5.079522728919982910e-01
3.253012048192771122e+00,8.750000000000000000e-01,5.108075779805073546e-01,5.000000015947841936e-01,5.079855322837829590e-01
3.273092369477911490e+00,8.750000000000000000e-01,5.105543606295567249e-01,5.000000014132793824e-01,5.080179572105407715e-01
3.293172690763052302e+00,8.750000000000000000e-01,5.103070761100058084e-01,5.000000012524320470e-01,5.080502629280090332e-01
3.313253012048192669e+00,8.750000000000000000e-01,5.100655854205176087e-01,5.000000011098917341e-01,5.080823302268981934e-01
3.333333333333333481e+00,8.750000000000000000e-01,5.098297528168468373e-01,5.000000009835741110e-01,5.081142783164978027e-01
3.353413654618473849e+00,8.750000000000000000e-01,5.095994457355825791e-01,5.000000008716327660e-01,5.081456303596496582e-01
3.373493975903614661e+00,8.750000000000000000e-01,5.093745347196865225e-01,5.000000007724317852e-01,5.081772208213806152e-01
3.393574297188755029e+00,8.750000000000000000e-01,5.091548933457864523e-01,5.000000006845207734e-01,5.082074999809265137e-01
3.413654618473895397e+00,8.750000000000000000e-01,5.089403981531841481e-01,5.000000006066153135e-01,5.082384943962097168e-01
3.433734939759036209e+00,8.750000000000000000e-01,5.087309285745413856e-01,5.000000005375764278e-01,5.082687735557556152e-01
3.453815261044176577e+00,8.750000000000000000e-01,5.085263668682067362e-01,5.000000004763949235e-01,5.082988142967224121e-01
3.473895582329317389e+00,8.750000000000000000e-01,5.083265980521449734e-01,5.000000004221766270e-01,5.083286166191101074e-01
3.493975903614457756e+00,8.750000000000000000e-01,5.081315098394385554e-01,5.000000003741289500e-01,5.083579421043395996e-01
3.514056224899598568e+00,8.750000000000000000e-01,5.079409925753257671e-01,5.000000003315496766e-01,5.083870291709899902e-01
3.534136546184738936e+00,8.750000000000000000e-01,5.077549391757432140e-01,5.000000002938164156e-01,5.084162354469299316e-01
3.554216867469879304e+00,8.750000000000000000e-01,5.075732450673451357e-01,5.000000002603778304e-01,5.084444880485534668e-01
3.574297188755020116e+00,8.750000000000000000e-01,5.073958081289674515e-01,5.000000002307448677e-01,5.084735751152038574e-01
3.594377510040160484e+00,8.750000000000000000e-01,5.072225286345133366e-01,5.000000002044844294e-01,5.085011124610900879e-01
3.614457831325301296e+00,8.750000000000000000e-01,5.070533091972306838e-01,5.000000001812127115e-01,5.085291266441345215e-01
3.634538152610441664e+00,8.750000000000000000e-01,5.068880547153621352e-01,5.000000001605899858e-01,5.085563063621520996e-01
3.654618473895582476e+00,8.750000000000000000e-01,5.067266723191435895e-01,5.000000001423143825e-01,5.085833668708801270e-01
3.674698795180722843e+00,8.750000000000000000e-01,5.065690713191338679e-01,5.000000001261187821e-01,5.086106657981872559e-01
3.694779116465863211e+00,8.750000000000000000e-01,5.064151631558588829e-01,5.000000001117663739e-01,5.086373686790466309e-01
3.714859437751004023e+00,8.750000000000000000e-01,5.062648613507545470e-01,5.000000000990473259e-01,5.086638331413269043e-01
3.734939759036144391e+00,8.750000000000000000e-01,5.061180814584030907e-01,5.000000000877758977e-01,5.086898207664489746e-01
3.755020080321285203e+00,8.750000000000000000e-01,5.059747410200495787e-01,5.000000000777872211e-01,5.087158083915710449e-01
3.775100401606425571e+00,8.750000000000000000e-01,5.058347595184010670e-01,5.000000000689351909e-01,5.087413191795349121e-01
3.795180722891566383e+00,8.750000000000000000e-01,5.056980583337067348e-01,5.000000000610904660e-01,5.087670683860778809e-01
3.815261044176706751e+00,8.750000000000000000e-01,5.055645607011297615e-01,5.000000000541385825e-01,5.087921023368835449e-01
3.835341365461847563e+00,8.750000000000000000e-01,5.054341916694184977e-01,5.000000000479777329e-01,5.088174939155578613e-01
3.855421686746987930e+00,8.750000000000000000e-01,5.053068780609036859e-01,5.000000000425181002e-01,5.088415741920471191e-01
3.875502008032128298e+00,8.750000000000000000e-01,5.051825484328432703e-01,5.000000000376798592e-01,5.088662505149841309e-01
3.895582329317269110e+00,8.750000000000000000e-01,5.050611330401564292e-01,5.000000000333922889e-01,5.088904500007629395e-01
3.915662650602409478e+00,8.750000000000000000e-01,5.049425637995919036e-01,5.000000000295922176e-01,5.089144110679626465e-01
3.935742971887550290e+00,8.750000000000000000e-01,5.048267742553909088e-01,5.000000000262250222e-01,5.089381337165832520e-01
3.955823293172690658e+00,8.750000000000000000e-01,5.047136995465190124e-01,5.000000000232409647e-01,5.089616179466247559e-01
3.975903614457831470e+00,8.750000000000000000e-01,5.046032763755567974e-01,5.000000000205969686e-01,5.089849829673767090e-01
3.995983935742971838e+00,8.750000000000000000e-01,5.044954429793568895e-01,5.000000000182537319e-01,5.090078711509704590e-01
4.016064257028112650e+00,8.750000000000000000e-01,5.043901391016030189e-01,5.000000000161771707e-01,5.090307593345642090e-01
4.036144578313252573e+00,8.750000000000000000e-01,5.042873059674224390e-01,5.000000000143373091e-01,5.090534090995788574e-01
4.056224899598393385e+00,8.750000000000000000e-01,5.041868862602413293e-01,5.000000000127068356e-01,5.090758204460144043e-01
4.076305220883534197e+00,8.750000000000000000e-01,5.040888241011043380e-01,5.000000000112621024e-01,5.090982317924499512e-01
4.096385542168675009e+00,8.750000000000000000e-01,5.039930650307185012e-01,5.000000000099817932e-01,5.091198086738586426e-01
4.116465863453814933e+00,8.750000000000000000e-01,5.038995559945308456e-01,5.000000000088469232e-01,5.091419816017150879e-01
4.136546184738955745e+00,8.750000000000000000e-01,5.038082453312004994e-01,5.000000000078412832e-01,5.091633200645446777e-01
4.156626506024096557e+00,8.750000000000000000e-01,5.037190827648952984e-01,5.000000000069502182e-01,5.091845393180847168e-01
4.176706827309237369e+00,8.750000000000000000e-01,5.036320194019084928e-01,5.000000000061604055e-01,5.092055201530456543e-01
4.196787148594377292e+00,8.750000000000000000e-01,5.035470077321859694e-01,5.000000000054604099e-01,5.092266201972961426e-01
4.216867469879518104e+00,8.750000000000000000e-01,5.034640016364473336e-01,5.000000000048400173e-01,5.092474818229675293e-01
4.236947791164658916e+00,8.750000000000000000e-01,5.033829563997064271e-01,5.000000000042903459e-01,5.092672705650329590e-01
4.257028112449798840e+00,8.750000000000000000e-01,5.033038287321298654e-01,5.000000000038032910e-01,5.092881321907043457e-01
4.277108433734939652e+00,8.750000000000000000e-01,5.032265767983304938e-01,5.000000000033715253e-01,5.093082785606384277e-01
4.297188755020080464e+00,8.750000000000000000e-01,5.031511602563800700e-01,5.000000000029888314e-01,5.093286633491516113e-01
4.317269076305221276e+00,8.750000000000000000e-01,5.030775403080360864e-01,5.000000000026496583e-01,5.093479752540588379e-01
4.337349397590361200e+00,8.750000000000000000e-01,5.030056797619304465e-01,5.000000000023492319e-01,5.093675255775451660e-01
4.357429718875502012e+00,8.750000000000000000e-01,5.029355431117574771e-01,5.000000000020830004e-01,5.093869566917419434e-01
4.377510040160642824e+00,8.750000000000000000e-01,5.028670966318392610e-01,5.000000000018473001e-01,5.094060301780700684e-01
4.397590361445782747e+00,8.750000000000000000e-01,5.028003084928343025e-01,5.000000000016383561e-01,5.094253420829772949e-01
4.417670682730923559e+00,8.750000000000000000e-01,5.027351489008223817e-01,5.000000000014530599e-01,5.094446539878845215e-01
4.437751004016064371e+00,8.750000000000000000e-01,5.026715902635195965e-01,5.000000000012889689e-01,5.094624161720275879e-01
4.457831325301205183e+00,8.750000000000000000e-01,5.026096073880045312e-01,5.000000000011437518e-01,5.094814896583557129e-01
4.477911646586345107e+00,8.750000000000000000e-01,5.025491777150451478e-01,5.000000000010148549e-01,5.094998478889465332e-01
4.497991967871485919e+00,8.750000000000000000e-01,5.024902815959529923e-01,5.000000000009009460e-01,5.095180869102478027e-01
4.518072289156626731e+00,8.750000000000000000e-01,5.024329026188476544e-01,5.000000000007996936e-01,5.095360875129699707e-01
4.538152610441766655e+00,8.750000000000000000e-01,5.023770279923284177e-01,5.000000000007098766e-01,5.095540881156921387e-01
4.558232931726907466e+00,8.750000000000000000e-01,5.023226489958354524e-01,5.000000000006306067e-01,5.095720887184143066e-01
4.578313253012048278e+00,8.750000000000000000e-01,5.022697615074567246e-01,5.000000000005602185e-01,5.095897316932678223e-01
4.598393574297189090e+00,8.750000000000000000e-01,5.022183666216414322e-01,5.000000000004981571e-01,5.096070170402526855e-01
4.618473895582329014e+00,8.750000000000000000e-01,5.021684713712253334e-01,5.000000000004428680e-01,5.096240639686584473e-01
4.638554216867469826e+00,8.750000000000000000e-01,5.021200895703983313e-01,5.000000000003939071e-01,5.096415877342224121e-01
4.658634538152610638e+00,8.750000000000000000e-01,5.020732427977717682e-01,5.000000000003507195e-01,5.096583962440490723e-01
4.678714859437750562e+00,8.750000000000000000e-01,5.020279615415634833e-01,5.000000000003121947e-01,5.096750855445861816e-01
4.698795180722891374e+00,8.750000000000000000e-01,5.019842865321294534e-01,5.000000000002781109e-01,5.096920132637023926e-01
4.718875502008032186e+00,8.750000000000000000e-01,5.019422702906531919e-01,5.000000000002478018e-01,5.097085833549499512e-01
4.738955823293172998e+00,8.750000000000000000e-01,5.019019789267623599e-01,5.000000000002209344e-01,5.097250342369079590e-01
4.759036144578312921e+00,8.750000000000000000e-01,5.018634942221641415e-01,5.000000000001975087e-01,5.097413659095764160e-01
4.779116465863453733e+00,8.750000000000000000e-01,5.018269160420691932e-01,5.000000000001769696e-01,5.097575783729553223e-01
4.799196787148594545e+00,8.750000000000000000e-01,5.017923651211619873e-01,5.000000000001587619e-01,5.097737908363342285e-01
4.819277108433734469e+00,8.750000000000000000e-01,5.017599862761720209e-01,5.000000000001428857e-01,5.097892880439758301e-01
4.839357429718875281e+00,8.750000000000000000e-01,5.017299521027218656e-01,5.000000000001294520e-01,5.098052620887756348e-01
4.859437751004016093e+00,8.750000000000000000e-01,5.017024672202665680e-01,5.000000000001176836e-01,5.098208785057067871e-01
4.879518072289156905e+00,8.750000000000000000e-01,5.016777731360900772e-01,5.000000000001074696e-01,5.098362565040588379e-01
4.899598393574296828e+00,8.750000000000000000e-01,5.016561538085858585e-01,5.000000000000988098e-01,5.098521113395690918e-01
4.919678714859437640e+00,8.750000000000000000e-01,5.016379420035859127e-01,5.000000000000918154e-01,5.098672509193420410e-01
4.939759036144578452e+00,8.750000000000000000e-01,5.016235265588876446e-01,5.000000000000863754e-01,5.098826289176940918e-01
4.959839357429719264e+00,8.750000000000000000e-01,5.016133607061719069e-01,5.000000000000826006e-01,5.098972916603088379e-01
4.979919678714859188e+00,8.750000000000000000e-01,5.016079716490381424e-01,5.000000000000803801e-01,5.099124312400817871e-01
5.000000000000000000e+00,8.750000000000000000e-01,5.016079716490381424e-01,5.000000000000803801e-01,5.099273324012756348e-01
0.000000000000000000e+00,9.166666666666666297e-01,9.847328461196255267e-01,9.847328461196255267e-01,9.889658093452453613e-01
2.008032128514056214e-02,9.166666666666666297e-01,9.756409480640010345e-01,9.372301059427339265e-01,9.395406842231750488e-01
4.016064257028112428e-02,9.166666666666666297e-01,9.664824942218666060e-01,8.925424062009561510e-01,8.941688537597656250e-01
6.024096385542168641e-02,9.166666666666666297e-01,9.573319593232063607e-01,8.512601378715405342e-01,8.528258204460144043e-01
8.032128514056224855e-02,9.166666666666666297e-01,9.482265125557829410e-01,8.135362154436883708e-01,8.153504133224487305e-01
1.004016064257028107e-01,9.166666666666666297e-01,9.391862781068022192e-01,7.793362599720476958e-01,7.815063595771789551e-01
1.204819277108433728e-01,9.166666666666666297e-01,9.302237015477736737e-01,7.485154501588576759e-01,7.510292530059814453e-01
1.405622489959839350e-01,9.166666666666666297e-01,9.213477928013554807e-01,7.208635567539971589e-01,7.236474752426147461e-01
1.606425702811244971e-01,9.166666666666666297e-01,9.125659784702054855e-01,6.961367183211574217e-01,6.990962624549865723e-01
1.807228915662650592e-01,9.166666666666666297e-01,9.038848570333010146e-01,6.740793547947885322e-01,6.771203279495239258e-01
2.008032128514056214e-01,9.166666666666666297e-01,8.953104665802726903e-01,6.544384124513036305e-01,6.574783921241760254e-01
2.208835341365461835e-01,9.166666666666666297e-01,8.868483493948354779e-01,6.369720023376755913e-01,6.399456858634948730e-01
2.409638554216867457e-01,9.166666666666666297e-01,8.785035430808006973e-01,6.214541649648358534e-01,6.243127584457397461e-01
2.610441767068273355e-01,9.166666666666666297e-01,8.702805548574847894e-01,6.076770771057252718e-01,6.103860139846801758e-01
2.811244979919678699e-01,9.166666666666666297e-01,8.621833415769931674e-01,5.954516373857668965e-01,5.979899764060974121e-01
3.012048192771084043e-01,9.166666666666666297e-01,8.542153025497913887e-01,5.846070696031117064e-01,5.869641304016113281e-01
3.212851405622489942e-01,9.166666666666666297e-01,8.463792856179251922e-01,5.749899662419691859e-01,5.771638751029968262e-01
3.413654618473895841e-01,9.166666666666666297e-01,8.386776043827364191e-01,5.664630442991100967e-01,5.684577226638793945e-01
3.614457831325301185e-01,9.166666666666666297e-01,8.311120638210546252e-01,5.589037842115150978e-01,5.607283115386962891e-01
3.815261044176706529e-01,9.166666666666666297e-01,8.236839916386476945e-01,5.522030558379287246e-01,5.538691878318786621e-01
4.016064257028112428e-01,9.166666666666666297e-01,8.163942731117496132e-01,5.462637921327481161e-01,5.477864146232604980e-01
4.216867469879518326e-01,9.166666666666666297e-01,8.092433876314040209e-01,5.409997435357617457e-01,5.423957109451293945e-01
4.417670682730923670e-01,9.166666666666666297e-01,8.022314455970106506e-01,5.363343288050240742e-01,5.376204848289489746e-01
4.618473895582329014e-01,9.166666666666666297e-01,7.953582246720256599e-01,5.321995874235320168e-01,5.333929657936096191e-01
4.819277108433734913e-01,9.166666666666666297e-01,7.886232047108870935e-01,5.285352324164512838e-01,5.296534895896911621e-01
5.020080321285140812e-01,9.166666666666666297e-01,7.820256008979244999e-01,5.252877988546323929e-01,5.263465642929077148e-01
5.220883534136546711e-01,9.166666666666666297e-01,7.755643948160415579e-01,5.224098814728999063e-01,5.234262347221374512e-01
5.421686746987951500e-01,9.166666666666666297e-01,7.692383632955169803e-01,5.198594540413954412e-01,5.208474993705749512e-01
5.622489959839357399e-01,9.166666666666666297e-01,7.630461049905385984e-01,5.175992629750163498e-01,5.185735821723937988e-01
5.823293172690763297e-01,9.166666666666666297e-01,7.569860647008719301e-01,5.155962878830721019e-01,5.165694355964660645e-01
6.024096385542168086e-01,9.166666666666666297e-01,7.510565555047103992e-01,5.138212621811077963e-01,5.148048996925354004e-01
6.224899598393573985e-01,9.166666666666666297e-01,7.452557788013477458e-01,5.122482474053393631e-01,5.132537484169006348e-01
6.425702811244979884e-01,9.166666666666666297e-01,7.395818423828337540e-01,5.108542554239446920e-01,5.118909478187561035e-01
6.626506024096385783e-01,9.166666666666666297e-01,7.340327766653511610e-01,5.096189132908683916e-01,5.106958746910095215e-01
6.827309236947791682e-01,9.166666666666666297e-01,7.286065492160604951e-01,5.085241660155036536e-01,5.096486210823059082e-01
7.028112449799196471e-01,9.166666666666666297e-01,7.233010777114678991e-01,5.075540130143474382e-01,5.087329745292663574e-01
7.228915662650602370e-01,9.166666666666666297e-01,7.181142414603589597e-01,5.066942744635364315e-01,5.079334378242492676e-01
7.429718875502008268e-01,9.166666666666666297e-01,7.130438916190966481e-01,5.059323841828088364e-01,5.072372555732727051e-01
7.630522088353413057e-01,9.166666666666666297e-01,7.080878602203656280e-01,5.052572060529136877e-01,5.066321492195129395e-01
7.831325301204818956e-01,9.166666666666666297e-01,7.032439681288874533e-01,5.046588713019751760e-01,5.061073899269104004e-01
8.032128514056224855e-01,9.166666666666666297e-01,6.985100320296414589e-01,5.041286342945987542e-01,5.056541562080383301e-01
8.232931726907630754e-01,9.166666666666666297e-01,6.938838705460232958e-01,5.036587447236259285e-01,5.052631497383117676e-01
8.433734939759036653e-01,9.166666666666666297e-01,6.893633095773917807e-01,5.032423343414040851e-01,5.049285292625427246e-01
8.634538152610441442e-01,9.166666666666666297e-01,6.849461869377334589e-01,5.028733165781710257e-01,5.046424269676208496e-01
8.835341365461847341e-01,9.166666666666666297e-01,6.806303563698294923e-01,5.025462975823623557e-01,5.043998360633850098e-01
9.036144578313253239e-01,9.166666666666666297e-01,6.764136910023849092e-01,5.022564973838713476e-01,5.041947960853576660e-01
9.236947791164658028e-01,9.166666666666666297e-01,6.722940863111340759e-01,5.019996800287710448e-01,5.040238499641418457e-01
9.437751004016063927e-01,9.166666666666666297e-01,6.682694626389585890e-01,5.017720916648421570e-01,5.038823485374450684e-01
9.638554216867469826e-01,9.166666666666666297e-01,6.643377673245525195e-01,5.015704056732658289e-01,5.037665963172912598e-01
9.839357429718875725e-01,9.166666666666666297e-01,6.604969764841416291e-01,5.013916740447095233e-01,5.036734938621520996e-01
1.004016064257028162e+00,9.166666666666666297e-01,6.567450964861624163e-01,5.012332842892213147e-01,5.036004185676574707e-01
1.024096385542168752e+00,9.166666666666666297e-01,6.530801651546416231e-01,5.010929212501896712e-01,5.035448670387268066e-01
1.044176706827309342e+00,9.166666666666666297e-01,6.495002527332297548e-01,5.009685332642683786e-01,5.035049319267272949e-01
1.064257028112449710e+00,9.166666666666666297e-01,6.460034626384346668e-01,5.008583021726672468e-01,5.034782290458679199e-01
1.084337349397590300e+00,9.166666666666666297e-01,6.425879320275114104e-01,5.007606167455000978e-01,5.034630894660949707e-01
1.104417670682730890e+00,9.166666666666666297e-01,6.392518322037030742e-01,5.006740491307469787e-01,5.034585595130920410e-01
1.124497991967871480e+00,9.166666666666666297e-01,6.359933688790313511e-01,5.005973339836056191e-01,5.034627318382263184e-01
1.144578313253012070e+00,9.166666666666666297e-01,6.328107823126083442e-01,5.005293499711697125e-01,5.034739375114440918e-01
1.164658634538152659e+00,9.166666666666666297e-01,6.297023473404359528e-01,5.004691033821008217e-01,5.034925341606140137e-01
1.184738955823293249e+00,9.166666666666666297e-01,6.266663733108752687e-01,5.004157136017189922e-01,5.035164952278137207e-01
1.204819277108433617e+00,9.166666666666666297e-01,6.237012039383647011e-01,5.003684002402039033e-01,5.035453438758850098e-01
1.224899598393574207e+00,9.166666666666666297e-01,6.208052170865433483e-01,5.003264717257667193e-01,5.035787224769592285e-01
1.244979919678714797e+00,9.166666666666666297e-01,6.179768244906550523e-01,5.002893151960586815e-01,5.036153197288513184e-01
1.265060240963855387e+00,9.166666666666666297e-01,6.152144714279798032e-01,5.002563875400617421e-01,5.036557316780090332e-01
1.285140562248995977e+00,9.166666666666666297e-01,6.125166363440237571e-01,5.002272074595234264e-01,5.036984086036682129e-01
1.305220883534136567e+00,9.166666666666666297e-01,6.098818304412986224e-01,5.002013484338989624e-01,5.037432312965393066e-01
1.325301204819277157e+00,9.166666666666666297e-01,6.073085972367220364e-01,5.001784324859686048e-01,5.037899613380432129e-01
1.345381526104417746e+00,9.166666666666666297e-01,6.047955120929553452e-01,5.001581246570053763e-01,5.038380026817321777e-01
1.365461847389558336e+00,9.166666666666666297e-01,6.023411817283630398e-01,5.001401281107376029e-01,5.038878321647644043e-01
1.385542168674698704e+00,9.166666666666666297e-01,5.999442437097147751e-01,5.001241797945412682e-01,5.039382576942443848e-01
1.405622489959839294e+00,9.166666666666666297e-01,5.976033659312534052e-01,5.001100465944424700e-01,5.039897561073303223e-01
1.425702811244979884e+00,9.166666666666666297e-01,5.953172460833047186e-01,5.000975219277267181e-01,5.040419697761535645e-01
1.445783132530120474e+00,9.166666666666666297e-01,5.930846111132149767e-01,5.000864227233540182e-01,5.040939450263977051e-01
1.465863453815261064e+00,9.166666666666666297e-01,5.909042166810534180e-01,5.000765867460379432e-01,5.041463971138000488e-01
1.485943775100401654e+00,9.166666666666666297e-01,5.887748466122030289e-01,5.000678702248789742e-01,5.041998028755187988e-01
1.506024096385542244e+00,9.166666666666666297e-01,5.866953123486953192e-01,5.000601457518879522e-01,5.042533278465270996e-01
1.526104417670682611e+00,9.166666666666666297e-01,5.846644524008978161e-01,5.000533004196855424e-01,5.043062567710876465e-01
1.546184738955823201e+00,9.166666666666666297e-01,5.826811318009498253e-01,5.000472341711507118e-01,5.043600201606750488e-01
1.566265060240963791e+00,9.166666666666666297e-01,5.807442415591510532e-01,5.000418583369036218e-01,5.044131875038146973e-01
1.586345381526104381e+00,9.166666666666666297e-01,5.788526981243428127e-01,5.000370943392389300e-01,5.044665932655334473e-01
1.606425702811244971e+00,9.166666666666666297e-01,5.770054428491675491e-01,5.000328725435686517e-01,5.045192837715148926e-01
1.626506024096385561e+00,9.166666666666666297e-01,5.752014414609677440e-01,5.000291312405841238e-01,5.045720934867858887e-01
1.646586345381526151e+00,9.166666666666666297e-01,5.734396835389635738e-01,5.000258157442613038e-01,5.046253800392150879e-01
1.666666666666666741e+00,9.166666666666666297e-01,5.717191819982531120e-01,5.000228775925230629e-01,5.046777129173278809e-01
1.686746987951807331e+00,9.166666666666666297e-01,5.700389725810823816e-01,5.000202738388770385e-01,5.047295689582824707e-01
1.706827309236947698e+00,9.166666666666666297e-01,5.683981133557574061e-01,5.000179664246753308e-01,5.047816634178161621e-01
1.726907630522088288e+00,9.166666666666666297e-01,5.667956842235021275e-01,5.000159216228152737e-01,5.048334002494812012e-01
1.746987951807228878e+00,9.166666666666666297e-01,5.652307864335006649e-01,5.000141095447568906e-01,5.048848986625671387e-01
1.767068273092369468e+00,9.166666666666666297e-01,5.637025421063108777e-01,5.000125037036459164e-01,5.049362778663635254e-01
1.787148594377510058e+00,9.166666666666666297e-01,5.622100937657914521e-01,5.000110806271613750e-01,5.049869418144226074e-01
1.807228915662650648e+00,9.166666666666666297e-01,5.607526038796400991e-01,5.000098195144232482e-01,5.050377249717712402e-01
1.827309236947791238e+00,9.166666666666666297e-01,5.593292544086050366e-01,5.000087019319491288e-01,5.050882697105407715e-01
1.847389558232931606e+00,9.166666666666666297e-01,5.579392463644056166e-01,5.000077115442153053e-01,5.051383376121520996e-01
1.867469879518072196e+00,9.166666666666666297e-01,5.565817993763607641e-01,5.000068338748834273e-01,5.051881670951843262e-01
1.887550200803212785e+00,9.166666666666666297e-01,5.552561512667130161e-01,5.000060560952024336e-01,5.052377581596374512e-01
1.907630522088353375e+00,9.166666666666666297e-01,5.539615576346027526e-01,5.000053668364913273e-01,5.052871108055114746e-01
1.927710843373493965e+00,9.166666666666666297e-01,5.526972914486407706e-01,5.000047560239658795e-01,5.053361058235168457e-01
1.947791164658634555e+00,9.166666666666666297e-01,5.514626426480043753e-01,5.000042147294783135e-01,5.053848624229431152e-01
1.967871485943775145e+00,9.166666666666666297e-01,5.502569177519722743e-01,5.000037350410139192e-01,5.054336190223693848e-01
1.987951807228915735e+00,9.166666666666666297e-01,5.490794394778061305e-01,5.000033099470437836e-01,5.054815411567687988e-01
2.008032128514056325e+00,9.166666666666666297e-01,5.479295463668670818e-01,5.000029332340372168e-01,5.055295825004577637e-01
2.028112449799196693e+00,9.166666666666666297e-01,5.468065924188607596e-01,5.000025993956410675e-01,5.055776238441467285e-01
2.048192771084337505e+00,9.166666666666666297e-01,5.457099467340901233e-01,5.000023035521932169e-01,5.056251883506774902e-01
2.068273092369477872e+00,9.166666666666666297e-01,5.446389931635887693e-01,5.000020413793971885e-01,5.056725144386291504e-01
2.088353413654618684e+00,9.166666666666666297e-01,5.435931299670103689e-01,5.000018090451154862e-01,5.057192444801330566e-01
2.108433734939759052e+00,9.166666666666666297e-01,5.425717694781398981e-01,5.000016031533555116e-01,5.057660937309265137e-01
2.128514056224899420e+00,9.166666666666666297e-01,5.415743377778929890e-01,5.000014206946302719e-01,5.058125853538513184e-01
2.148594377510040232e+00,9.166666666666666297e-01,5.406002743746670669e-01,5.000012590019700109e-01,5.058590769767761230e-01
2.168674698795180600e+00,9.166666666666666297e-01,5.396490318919068274e-01,5.000011157119390592e-01,5.059052109718322754e-01
2.188755020080321412e+00,9.166666666666666297e-01,5.387200757627470527e-01,5.000009887300901346e-01,5.059509873390197754e-01
2.208835341365461780e+00,9.166666666666666297e-01,5.378128839315919896e-01,5.000008762003500529e-01,5.059967637062072754e-01
2.228915662650602592e+00,9.166666666666666297e-01,5.369269465624957327e-01,5.000007764778889863e-01,5.060423016548156738e-01
2.248995983935742959e+00,9.166666666666666297e-01,5.360617657542043890e-01,5.000006881050802487e-01,5.060872435569763184e-01
2.269076305220883327e+00,9.166666666666666297e-01,5.352168552617224684e-01,5.000006097901927848e-01,5.061321854591369629e-01
2.289156626506024139e+00,9.166666666666666297e-01,5.343917402242708281e-01,5.000005403885102728e-01,5.061770081520080566e-01
2.309236947791164507e+00,9.166666666666666297e-01,5.335859568994972824e-01,5.000004788855995086e-01,5.062213540077209473e-01
2.329317269076305319e+00,9.166666666666666297e-01,5.327990524038096476e-01,5.000004243824827110e-01,5.062658190727233887e-01
2.349397590361445687e+00,9.166666666666666297e-01,5.320305844586985522e-01,5.000003760824960342e-01,5.063098073005676270e-01
2.369477911646586499e+00,9.166666666666666297e-01,5.312801211429218906e-01,5.000003332796469913e-01,5.063531994819641113e-01
2.389558232931726867e+00,9.166666666666666297e-01,5.305472406504194716e-01,5.000002953482924895e-01,5.063969492912292480e-01
2.409638554216867234e+00,9.166666666666666297e-01,5.298315310538352918e-01,5.000002617339963651e-01,5.064402222633361816e-01
2.429718875502008046e+00,9.166666666666666297e-01,5.291325900735232013e-01,5.000002319454239785e-01,5.064830183982849121e-01
2.449799196787148414e+00,9.166666666666666297e-01,5.284500248519106158e-01,5.000002055471602924e-01,5.065259337425231934e-01
2.469879518072289226e+00,9.166666666666666297e-01,5.277834517331048136e-01,5.000001821533461843e-01,5.065684914588928223e-01
2.489959839357429594e+00,9.166666666666666297e-01,5.271324960476221344e-01,5.000001614220382917e-01,5.066110491752624512e-01
2.510040160642570406e+00,9.166666666666666297e-01,5.264967919021240617e-01,5.000001430502101218e-01,5.066532492637634277e-01
2.530120481927710774e+00,9.166666666666666297e-01,5.258759819740483898e-01,5.000001267693240381e-01,5.066944956779479980e-01
2.550200803212851586e+00,9.166666666666666297e-01,5.252697173110240092e-01,5.000001123414049564e-01,5.067365765571594238e-01
2.570281124497991954e+00,9.166666666666666297e-01,5.246776571349580642e-01,5.000000995555617944e-01,5.067778229713439941e-01
2.590361445783132321e+00,9.166666666666666297e-01,5.240994686506942335e-01,5.000000882249059364e-01,5.068189501762390137e-01
2.610441767068273133e+00,9.166666666666666297e-01,5.235348268591315524e-01,5.000000781838194186e-01,5.068593621253967285e-01
2.630522088353413501e+00,9.166666666666666297e-01,5.229834143747051911e-01,5.000000692855327555e-01,5.069000124931335449e-01
2.650602409638554313e+00,9.166666666666666297e-01,5.224449212471278248e-01,5.000000613999815435e-01,5.069399476051330566e-01
2.670682730923694681e+00,9.166666666666666297e-01,5.219190447872942284e-01,5.000000544119034274e-01,5.069802403450012207e-01
2.690763052208835493e+00,9.166666666666666297e-01,5.214054893972521754e-01,5.000000482191555573e-01,5.070198178291320801e-01
2.710843373493975861e+00,9.166666666666666297e-01,5.209039664041456019e-01,5.000000427312190077e-01,5.070596337318420410e-01
2.730923694779116673e+00,9.166666666666666297e-01,5.204141938980402227e-01,5.000000378678782775e-01,5.070987343788146973e-01
2.751004016064257041e+00,9.166666666666666297e-01,5.199358965735388916e-01,5.000000335580458977e-01,5.071374773979187012e-01
2.771084337349397408e+00,9.166666666666666297e-01,5.194688055751013334e-01,5.000000297387255932e-01,5.071765780448913574e-01
2.791164658634538220e+00,9.166666666666666297e-01,5.190126583459804266e-01,5.000000263540914647e-01,5.072144865989685059e-01
2.811244979919678588e+00,9.166666666666666297e-01,5.185671984806935475e-01,5.000000233546706419e-01,5.072527527809143066e-01
2.831325301204819400e+00,9.166666666666666297e-01,5.181321755809428220e-01,5.000000206966208616e-01,5.072903037071228027e-01
2.851405622489959768e+00,9.166666666666666297e-01,5.177073451149093453e-01,5.000000183410898691e-01,5.073283314704895020e-01
2.871485943775100580e+00,9.166666666666666297e-01,5.172924682798378804e-01,5.000000162536475390e-01,5.073652863502502441e-01
2.891566265060240948e+00,9.166666666666666297e-01,5.168873118678384282e-01,5.000000144037823890e-01,5.074022412300109863e-01
2.911646586345381316e+00,9.166666666666666297e-01,5.164916481348299504e-01,5.000000127644549375e-01,5.074388384819030762e-01
2.931726907630522128e+00,9.166666666666666297e-01,5.161052546725506396e-01,5.000000113117036848e-01,5.074750781059265137e-01
2.951807228915662495e+00,9.166666666666666297e-01,5.157279142835659025e-01,5.000000100242932843e-01,5.075115561485290527e-01
2.971887550200803307e+00,9.166666666666666297e-01,5.153594148592018920e-01,5.000000088834056777e-01,5.075469613075256348e-01
2.991967871485943675e+00,9.166666666666666297e-01,5.149995492603386404e-01,5.000000078723652042e-01,5.075827240943908691e-01
3.012048192771084487e+00,9.166666666666666297e-01,5.146481152009944049e-01,5.000000069763936850e-01,5.076178908348083496e-01
3.032128514056224855e+00,9.166666666666666297e-01,5.143049151346367198e-01,5.000000061823950404e-01,5.076529383659362793e-01
3.052208835341365223e+00,9.166666666666666297e-01,5.139697561431565420e-01,5.000000054787629988e-01,5.076879858970642090e-01
3.072289156626506035e+00,9.166666666666666297e-01,5.136424498284440920e-01,5.000000048552132315e-01,5.077216029167175293e-01
3.092369477911646403e+00,9.166666666666666297e-01,5.133228122065039978e-01,5.000000043026310292e-01,5.077560544013977051e-01
3.112449799196787215e+00,9.166666666666666297e-01,5.130106636040528967e-01,5.000000038129395197e-01,5.077900290489196777e-01
3.132530120481927582e+00,9.166666666666666297e-01,5.127058285575389895e-01,5.000000033789807619e-01,5.078234076499938965e-01
3.152610441767068394e+00,9.166666666666666297e-01,5.124081357145302551e-01,5.000000029944121627e-01,5.078570246696472168e-01
3.172690763052208762e+00,9.166666666666666297e-01,5.121174177374128167e-01,5.000000026536121078e-01,5.078894495964050293e-01
3.192771084337349574e+00,9.166666666666666297e-01,5.118335112093491679e-01,5.000000023515991376e-01,5.079225897789001465e-01
3.212851405622489942e+00,9.166666666666666297e-01,5.115562565424416341e-01,5.000000020839592274e-01,5.079547762870788574e-01
3.232931726907630310e+00,9.166666666666666297e-01,5.112854978880494450e-01,5.000000018467799512e-01,5.079868435859680176e-01
3.253012048192771122e+00,9.166666666666666297e-01,5.110210830492123435e-01,5.000000016365946376e-01,5.080186724662780762e-01
3.273092369477911490e+00,9.166666666666666297e-01,5.107628633951293295e-01,5.000000014503314105e-01,5.080505013465881348e-01
3.293172690763052302e+00,9.166666666666666297e-01,5.105106937776467957e-01,5.000000012852673370e-01,5.080812573432922363e-01
3.313253012048192669e+00,9.166666666666666297e-01,5.102644324497080941e-01,5.000000011389897914e-01,5.081123709678649902e-01
3.333333333333333481e+00,9.166666666666666297e-01,5.100239409857235673e-01,5.000000010093605951e-01,5.081431269645690918e-01
3.353413654618473849e+00,9.166666666666666297e-01,5.097890842038115267e-01,5.000000008944844865e-01,5.081731677055358887e-01
3.373493975903614661e+00,9.166666666666666297e-01,5.095597300898740967e-01,5.000000007926826973e-01,5.082034468650817871e-01
3.393574297188755029e+00,9.166666666666666297e-01,5.093357497234608511e-01,5.000000007024669735e-01,5.082331299781799316e-01
3.413654618473895397e+00,9.166666666666666297e-01,5.091170172053847143e-01,5.000000006225190363e-01,5.082626938819885254e-01
3.433734939759036209e+00,9.166666666666666297e-01,5.089034095870491603e-01,5.000000005516701540e-01,5.082920193672180176e-01
3.453815261044176577e+00,9.166666666666666297e-01,5.086948068014499613e-01,5.000000004888848215e-01,5.083207488059997559e-01
3.473895582329317389e+00,9.166666666666666297e-01,5.084910915958147370e-01,5.000000004332449954e-01,5.083499550819396973e-01
3.493975903614457756e+00,9.166666666666666297e-01,5.082921494658466655e-01,5.000000003839375484e-01,5.083779692649841309e-01
3.514056224899598568e+00,9.166666666666666297e-01,5.080978685915376047e-01,5.000000003402420568e-01,5.084061026573181152e-01
3.534136546184738936e+00,9.166666666666666297e-01,5.079081397745207616e-01,5.000000003015195871e-01,5.084343552589416504e-01
3.554216867469879304e+00,9.166666666666666297e-01,5.077228563769302649e-01,5.000000002672041477e-01,5.084621310234069824e-01
3.574297188755020116e+00,9.166666666666666297e-01,5.075419142617402235e-01,5.000000002367941399e-01,5.084891915321350098e-01
3.594377510040160484e+00,9.166666666666666297e-01,5.073652117345575085e-01,5.000000002098453633e-01,5.085162520408630371e-01
3.614457831325301296e+00,9.166666666666666297e-01,5.071926494868406188e-01,5.000000001859634668e-01,5.085430741310119629e-01
3.634538152610441664e+00,9.166666666666666297e-01,5.070241305405247534e-01,5.000000001648000625e-01,5.085696578025817871e-01
3.654618473895582476e+00,9.166666666666666297e-01,5.068595601940300011e-01,5.000000001460453980e-01,5.085958838462829590e-01
3.674698795180722843e+00,9.166666666666666297e-01,5.066988459696362135e-01,5.000000001294253593e-01,5.086224675178527832e-01
3.694779116465863211e+00,9.166666666666666297e-01,5.065418975622097975e-01,5.000000001146965856e-01,5.086480975151062012e-01
3.714859437751004023e+00,9.166666666666666297e-01,5.063886267892684367e-01,5.000000001016443596e-01,5.086738467216491699e-01
3.734939759036144391e+00,9.166666666666666297e-01,5.062389475423767493e-01,5.000000000900773900e-01,5.086986422538757324e-01
3.755020080321285203e+00,9.166666666666666297e-01,5.060927757398691051e-01,5.000000000798269228e-01,5.087241530418395996e-01
3.775100401606425571e+00,9.166666666666666297e-01,5.059500292808968291e-01,5.000000000707426340e-01,5.087487101554870605e-01
3.795180722891566383e+00,9.166666666666666297e-01,5.058106280008084488e-01,5.000000000626921848e-01,5.087732672691345215e-01
3.815261044176706751e+00,9.166666666666666297e-01,5.056744936278717573e-01,5.000000000555582247e-01,5.087975859642028809e-01
3.835341365461847563e+00,9.166666666666666297e-01,5.055415497413566772e-01,5.000000000492357266e-01,5.088219046592712402e-01
3.855421686746987930e+00,9.166666666666666297e-01,5.054117217310033494e-01,5.000000000436327641e-01,5.088455080986022949e-01
3.875502008032128298e+00,9.166666666666666297e-01,5.052849367579134165e-01,5.000000000386678467e-01,5.088693499565124512e-01
3.895582329317269110e+00,9.166666666666666297e-01,5.051611237169034707e-01,5.000000000342678108e-01,5.088925957679748535e-01
3.915662650602409478e+00,9.166666666666666297e-01,5.050402132003843914e-01,5.000000000303682635e-01,5.089158415794372559e-01
3.935742971887550290e+00,9.166666666666666297e-01,5.049221374638329651e-01,5.000000000269124723e-01,5.089387297630310059e-01
3.955823293172690658e+00,9.166666666666666297e-01,5.048068303929428291e-01,5.000000000238503661e-01,5.089614987373352051e-01
3.975903614457831470e+00,9.166666666666666297e-01,5.046942274725615407e-01,5.000000000211369811e-01,5.089839100837707520e-01
3.995983935742971838e+00,9.166666666666666297e-01,5.045842657575388968e-01,5.000000000187324600e-01,5.090063214302062988e-01
4.016064257028112650e+00,9.166666666666666297e-01,5.044768838456408222e-01,5.000000000166014980e-01,5.090281367301940918e-01
4.036144578313252573e+00,9.166666666666666297e-01,5.043720218527043553e-01,5.000000000147132306e-01,5.090501904487609863e-01
4.056224899598393385e+00,9.166666666666666297e-01,5.042696213902553293e-01,5.000000000130401245e-01,5.090718865394592285e-01
4.076305220883534197e+00,9.166666666666666297e-01,5.041696255458353315e-01,5.000000000115574217e-01,5.090932250022888184e-01
4.096385542168675009e+00,9.166666666666666297e-01,5.040719788663415857e-01,5.000000000102434727e-01,5.091145634651184082e-01
4.116465863453814933e+00,9.166666666666666297e-01,5.039766273447285894e-01,5.000000000090789598e-01,5.091355443000793457e-01
4.136546184738955745e+00,9.166666666666666297e-01,5.038835184104886178e-01,5.000000000080471185e-01,5.091562867164611816e-01
4.156626506024096557e+00,9.166666666666666297e-01,5.037926009243919312e-01,5.000000000071326278e-01,5.091770291328430176e-01
4.176706827309237369e+00,9.166666666666666297e-01,5.037038251780562303e-01,5.000000000063218319e-01,5.091975331306457520e-01
4.196787148594377292e+00,9.166666666666666297e-01,5.036171428990110499e-01,5.000000000056035176e-01,5.092174410820007324e-01
4.216867469879518104e+00,9.166666666666666297e-01,5.035325072620305820e-01,5.000000000049670268e-01,5.092374682426452637e-01
4.236947791164658916e+00,9.166666666666666297e-01,5.034498729076437584e-01,5.000000000044029225e-01,5.092576146125793457e-01
4.257028112449798840e+00,9.166666666666666297e-01,5.033691959688758599e-01,5.000000000039032111e-01,5.092768073081970215e-01
4.277108433734939652e+00,9.166666666666666297e-01,5.032904341074571075e-01,5.000000000034601211e-01,5.092967152595520020e-01
4.297188755020080464e+00,9.166666666666666297e-01,5.032135465609274272e-01,5.000000000030672132e-01,5.093157887458801270e-01
4.317269076305221276e+00,9.166666666666666297e-01,5.031384942023092721e-01,5.000000000027191582e-01,5.093348622322082520e-01
4.337349397590361200e+00,9.166666666666666297e-01,5.030652396142841765e-01,5.000000000024108493e-01,5.093538165092468262e-01
4.357429718875502012e+00,9.166666666666666297e-01,5.029937471801230187e-01,5.000000000021375124e-01,5.093726515769958496e-01
4.377510040160642824e+00,9.166666666666666297e-01,5.029239831939777972e-01,5.000000000018957058e-01,5.093916058540344238e-01
4.397590361445782747e+00,9.166666666666666297e-01,5.028559159935540590e-01,5.000000000016813217e-01,5.094098448753356934e-01
4.417670682730923559e+00,9.166666666666666297e-01,5.027895161186537454e-01,5.000000000014912516e-01,5.094280838966369629e-01
4.437751004016064371e+00,9.166666666666666297e-01,5.027247564996167872e-01,5.000000000013229418e-01,5.094458460807800293e-01
4.457831325301205183e+00,9.166666666666666297e-01,5.026616126802966322e-01,5.000000000011737278e-01,5.094637274742126465e-01
4.477911646586345107e+00,9.166666666666666297e-01,5.026000630808991065e-01,5.000000000010416112e-01,5.094816088676452637e-01
4.497991967871485919e+00,9.166666666666666297e-01,5.025400893067829555e-01,5.000000000009245937e-01,5.094992518424987793e-01
4.518072289156626731e+00,9.166666666666666297e-01,5.024816765101860483e-01,5.000000000008205658e-01,5.095166563987731934e-01
4.538152610441766655e+00,9.166666666666666297e-01,5.024248138127875851e-01,5.000000000007285283e-01,5.095339417457580566e-01
4.558232931726907466e+00,9.166666666666666297e-01,5.023694947980519299e-01,5.000000000006471490e-01,5.095509886741638184e-01
4.578313253012048278e+00,9.166666666666666297e-01,5.023157180833999202e-01,5.000000000005747625e-01,5.095679163932800293e-01
4.598393574297189090e+00,9.166666666666666297e-01,5.022634879833995925e-01,5.000000000005111467e-01,5.095848441123962402e-01
4.618473895582329014e+00,9.166666666666666297e-01,5.022128152763208897e-01,5.000000000004544143e-01,5.096015334129333496e-01
4.638554216867469826e+00,9.166666666666666297e-01,5.021637180874849449e-01,5.000000000004043432e-01,5.096183419227600098e-01
4.658634538152610638e+00,9.166666666666666297e-01,5.021162229037647862e-01,5.000000000003600453e-01,5.096345543861389160e-01
4.678714859437750562e+00,9.166666666666666297e-01,5.020703657342078241e-01,5.000000000003205214e-01,5.096508860588073730e-01
4.698795180722891374e+00,9.166666666666666297e-01,5.020261934318478447e-01,5.000000000002855494e-01,5.096669793128967285e-01
4.718875502008032186e+00,9.166666666666666297e-01,5.019837651910274978e-01,5.000000000002544631e-01,5.096829533576965332e-01
4.738955823293172998e+00,9.166666666666666297e-01,5.019431542325739626e-01,5.000000000002267075e-01,5.096988081932067871e-01
4.759036144578312921e+00,9.166666666666666297e-01,5.019044496853209969e-01,5.000000000002028377e-01,5.097149014472961426e-01
4.779116465863453733e+00,9.166666666666666297e-01,5.018677586659877621e-01,5.000000000001816325e-01,5.097305178642272949e-01
4.799196787148594545e+00,9.166666666666666297e-01,5.018332085491939987e-01,5.000000000001630918e-01,5.097457766532897949e-01
4.819277108433734469e+00,9.166666666666666297e-01,5.018009494040102103e-01,5.000000000001467715e-01,5.097612738609313965e-01
4.839357429718875281e+00,9.166666666666666297e-01,5.017711565511059346e-01,5.000000000001331157e-01,5.097764134407043457e-01
4.859437751004016093e+00,9.166666666666666297e-01,5.017440331631475292e-01,5.000000000001210143e-01,5.097915530204772949e-01
4.879518072289156905e+00,9.166666666666666297e-01,5.017198127883756298e-01,5.000000000001106892e-01,5.098066926002502441e-01
4.899598393574296828e+00,9.166666666666666297e-01,5.016987616217383206e-01,5.000000000001019185e-01,5.098211169242858887e-01
4.919678714859437640e+00,9.166666666666666297e-01,5.016811802806655507e-01,5.000000000000947020e-01,5.098362565040588379e-01
4.939759036144578452e+00,9.166666666666666297e-01,5.016674047720288687e-01,5.000000000000891509e-01,5.098504424095153809e-01
4.959839357429719264e+00,9.166666666666666297e-01,5.016578062899399448e-01,5.000000000000851541e-01,5.098652243614196777e-01
4.979919678714859188e+00,9.166666666666666297e-01,5.016527895314548680e-01,5.000000000000830447e-01,5.098798871040344238e-01
5.000000000000000000e+00,9.166666666666666297e-01,5.016527895314548680e-01,5.000000000000830447e-01,5.098943114280700684e-01
0.000000000000000000e+00,9.583333333333332593e-01,9.898826370250243256e-01,9.898826370250243256e-01,9.873908162117004395e-01
2.008032128514056214e-02,9.583333333333332593e-01,9.796098031174503840e-01,9.407171798563824794e-01,9.405012130737304688e-01
4.016064257028112428e-02,9.583333333333332593e-01,9.697645361100831751e-01,8.956655204432846240e-01,8.967167735099792480e-01
6.024096385542168641e-02,9.583333333333332593e-01,9.602078905393846009e-01,8.542493202626681992e-01,8.562831282615661621e-01
8.032128514056224855e-02,9.583333333333332593e-01,9.508594307664401946e-01,8.163946279909026771e-01,8.192455172538757324e-01
1.004016064257028107e-01,9.583333333333332593e-01,9.416727316032750261e-01,7.820298096912862151e-01,7.855219244956970215e-01
1.204819277108433728e-01,9.583333333333332593e-01,9.326215581453651815e-01,7.510164392404446998e-01,7.549605965614318848e-01
1.405622489959839350e-01,9.583333333333332593e-01,9.236918534004648906e-01,7.231579674710905126e-01,7.273694872856140137e-01
1.606425702811244971e-01,9.583333333333332593e-01,9.148769667664446992e-01,6.982223439910314466e-01,7.025391459465026855e-01
1.807228915662650592e-01,9.583333333333332593e-01,9.061747408544724713e-01,6.759622545790984205e-01,6.802528500556945801e-01
2.008032128514056214e-01,9.583333333333332593e-01,8.975856940653635929e-01,6.561297450804481901e-01,6.602936983108520508e-01
2.208835341365461835e-01,9.583333333333332593e-01,8.891118673478589640e-01,6.384856657948342340e-01,6.424506306648254395e-01
2.409638554216867457e-01,9.583333333333332593e-01,8.807560842468696860e-01,6.228051846773224876e-01,6.265248060226440430e-01
2.610441767068273355e-01,9.583333333333332593e-01,8.725214743287359465e-01,6.088805709779997466e-01,6.123272776603698730e-01
2.811244979919678699e-01,9.583333333333332593e-01,8.644111679377924906e-01,5.965221897956689556e-01,5.996850728988647461e-01
3.012048192771084043e-01,9.583333333333332593e-01,8.564281042737964533e-01,5.855583813420086603e-01,5.884365439414978027e-01
3.212851405622489942e-01,9.583333333333332593e-01,8.485749153334355421e-01,5.758346839739396650e-01,5.784379839897155762e-01
3.413654618473895841e-01,9.583333333333332593e-01,8.408538610000457769e-01,5.672127029760472006e-01,5.695555806159973145e-01
3.614457831325301185e-01,9.583333333333332593e-01,8.332667986653340408e-01,5.595688179264121098e-01,5.616707801818847656e-01
3.815261044176706529e-01,9.583333333333332593e-01,8.258151760394478735e-01,5.527928480407503509e-01,5.546756982803344727e-01
4.016064257028112428e-01,9.583333333333332593e-01,8.185000393130995588e-01,5.467867466102827034e-01,5.484738945960998535e-01
4.216867469879518326e-01,9.583333333333332593e-01,8.113220512139075469e-01,5.414633645131953221e-01,5.429787039756774902e-01
4.417670682730923670e-01,9.583333333333332593e-01,8.042815151390426687e-01,5.367453030712395767e-01,5.381129980087280273e-01
4.618473895582329014e-01,9.583333333333332593e-01,7.973784026927279722e-01,5.325638643099362968e-01,5.338078737258911133e-01
4.819277108433734913e-01,9.583333333333332593e-01,7.906123827675589633e-01,5.288580993201620339e-01,5.300006270408630371e-01
5.020080321285140812e-01,9.583333333333332593e-01,7.839828508862474177e-01,5.255739511619534898e-01,5.266364812850952148e-01
5.220883534136546711e-01,9.583333333333332593e-01,7.774889579344073098e-01,5.226634864544188463e-01,5.236657857894897461e-01
5.421686746987951500e-01,9.583333333333332593e-01,7.711296377125718138e-01,5.200842087174251116e-01,5.210456252098083496e-01
5.622489959839357399e-01,9.583333333333332593e-01,7.649036329494429687e-01,5.177984461947626738e-01,5.187359452247619629e-01
5.823293172690763297e-01,9.583333333333332593e-01,7.588095195715247598e-01,5.157728069909189861e-01,5.167025327682495117e-01
6.024096385542168086e-01,9.583333333333332593e-01,7.528457291331710488e-01,5.139776947025483933e-01,5.149131417274475098e-01
6.224899598393573985e-01,9.583333333333332593e-01,7.470105693875713770e-01,5.123868782012980239e-01,5.133415460586547852e-01
6.425702811244979884e-01,9.583333333333332593e-01,7.413022430319378131e-01,5.109771097532935791e-01,5.119617581367492676e-01
6.626506024096385783e-01,9.583333333333332593e-01,7.357188646954917477e-01,5.097277861979873093e-01,5.107530951499938965e-01
6.827309236947791682e-01,9.583333333333332593e-01,7.302584762614323655e-01,5.086206484297289832e-01,5.096957087516784668e-01
7.028112449799196471e-01,9.583333333333332593e-01,7.249190606274127369e-01,5.076395149153423159e-01,5.087719559669494629e-01
7.228915662650602370e-01,9.583333333333332593e-01,7.196985540156899397e-01,5.067700454335309912e-01,5.079665780067443848e-01
7.429718875502008268e-01,9.583333333333332593e-01,7.145948569460137678e-01,5.059995316347667416e-01,5.072659850120544434e-01
7.630522088353413057e-01,9.583333333333332593e-01,7.096058439828717423e-01,5.053167113937705457e-01,5.066580176353454590e-01
7.831325301204818956e-01,9.583333333333332593e-01,7.047293723649977748e-01,5.047116042625077181e-01,5.061323046684265137e-01
8.032128514056224855e-01,9.583333333333332593e-01,6.999632896198683119e-01,5.041753656323713084e-01,5.056788325309753418e-01
8.232931726907630754e-01,9.583333333333332593e-01,6.953054402598056738e-01,5.037001574827499883e-01,5.052890181541442871e-01
8.433734939759036653e-01,9.583333333333332593e-01,6.907536716497361118e-01,5.032790338324474311e-01,5.049555897712707520e-01
8.634538152610441442e-01,9.583333333333332593e-01,6.863058391298971772e-01,5.029058392232901298e-01,5.046719908714294434e-01
8.835341365461847341e-01,9.583333333333332593e-01,6.819598104700698160e-01,5.025751187544301724e-01,5.044320225715637207e-01
9.036144578313253239e-01,9.583333333333332593e-01,6.777134697253844875e-01,5.022820383538540989e-01,5.042306780815124512e-01
9.236947791164658028e-01,9.583333333333332593e-01,6.735647205575030494e-01,5.020223141226890506e-01,5.040633082389831543e-01
9.437751004016063927e-01,9.583333333333332593e-01,6.695114890790897499e-01,5.017921497201729419e-01,5.039255023002624512e-01
9.638554216867469826e-01,9.583333333333332593e-01,6.655517262739650830e-01,5.015881808744577786e-01,5.038141608238220215e-01
9.839357429718875725e-01,9.583333333333332593e-01,6.616834100402303465e-01,5.014074262084283751e-01,5.037258267402648926e-01
1.004016064257028162e+00,9.583333333333332593e-01,6.579045468989395129e-01,5.012472436619308525e-01,5.036570429801940918e-01
1.024096385542168752e+00,9.583333333333332593e-01,6.542131734065680382e-01,5.011052918735522388e-01,5.036063790321350098e-01
1.044176706827309342e+00,9.583333333333332593e-01,6.506073573055973780e-01,5.009794959575396556e-01,5.035706162452697754e-01
1.064257028112449710e+00,9.583333333333332593e-01,6.470851984439369708e-01,5.008680171756716426e-01,5.035480856895446777e-01
1.084337349397590300e+00,9.583333333333332593e-01,6.436448294906664813e-01,5.007692260608098689e-01,5.035378336906433105e-01
1.104417670682730890e+00,9.583333333333332593e-01,6.402844164726333442e-01,5.006816785992986851e-01,5.035373568534851074e-01
1.124497991967871480e+00,9.583333333333332593e-01,6.370021591538004291e-01,5.006040951240875447e-01,5.035460591316223145e-01
1.144578313253012070e+00,9.583333333333332593e-01,6.337962912768458912e-01,5.005353416100685182e-01,5.035616755485534668e-01
1.164658634538152659e+00,9.583333333333332593e-01,6.306650806843776547e-01,5.004744130982283767e-01,5.035840868949890137e-01
1.184738955823293249e+00,9.583333333333332593e-01,6.276068293352053962e-01,5.004204190063349378e-01,5.036122202873229980e-01
1.204819277108433617e+00,9.583333333333332593e-01,6.246198732293856137e-01,5.003725701114465352e-01,5.036444067955017090e-01
1.224899598393574207e+00,9.583333333333332593e-01,6.217025822542153746e-01,5.003301670139713719e-01,5.036817193031311035e-01
1.244979919678714797e+00,9.583333333333332593e-01,6.188533599619782111e-01,5.002925899146568600e-01,5.037223696708679199e-01
1.265060240963855387e+00,9.583333333333332593e-01,6.160706432890086237e-01,5.002592895550876939e-01,5.037658810615539551e-01
1.285140562248995977e+00,9.583333333333332593e-01,6.133529022245474138e-01,5.002297791892635903e-01,5.038112998008728027e-01
1.305220883534136567e+00,9.583333333333332593e-01,6.106986394368832949e-01,5.002036274689132256e-01,5.038589835166931152e-01
1.325301204819277157e+00,9.583333333333332593e-01,6.081063898634029297e-01,5.001804521385450064e-01,5.039088129997253418e-01
1.345381526104417746e+00,9.583333333333332593e-01,6.055747202703947174e-01,5.001599144480808334e-01,5.039598345756530762e-01
1.365461847389558336e+00,9.583333333333332593e-01,6.031022287877630950e-01,5.001417142014005224e-01,5.040118098258972168e-01
1.385542168674698704e+00,9.583333333333332593e-01,6.006875444231984940e-01,5.001255853684239971e-01,5.040642619132995605e-01
1.405622489959839294e+00,9.583333333333332593e-01,5.983293265597954269e-01,5.001112921965921165e-01,5.041176676750183105e-01
1.425702811244979884e+00,9.583333333333332593e-01,5.960262644406360000e-01,5.000986257649100430e-01,5.041717886924743652e-01
1.445783132530120474e+00,9.583333333333332593e-01,5.937770766434167236e-01,5.000874009301812251e-01,5.042265057563781738e-01
1.465863453815261064e+00,9.583333333333332593e-01,5.915805105478242343e-01,5.000774536208011378e-01,5.042806267738342285e-01
1.485943775100401654e+00,9.583333333333332593e-01,5.894353417980182641e-01,5.000686384385473193e-01,5.043353438377380371e-01
1.506024096385542244e+00,9.583333333333332593e-01,5.873403737622853171e-01,5.000608265333174041e-01,5.043901801109313965e-01
1.526104417670682611e+00,9.583333333333332593e-01,5.852944369916592837e-01,5.000539037197484493e-01,5.044440627098083496e-01
1.546184738955823201e+00,9.583333333333332593e-01,5.832963886790695218e-01,5.000477688081873540e-01,5.044983029365539551e-01
1.566265060240963791e+00,9.583333333333332593e-01,5.813451121203673244e-01,5.000423321256175502e-01,5.045527815818786621e-01
1.586345381526104381e+00,9.583333333333332593e-01,5.794395161784012815e-01,5.000375142049234833e-01,5.046065449714660645e-01
1.606425702811244971e+00,9.583333333333332593e-01,5.775785347511409595e-01,5.000332446233330952e-01,5.046604275703430176e-01
1.626506024096385561e+00,9.583333333333332593e-01,5.757611262447163147e-01,5.000294609730585593e-01,5.047135949134826660e-01
1.646586345381526151e+00,9.583333333333332593e-01,5.739862730520974843e-01,5.000261079490924132e-01,5.047665238380432129e-01
1.666666666666666741e+00,9.583333333333332593e-01,5.722529810380444504e-01,5.000231365408219775e-01,5.048188567161560059e-01
1.686746987951807331e+00,9.583333333333332593e-01,5.705602790308405003e-01,5.000205033156492895e-01,5.048713088035583496e-01
1.706827309236947698e+00,9.583333333333332593e-01,5.689072183212500189e-01,5.000181697841461492e-01,5.049232840538024902e-01
1.726907630522088288e+00,9.583333333333332593e-01,5.672928721690539966e-01,5.000161018374573718e-01,5.049749016761779785e-01
1.746987951807228878e+00,9.583333333333332593e-01,5.657163353174556875e-01,5.000142692487384855e-01,5.050260424613952637e-01
1.767068273092369468e+00,9.583333333333332593e-01,5.641767235155871196e-01,5.000126452313345959e-01,5.050769448280334473e-01
1.787148594377510058e+00,9.583333333333332593e-01,5.626731730492930961e-01,5.000112060472446940e-01,5.051274895668029785e-01
1.807228915662650648e+00,9.583333333333332593e-01,5.612048402803285763e-01,5.000099306601459848e-01,5.051771998405456543e-01
1.827309236947791238e+00,9.583333333333332593e-01,5.597709011940612545e-01,5.000088004279106269e-01,5.052269101142883301e-01
1.847389558232931606e+00,9.583333333333332593e-01,5.583705509557367330e-01,5.000077988301153686e-01,5.052763819694519043e-01
1.867469879518072196e+00,9.583333333333332593e-01,5.570030034753368220e-01,5.000069112265659310e-01,5.053252577781677246e-01
1.887550200803212785e+00,9.583333333333332593e-01,5.556674909810310758e-01,5.000061246433045170e-01,5.053742527961730957e-01
1.907630522088353375e+00,9.583333333333332593e-01,5.543632636012000292e-01,5.000054275829696193e-01,5.054222941398620605e-01
1.927710843373493965e+00,9.583333333333332593e-01,5.530895889549902744e-01,5.000048098567420052e-01,5.054704546928405762e-01
1.947791164658634555e+00,9.583333333333332593e-01,5.518457517513434274e-01,5.000042624354170684e-01,5.055180191993713379e-01
1.967871485943775145e+00,9.583333333333332593e-01,5.506310533964251519e-01,5.000037773174256239e-01,5.055657029151916504e-01
1.987951807228915735e+00,9.583333333333332593e-01,5.494448116093708645e-01,5.000033474118757981e-01,5.056126713752746582e-01
2.008032128514056325e+00,9.583333333333332593e-01,5.482863600462510867e-01,5.000029664349067149e-01,5.056591629981994629e-01
2.028112449799196693e+00,9.583333333333332593e-01,5.471550479321531935e-01,5.000026288178401890e-01,5.057057738304138184e-01
2.048192771084337505e+00,9.583333333333332593e-01,5.460502397012660936e-01,5.000023296257815053e-01,5.057517886161804199e-01
2.068273092369477872e+00,9.583333333333332593e-01,5.449713146448512679e-01,5.000020644854881180e-01,5.057979226112365723e-01
2.088353413654618684e+00,9.583333333333332593e-01,5.439176665669757105e-01,5.000018295214468944e-01,5.058434605598449707e-01
2.108433734939759052e+00,9.583333333333332593e-01,5.428887034478803164e-01,5.000016212992264286e-01,5.058886408805847168e-01
2.128514056224899420e+00,9.583333333333332593e-01,5.418838471148527125e-01,5.000014367752757538e-01,5.059339404106140137e-01
2.148594377510040232e+00,9.583333333333332593e-01,5.409025329204723009e-01,5.000012732524385939e-01,5.059788823127746582e-01
2.168674698795180600e+00,9.583333333333332593e-01,5.399442094280930693e-01,5.000011283405276785e-01,5.060228705406188965e-01
2.188755020080321412e+00,9.583333333333332593e-01,5.390083381044269428e-01,5.000009999213889111e-01,5.060674548149108887e-01
2.208835341365461780e+00,9.583333333333332593e-01,5.380943930190943414e-01,5.000008861179404684e-01,5.061116814613342285e-01
2.228915662650602592e+00,9.583333333333332593e-01,5.372018605510016087e-01,5.000007852667346375e-01,5.061553120613098145e-01
2.248995983935742959e+00,9.583333333333332593e-01,5.363302391014130865e-01,5.000006958936463741e-01,5.061990618705749512e-01
2.269076305220883327e+00,9.583333333333332593e-01,5.354790388135779455e-01,5.000006166923235407e-01,5.062420964241027832e-01
2.289156626506024139e+00,9.583333333333332593e-01,5.346477812987820988e-01,5.000005465050928466e-01,5.062850117683410645e-01
2.309236947791164507e+00,9.583333333333332593e-01,5.338359993686838667e-01,5.000004843060393833e-01,5.063279271125793457e-01
2.329317269076305319e+00,9.583333333333332593e-01,5.330432367738084931e-01,5.000004291860090655e-01,5.063706040382385254e-01
2.349397590361445687e+00,9.583333333333332593e-01,5.322690479480647330e-01,5.000003803393218149e-01,5.064128041267395020e-01
2.369477911646586499e+00,9.583333333333332593e-01,5.315129977591579458e-01,5.000003370519930934e-01,5.064547657966613770e-01
2.389558232931726867e+00,9.583333333333332593e-01,5.307746612647673556e-01,5.000002986912988057e-01,5.064968466758728027e-01
2.409638554216867234e+00,9.583333333333332593e-01,5.300536234743666864e-01,5.000002646965271413e-01,5.065379738807678223e-01
2.429718875502008046e+00,9.583333333333332593e-01,5.293494791165601621e-01,5.000002345707820206e-01,5.065794587135314941e-01
2.449799196787148414e+00,9.583333333333332593e-01,5.286618324118133039e-01,5.000002078737197930e-01,5.066205859184265137e-01
2.469879518072289226e+00,9.583333333333332593e-01,5.279902968504581739e-01,5.000001842151147180e-01,5.066615939140319824e-01
2.489959839357429594e+00,9.583333333333332593e-01,5.273344949758558275e-01,5.000001632491518633e-01,5.067020058631896973e-01
2.510040160642570406e+00,9.583333333333332593e-01,5.266940581725992887e-01,5.000001446693754792e-01,5.067421793937683105e-01
2.530120481927710774e+00,9.583333333333332593e-01,5.260686264596439177e-01,5.000001282042083606e-01,5.067824721336364746e-01
2.550200803212851586e+00,9.583333333333332593e-01,5.254578482882531487e-01,5.000001136129818002e-01,5.068219304084777832e-01
2.570281124497991954e+00,9.583333333333332593e-01,5.248613803446514625e-01,5.000001006824175143e-01,5.068618655204772949e-01
2.590361445783132321e+00,9.583333333333332593e-01,5.242788873572757913e-01,5.000000892235115790e-01,5.069010853767395020e-01
2.610441767068273133e+00,9.583333333333332593e-01,5.237100419085213288e-01,5.000000790687713081e-01,5.069404244422912598e-01
2.630522088353413501e+00,9.583333333333332593e-01,5.231545242508796045e-01,5.000000700697663225e-01,5.069794058799743652e-01
2.650602409638554313e+00,9.583333333333332593e-01,5.226120221273662381e-01,5.000000620949595076e-01,5.070175528526306152e-01
2.670682730923694681e+00,9.583333333333332593e-01,5.220822305961413390e-01,5.000000550277844402e-01,5.070559382438659668e-01
2.690763052208835493e+00,9.583333333333332593e-01,5.215648518592258531e-01,5.000000487649417513e-01,5.070943236351013184e-01
2.710843373493975861e+00,9.583333333333332593e-01,5.210595950952178201e-01,5.000000432148881124e-01,5.071323513984680176e-01
2.730923694779116673e+00,9.583333333333332593e-01,5.205661762959196137e-01,5.000000382964997492e-01,5.071699023246765137e-01
2.751004016064257041e+00,9.583333333333332593e-01,5.200843181067819065e-01,5.000000339378848357e-01,5.072069764137268066e-01
2.771084337349397408e+00,9.583333333333332593e-01,5.196137496710776515e-01,5.000000300753342231e-01,5.072440505027770996e-01
2.791164658634538220e+00,9.583333333333332593e-01,5.191542064777212584e-01,5.000000266523899617e-01,5.072807669639587402e-01
2.811244979919678588e+00,9.583333333333332593e-01,5.187054302126451466e-01,5.000000236190190739e-01,5.073178410530090332e-01
2.831325301204819400e+00,9.583333333333332593e-01,5.182671686136541833e-01,5.000000209308830268e-01,5.073537230491638184e-01
2.851405622489959768e+00,9.583333333333332593e-01,5.178391753286749610e-01,5.000000185486902504e-01,5.073898434638977051e-01
2.871485943775100580e+00,9.583333333333332593e-01,5.174212097773217556e-01,5.000000164376204870e-01,5.074254870414733887e-01
2.891566265060240948e+00,9.583333333333332593e-01,5.170130370157031141e-01,5.000000145668167528e-01,5.074611306190490723e-01
2.911646586345381316e+00,9.583333333333332593e-01,5.166144276043922456e-01,5.000000129089340328e-01,5.074959397315979004e-01
2.931726907630522128e+00,9.583333333333332593e-01,5.162251574794867182e-01,5.000000114397392670e-01,5.075312256813049316e-01
2.951807228915662495e+00,9.583333333333332593e-01,5.158450078266897387e-01,5.000000101377567452e-01,5.075660347938537598e-01
2.971887550200803307e+00,9.583333333333332593e-01,5.154737649583355230e-01,5.000000089839555795e-01,5.076002478599548340e-01
2.991967871485943675e+00,9.583333333333332593e-01,5.151112201932985801e-01,5.000000079614713711e-01,5.076344609260559082e-01
3.012048192771084487e+00,9.583333333333332593e-01,5.147571697397118617e-01,5.000000070553586307e-01,5.076681971549987793e-01
3.032128514056224855e+00,9.583333333333332593e-01,5.144114145804346006e-01,5.000000062523728417e-01,5.077019333839416504e-01
3.052208835341365223e+00,9.583333333333332593e-01,5.140737603612001161e-01,5.000000055407763933e-01,5.077350735664367676e-01
3.072289156626506035e+00,9.583333333333332593e-01,5.137440172813867445e-01,5.000000049101688271e-01,5.077683329582214355e-01
3.092369477911646403e+00,9.583333333333332593e-01,5.134219999873461671e-01,5.000000043513319614e-01,5.078008770942687988e-01
3.112449799196787215e+00,9.583333333333332593e-01,5.131075274682322940e-01,5.000000038560976634e-01,5.078335404396057129e-01
3.132530120481927582e+00,9.583333333333332593e-01,5.128004229542713066e-01,5.000000034172272789e-01,5.078658461570739746e-01
3.152610441767068394e+00,9.583333333333332593e-01,5.125005138174161257e-01,5.000000030283056063e-01,5.078975558280944824e-01
3.172690763052208762e+00,9.583333333333332593e-01,5.122076314743306824e-01,5.000000026836479705e-01,5.079292654991149902e-01
3.192771084337349574e+00,9.583333333333332593e-01,5.119216112916485928e-01,5.000000023782166236e-01,5.079606175422668457e-01
3.212851405622489942e+00,9.583333333333332593e-01,5.116422924934546090e-01,5.000000021075471368e-01,5.079919695854187012e-01
3.232931726907630310e+00,9.583333333333332593e-01,5.113695180709373345e-01,5.000000018676834523e-01,5.080224871635437012e-01
3.253012048192771122e+00,9.583333333333332593e-01,5.111031346941614650e-01,5.000000016551191528e-01,5.080534815788269043e-01
3.273092369477911490e+00,9.583333333333332593e-01,5.108429926259124843e-01,5.000000014667475012e-01,5.080836415290832520e-01
3.293172690763052302e+00,9.583333333333332593e-01,5.105889456375664048e-01,5.000000012998151444e-01,5.081138014793395996e-01
3.313253012048192669e+00,9.583333333333332593e-01,5.103408509269349302e-01,5.000000011518819232e-01,5.081437230110168457e-01
3.333333333333333481e+00,9.583333333333332593e-01,5.100985690380456239e-01,5.000000010207854562e-01,5.081729292869567871e-01
3.353413654618473849e+00,9.583333333333332593e-01,5.098619637828089024e-01,5.000000009046092764e-01,5.082021355628967285e-01
3.373493975903614661e+00,9.583333333333332593e-01,5.096309021645321069e-01,5.000000008016550757e-01,5.082313418388366699e-01
3.393574297188755029e+00,9.583333333333332593e-01,5.094052543032373537e-01,5.000000007104179467e-01,5.082601904869079590e-01
3.413654618473895397e+00,9.583333333333332593e-01,5.091848933627443063e-01,5.000000006295650667e-01,5.082882046699523926e-01
3.433734939759036209e+00,9.583333333333332593e-01,5.089696954794784567e-01,5.000000005579144924e-01,5.083166956901550293e-01
3.453815261044176577e+00,9.583333333333332593e-01,5.087595396929670555e-01,5.000000004944186172e-01,5.083449482917785645e-01
3.473895582329317389e+00,9.583333333333332593e-01,5.085543078779873882e-01,5.000000004381490726e-01,5.083722472190856934e-01
3.493975903614457756e+00,9.583333333333332593e-01,5.083538846783310916e-01,5.000000003882834054e-01,5.083997845649719238e-01
3.514056224899598568e+00,9.583333333333332593e-01,5.081581574421535352e-01,5.000000003440931984e-01,5.084268450736999512e-01
3.534136546184738936e+00,9.583333333333332593e-01,5.079670161588742960e-01,5.000000003049327457e-01,5.084537863731384277e-01
3.554216867469879304e+00,9.583333333333332593e-01,5.077803533975993044e-01,5.000000002702287283e-01,5.084806084632873535e-01
3.574297188755020116e+00,9.583333333333332593e-01,5.075980642470363513e-01,5.000000002394743293e-01,5.085071921348571777e-01
3.594377510040160484e+00,9.583333333333332593e-01,5.074200462568781989e-01,5.000000002122203524e-01,5.085330605506896973e-01
3.614457831325301296e+00,9.583333333333332593e-01,5.072461993806270941e-01,5.000000001880683387e-01,5.085590481758117676e-01
3.634538152610441664e+00,9.583333333333332593e-01,5.070764259198387025e-01,5.000000001666655702e-01,5.085844397544860840e-01
3.654618473895582476e+00,9.583333333333332593e-01,5.069106304697669207e-01,5.000000001476988531e-01,5.086099505424499512e-01
3.674698795180722843e+00,9.583333333333332593e-01,5.067487198663919168e-01,5.000000001308905206e-01,5.086352229118347168e-01
3.694779116465863211e+00,9.583333333333332593e-01,5.065906031348144101e-01,5.000000001159951024e-01,5.086597800254821777e-01
3.714859437751004023e+00,9.583333333333332593e-01,5.064361914390101971e-01,5.000000001027949947e-01,5.086843371391296387e-01
3.734939759036144391e+00,9.583333333333332593e-01,5.062853980329330428e-01,5.000000000910972409e-01,5.087087750434875488e-01
3.755020080321285203e+00,9.583333333333332593e-01,5.061381382129669371e-01,5.000000000807306444e-01,5.087333321571350098e-01
3.775100401606425571e+00,9.583333333333332593e-01,5.059943292717261620e-01,5.000000000715435489e-01,5.087571740150451660e-01
3.795180722891566383e+00,9.583333333333332593e-01,5.058538904532138281e-01,5.000000000634019504e-01,5.087808966636657715e-01
3.815261044176706751e+00,9.583333333333332593e-01,5.057167429093512023e-01,5.000000000561871660e-01,5.088045001029968262e-01
3.835341365461847563e+00,9.583333333333332593e-01,5.055828096578973696e-01,5.000000000497929475e-01,5.088277459144592285e-01
3.855421686746987930e+00,9.583333333333332593e-01,5.054520155417928651e-01,5.000000000441267023e-01,5.088506340980529785e-01
3.875502008032128298e+00,9.583333333333332593e-01,5.053242871899622513e-01,5.000000000391054966e-01,5.088736414909362793e-01
3.895582329317269110e+00,9.583333333333332593e-01,5.051995529796272644e-01,5.000000000346557227e-01,5.088960528373718262e-01
3.915662650602409478e+00,9.583333333333332593e-01,5.050777430001934798e-01,5.000000000307119885e-01,5.089184641838073730e-01
3.935742971887550290e+00,9.583333333333332593e-01,5.049587890187889894e-01,5.000000000272173395e-01,5.089406371116638184e-01
3.955823293172690658e+00,9.583333333333332593e-01,5.048426244475482383e-01,5.000000000241203724e-01,5.089625716209411621e-01
3.975903614457831470e+00,9.583333333333332593e-01,5.047291843127562627e-01,5.000000000213764562e-01,5.089843869209289551e-01
3.995983935742971838e+00,9.583333333333332593e-01,5.046184052259944375e-01,5.000000000189446236e-01,5.090057253837585449e-01
4.016064257028112650e+00,9.583333333333332593e-01,5.045102253574470508e-01,5.000000000167897918e-01,5.090270638465881348e-01
4.036144578313252573e+00,9.583333333333332593e-01,5.044045844115685462e-01,5.000000000148799861e-01,5.090481638908386230e-01
4.056224899598393385e+00,9.583333333333332593e-01,5.043014236053428023e-01,5.000000000131878952e-01,5.090691447257995605e-01
4.076305220883534197e+00,9.583333333333332593e-01,5.042006856494063438e-01,5.000000000116883170e-01,5.090896487236022949e-01
4.096385542168675009e+00,9.583333333333332593e-01,5.041023147323633324e-01,5.000000000103594910e-01,5.091102719306945801e-01
4.116465863453814933e+00,9.583333333333332593e-01,5.040062565086649293e-01,5.000000000091818775e-01,5.091304183006286621e-01
4.136546184738955745e+00,9.583333333333332593e-01,5.039124580905045558e-01,5.000000000081383789e-01,5.091506838798522949e-01
4.156626506024096557e+00,9.583333333333332593e-01,5.038208680442481935e-01,5.000000000072133410e-01,5.091703534126281738e-01
4.176706827309237369e+00,9.583333333333332593e-01,5.037314363920099014e-01,5.000000000063934413e-01,5.091901421546936035e-01
4.196787148594377292e+00,9.583333333333332593e-01,5.036441146190878682e-01,5.000000000056670224e-01,5.092095732688903809e-01
4.216867469879518104e+00,9.583333333333332593e-01,5.035588556880928879e-01,5.000000000050233151e-01,5.092292428016662598e-01
4.236947791164658916e+00,9.583333333333332593e-01,5.034756140607392627e-01,5.000000000044531046e-01,5.092481970787048340e-01
4.257028112449798840e+00,9.583333333333332593e-01,5.033943457284330014e-01,5.000000000039475090e-01,5.092670321464538574e-01
4.277108433734939652e+00,9.583333333333332593e-01,5.033150082529682656e-01,5.000000000034993120e-01,5.092862248420715332e-01
4.297188755020080464e+00,9.583333333333332593e-01,5.032375608188665028e-01,5.000000000031020742e-01,5.093047022819519043e-01
4.317269076305221276e+00,9.583333333333332593e-01,5.031619642991297381e-01,5.000000000027499114e-01,5.093232989311218262e-01
4.337349397590361200e+00,9.583333333333332593e-01,5.030881813364690425e-01,5.000000000024382718e-01,5.093415379524230957e-01
4.357429718875502012e+00,9.583333333333332593e-01,5.030161764423874970e-01,5.000000000021618263e-01,5.093594193458557129e-01
4.377510040160642824e+00,9.583333333333332593e-01,5.029459161168743364e-01,5.000000000019170221e-01,5.093771815299987793e-01
4.397590361445782747e+00,9.583333333333332593e-01,5.028773689918820677e-01,5.000000000017004176e-01,5.093953013420104980e-01
4.417670682730923559e+00,9.583333333333332593e-01,5.028105060022418638e-01,5.000000000015081270e-01,5.094128251075744629e-01
4.437751004016064371e+00,9.583333333333332593e-01,5.027453005882120962e-01,5.000000000013380408e-01,5.094302296638488770e-01
4.457831325301205183e+00,9.583333333333332593e-01,5.026817289344569506e-01,5.000000000011871615e-01,5.094476342201232910e-01
4.477911646586345107e+00,9.583333333333332593e-01,5.026197702509264120e-01,5.000000000010534906e-01,5.094646811485290527e-01
4.497991967871485919e+00,9.583333333333332593e-01,5.025594071018409936e-01,5.000000000009353629e-01,5.094814896583557129e-01
4.518072289156626731e+00,9.583333333333332593e-01,5.025006257897889350e-01,5.000000000008302248e-01,5.094985365867614746e-01
4.538152610441766655e+00,9.583333333333332593e-01,5.024434168027777092e-01,5.000000000007369660e-01,5.095152258872985840e-01
4.558232931726907466e+00,9.583333333333332593e-01,5.023877753329608620e-01,5.000000000006545875e-01,5.095316767692565918e-01
4.578313253012048278e+00,9.583333333333332593e-01,5.023337018766146356e-01,5.000000000005813128e-01,5.095478892326354980e-01
4.598393574297189090e+00,9.583333333333332593e-01,5.022812029257323063e-01,5.000000000005169198e-01,5.095641016960144043e-01
4.618473895582329014e+00,9.583333333333332593e-01,5.022302917622408769e-01,5.000000000004596323e-01,5.095805525779724121e-01
4.638554216867469826e+00,9.583333333333332593e-01,5.021809893662035895e-01,5.000000000004090062e-01,5.095965266227722168e-01
4.658634538152610638e+00,9.583333333333332593e-01,5.021333254492637010e-01,5.000000000003641532e-01,5.096125006675720215e-01
4.678714859437750562e+00,9.583333333333332593e-01,5.020873396237557351e-01,5.000000000003241851e-01,5.096279978752136230e-01
4.698795180722891374e+00,9.583333333333332593e-01,5.020430827159838572e-01,5.000000000002888800e-01,5.096434950828552246e-01
4.718875502008032186e+00,9.583333333333332593e-01,5.020006182286214091e-01,5.000000000002573497e-01,5.096594691276550293e-01
4.738955823293172998e+00,9.583333333333332593e-01,5.019600239512951312e-01,5.000000000002294831e-01,5.096743702888488770e-01
4.759036144578312921e+00,9.583333333333332593e-01,5.019213937091632216e-01,5.000000000002052802e-01,5.096896290779113770e-01
4.779116465863453733e+00,9.583333333333332593e-01,5.018848392252431845e-01,5.000000000001837419e-01,5.097041726112365723e-01
4.799196787148594545e+00,9.583333333333332593e-01,5.018504920514442746e-01,5.000000000001649791e-01,5.097194314002990723e-01
4.819277108433734469e+00,9.583333333333332593e-01,5.018185054928724353e-01,5.000000000001486589e-01,5.097340941429138184e-01
4.839357429718875281e+00,9.583333333333332593e-01,5.017890564061198155e-01,5.000000000001348921e-01,5.097491145133972168e-01
4.859437751004016093e+00,9.583333333333332593e-01,5.017623466892238149e-01,5.000000000001226796e-01,5.097633004188537598e-01
4.879518072289156905e+00,9.583333333333332593e-01,5.017386041905609328e-01,5.000000000001120215e-01,5.097783207893371582e-01
4.899598393574296828e+00,9.583333333333332593e-01,5.017180826337018784e-01,5.000000000001032507e-01,5.097925066947937012e-01
4.919678714859437640e+00,9.583333333333332593e-01,5.017010599659514902e-01,5.000000000000960343e-01,5.098066926002502441e-01
4.939759036144578452e+00,9.583333333333332593e-01,5.016878342587448580e-01,5.000000000000903722e-01,5.098207592964172363e-01
4.959839357429719264e+00,9.583333333333332593e-01,5.016787158653877032e-01,5.000000000000864864e-01,5.098350644111633301e-01
4.979919678714859188e+00,9.583333333333332593e-01,5.016740138816396799e-01,5.000000000000843769e-01,5.098490118980407715e-01
5.000000000000000000e+00,9.583333333333332593e-01,5.016740138816396799e-01,5.000000000000843769e-01,5.098626017570495605e-01
0.000000000000000000e+00,1.000000000000000000e+00,9.898826370250243256e-01,9.898826370250243256e-01,9.831442236900329590e-01
2.008032128514056214e-02,1.000000000000000000e+00,9.796098031174503840e-01,9.407171798563824794e-01,9.386019110679626465e-01
4.016064257028112428e-02,1.000000000000000000e+00,9.697645361100831751e-01,8.956655204432846240e-01,8.963719010353088379e-01
6.024096385542168641e-02,1.000000000000000000e+00,9.602078905393846009e-01,8.542493202626681992e-01,8.569175601005554199e-01
8.032128514056224855e-02,1.000000000000000000e+00,9.508594307664401946e-01,8.163946279909026771e-01,8.204499483108520508e-01
1.004016064257028107e-01,1.000000000000000000e+00,9.416727316032750261e-01,7.820298096912862151e-01,7.870140671730041504e-01
1.204819277108433728e-01,1.000000000000000000e+00,9.326215581453651815e-01,7.510164392404446998e-01,7.565522193908691406e-01
1.405622489959839350e-01,1.000000000000000000e+00,9.236918534004648906e-01,7.231579674710905126e-01,7.289415001869201660e-01
1.606425702811244971e-01,1.000000000000000000e+00,9.148769667664446992e-01,6.982223439910314466e-01,7.040191888809204102e-01
1.807228915662650592e-01,1.000000000000000000e+00,9.061747408544724713e-01,6.759622545790984205e-01,6.816019415855407715e-01
2.008032128514056214e-01,1.000000000000000000e+00,8.975856940653635929e-01,6.561297450804481901e-01,6.614937186241149902e-01
2.208835341365461835e-01,1.000000000000000000e+00,8.891118673478589640e-01,6.384856657948342340e-01,6.434996724128723145e-01
2.409638554216867457e-01,1.000000000000000000e+00,8.807560842468696860e-01,6.228051846773224876e-01,6.274270415306091309e-01
2.610441767068273355e-01,1.000000000000000000e+00,8.725214743287359465e-01,6.088805709779997466e-01,6.130926012992858887e-01
2.811244979919678699e-01,1.000000000000000000e+00,8.644111679377924906e-01,5.965221897956689556e-01,6.003256440162658691e-01
3.012048192771084043e-01,1.000000000000000000e+00,8.564281042737964533e-01,5.855583813420086603e-01,5.889664292335510254e-01
3.212851405622489942e-01,1.000000000000000000e+00,8.485749153334355421e-01,5.758346839739396650e-01,5.788692831993103027e-01
3.413654618473895841e-01,1.000000000000000000e+00,8.408538610000457769e-01,5.672127029760472006e-01,5.699010491371154785e-01
3.614457831325301185e-01,1.000000000000000000e+00,8.332667986653340408e-01,5.595688179264121098e-01,5.619425773620605469e-01
3.815261044176706529e-01,1.000000000000000000e+00,8.258151760394478735e-01,5.527928480407503509e-01,5.548838973045349121e-01
4.016064257028112428e-01,1.000000000000000000e+00,8.185000393130995588e-01,5.467867466102827034e-01,5.486283302307128906e-01
4.216867469879518326e-01,1.000000000000000000e+00,8.113220512139075469e-01,5.414633645131953221e-01,5.430886149406433105e-01
4.417670682730923670e-01,1.000000000000000000e+00,8.042815151390426687e-01,5.367453030712395767e-01,5.381849408149719238e-01
4.618473895582329014e-01,1.000000000000000000e+00,7.973784026927279722e-01,5.325638643099362968e-01,5.338478684425354004e-01
4.819277108433734913e-01,1.000000000000000000e+00,7.906123827675589633e-01,5.288580993201620339e-01,5.300156474113464355e-01
5.020080321285140812e-01,1.000000000000000000e+00,7.839828508862474177e-01,5.255739511619534898e-01,5.266311168670654297e-01
5.220883534136546711e-01,1.000000000000000000e+00,7.774889579344073098e-01,5.226634864544188463e-01,5.236443877220153809e-01
5.421686746987951500e-01,1.000000000000000000e+00,7.711296377125718138e-01,5.200842087174251116e-01,5.210118889808654785e-01
5.622489959839357399e-01,1.000000000000000000e+00,7.649036329494429687e-01,5.177984461947626738e-01,5.186933875083923340e-01
5.823293172690763297e-01,1.000000000000000000e+00,7.588095195715247598e-01,5.157728069909189861e-01,5.166531205177307129e-01
6.024096385542168086e-01,1.000000000000000000e+00,7.528457291331710488e-01,5.139776947025483933e-01,5.148600339889526367e-01
6.224899598393573985e-01,1.000000000000000000e+00,7.470105693875713770e-01,5.123868782012980239e-01,5.132860541343688965e-01
6.425702811244979884e-01,1.000000000000000000e+00,7.413022430319378131e-01,5.109771097532935791e-01,5.119070410728454590e-01
6.626506024096385783e-01,1.000000000000000000e+00,7.357188646954917477e-01,5.097277861979873093e-01,5.106993317604064941e-01
6.827309236947791682e-01,1.000000000000000000e+00,7.302584762614323655e-01,5.086206484297289832e-01,5.096445679664611816e-01
7.028112449799196471e-01,1.000000000000000000e+00,7.249190606274127369e-01,5.076395149153423159e-01,5.087239146232604980e-01
7.228915662650602370e-01,1.000000000000000000e+00,7.196985540156899397e-01,5.067700454335309912e-01,5.079230666160583496e-01
7.429718875502008268e-01,1.000000000000000000e+00,7.145948569460137678e-01,5.059995316347667416e-01,5.072279572486877441e-01
7.630522088353413057e-01,1.000000000000000000e+00,7.096058439828717423e-01,5.053167113937705457e-01,5.066255927085876465e-01
7.831325301204818956e-01,1.000000000000000000e+00,7.047293723649977748e-01,5.047116042625077181e-01,5.061054825782775879e-01
8.032128514056224855e-01,1.000000000000000000e+00,6.999632896198683119e-01,5.041753656323713084e-01,5.056583285331726074e-01
8.232931726907630754e-01,1.000000000000000000e+00,6.953054402598056738e-01,5.037001574827499883e-01,5.052753090858459473e-01
8.433734939759036653e-01,1.000000000000000000e+00,6.907536716497361118e-01,5.032790338324474311e-01,5.049490332603454590e-01
8.634538152610441442e-01,1.000000000000000000e+00,6.863058391298971772e-01,5.029058392232901298e-01,5.046722292900085449e-01
8.835341365461847341e-01,1.000000000000000000e+00,6.819598104700698160e-01,5.025751187544301724e-01,5.044391751289367676e-01
9.036144578313253239e-01,1.000000000000000000e+00,6.777134697253844875e-01,5.022820383538540989e-01,5.042442679405212402e-01
9.236947791164658028e-01,1.000000000000000000e+00,6.735647205575030494e-01,5.020223141226890506e-01,5.040836930274963379e-01
9.437751004016063927e-01,1.000000000000000000e+00,6.695114890790897499e-01,5.017921497201729419e-01,5.039529204368591309e-01
9.638554216867469826e-01,1.000000000000000000e+00,6.655517262739650830e-01,5.015881808744577786e-01,5.038478970527648926e-01
9.839357429718875725e-01,1.000000000000000000e+00,6.616834100402303465e-01,5.014074262084283751e-01,5.037661194801330566e-01
1.004016064257028162e+00,1.000000000000000000e+00,6.579045468989395129e-01,5.012472436619308525e-01,5.037037730216979980e-01
1.024096385542168752e+00,1.000000000000000000e+00,6.542131734065680382e-01,5.011052918735522388e-01,5.036589503288269043e-01
1.044176706827309342e+00,1.000000000000000000e+00,6.506073573055973780e-01,5.009794959575396556e-01,5.036293864250183105e-01
1.064257028112449710e+00,1.000000000000000000e+00,6.470851984439369708e-01,5.008680171756716426e-01,5.036128163337707520e-01
1.084337349397590300e+00,1.000000000000000000e+00,6.436448294906664813e-01,5.007692260608098689e-01,5.036075711250305176e-01
1.104417670682730890e+00,1.000000000000000000e+00,6.402844164726333442e-01,5.006816785992986851e-01,5.036129355430603027e-01
1.124497991967871480e+00,1.000000000000000000e+00,6.370021591538004291e-01,5.006040951240875447e-01,5.036261677742004395e-01
1.144578313253012070e+00,1.000000000000000000e+00,6.337962912768458912e-01,5.005353416100685182e-01,5.036469101905822754e-01
1.164658634538152659e+00,1.000000000000000000e+00,6.306650806843776547e-01,5.004744130982283767e-01,5.036737322807312012e-01
1.184738955823293249e+00,1.000000000000000000e+00,6.276068293352053962e-01,5.004204190063349378e-01,5.037063956260681152e-01
1.204819277108433617e+00,1.000000000000000000e+00,6.246198732293856137e-01,5.003725701114465352e-01,5.037434697151184082e-01
1.224899598393574207e+00,1.000000000000000000e+00,6.217025822542153746e-01,5.003301670139713719e-01,5.037845969200134277e-01
1.244979919678714797e+00,1.000000000000000000e+00,6.188533599619782111e-01,5.002925899146568600e-01,5.038284659385681152e-01
1.265060240963855387e+00,1.000000000000000000e+00,6.160706432890086237e-01,5.002592895550876939e-01,5.038754343986511230e-01
1.285140562248995977e+00,1.000000000000000000e+00,6.133529022245474138e-01,5.002297791892635903e-01,5.039247870445251465e-01
1.305220883534136567e+00,1.000000000000000000e+00,6.106986394368832949e-01,5.002036274689132256e-01,5.039754509925842285e-01
1.325301204819277157e+00,1.000000000000000000e+00,6.081063898634029297e-01,5.001804521385450064e-01,5.040279030799865723e-01
1.345381526104417746e+00,1.000000000000000000e+00,6.055747202703947174e-01,5.001599144480808334e-01,5.040819048881530762e-01
1.365461847389558336e+00,1.000000000000000000e+00,6.031022287877630950e-01,5.001417142014005224e-01,5.041362643241882324e-01
1.385542168674698704e+00,1.000000000000000000e+00,6.006875444231984940e-01,5.001255853684239971e-01,5.041912198066711426e-01
1.405622489959839294e+00,1.000000000000000000e+00,5.983293265597954269e-01,5.001112921965921165e-01,5.042470097541809082e-01
1.425702811244979884e+00,1.000000000000000000e+00,5.960262644406360000e-01,5.000986257649100430e-01,5.043031573295593262e-01
1.445783132530120474e+00,1.000000000000000000e+00,5.937770766434167236e-01,5.000874009301812251e-01,5.043591856956481934e-01
1.465863453815261064e+00,1.000000000000000000e+00,5.915805105478242343e-01,5.000774536208011378e-01,5.044149756431579590e-01
1.485943775100401654e+00,1.000000000000000000e+00,5.894353417980182641e-01,5.000686384385473193e-01,5.044716000556945801e-01
1.506024096385542244e+00,1.000000000000000000e+00,5.873403737622853171e-01,5.000608265333174041e-01,5.045271515846252441e-01
1.526104417670682611e+00,1.000000000000000000e+00,5.852944369916592837e-01,5.000539037197484493e-01,5.045828223228454590e-01
1.546184738955823201e+00,1.000000000000000000e+00,5.832963886790695218e-01,5.000477688081873540e-01,5.046380162239074707e-01
1.566265060240963791e+00,1.000000000000000000e+00,5.813451121203673244e-01,5.000423321256175502e-01,5.046932101249694824e-01
1.586345381526104381e+00,1.000000000000000000e+00,5.794395161784012815e-01,5.000375142049234833e-01,5.047473311424255371e-01
1.606425702811244971e+00,1.000000000000000000e+00,5.775785347511409595e-01,5.000332446233330952e-01,5.048016905784606934e-01
1.626506024096385561e+00,1.000000000000000000e+00,5.757611262447163147e-01,5.000294609730585593e-01,5.048552155494689941e-01
1.646586345381526151e+00,1.000000000000000000e+00,5.739862730520974843e-01,5.000261079490924132e-01,5.049086213111877441e-01
1.666666666666666741e+00,1.000000000000000000e+00,5.722529810380444504e-01,5.000231365408219775e-01,5.049616694450378418e-01
1.686746987951807331e+00,1.000000000000000000e+00,5.705602790308405003e-01,5.000205033156492895e-01,5.050138831138610840e-01
1.706827309236947698e+00,1.000000000000000000e+00,5.689072183212500189e-01,5.000181697841461492e-01,5.050657391548156738e-01
1.726907630522088288e+00,1.000000000000000000e+00,5.672928721690539966e-01,5.000161018374573718e-01,5.051169991493225098e-01
1.746987951807228878e+00,1.000000000000000000e+00,5.657163353174556875e-01,5.000142692487384855e-01,5.051680207252502441e-01
1.767068273092369468e+00,1.000000000000000000e+00,5.641767235155871196e-01,5.000126452313345959e-01,5.052186846733093262e-01
1.787148594377510058e+00,1.000000000000000000e+00,5.626731730492930961e-01,5.000112060472446940e-01,5.052682757377624512e-01
1.807228915662650648e+00,1.000000000000000000e+00,5.612048402803285763e-01,5.000099306601459848e-01,5.053179860115051270e-01
1.827309236947791238e+00,1.000000000000000000e+00,5.597709011940612545e-01,5.000088004279106269e-01,5.053669810295104980e-01
1.847389558232931606e+00,1.000000000000000000e+00,5.583705509557367330e-01,5.000077988301153686e-01,5.054153800010681152e-01
1.867469879518072196e+00,1.000000000000000000e+00,5.570030034753368220e-01,5.000069112265659310e-01,5.054636597633361816e-01
1.887550200803212785e+00,1.000000000000000000e+00,5.556674909810310758e-01,5.000061246433045170e-01,5.055114626884460449e-01
1.907630522088353375e+00,1.000000000000000000e+00,5.543632636012000292e-01,5.000054275829696193e-01,5.055589079856872559e-01
1.927710843373493965e+00,1.000000000000000000e+00,5.530895889549902744e-01,5.000048098567420052e-01,5.056056380271911621e-01
1.947791164658634555e+00,1.000000000000000000e+00,5.518457517513434274e-01,5.000042624354170684e-01,5.056523680686950684e-01
1.967871485943775145e+00,1.000000000000000000e+00,5.506310533964251519e-01,5.000037773174256239e-01,5.056985020637512207e-01
1.987951807228915735e+00,1.000000000000000000e+00,5.494448116093708645e-01,5.000033474118757981e-01,5.057448744773864746e-01
2.008032128514056325e+00,1.000000000000000000e+00,5.482863600462510867e-01,5.000029664349067149e-01,5.057900547981262207e-01
2.028112449799196693e+00,1.000000000000000000e+00,5.471550479321531935e-01,5.000026288178401890e-01,5.058352351188659668e-01
2.048192771084337505e+00,1.000000000000000000e+00,5.460502397012660936e-01,5.000023296257815053e-01,5.058801770210266113e-01
2.068273092369477872e+00,1.000000000000000000e+00,5.449713146448512679e-01,5.000020644854881180e-01,5.059244036674499512e-01
2.088353413654618684e+00,1.000000000000000000e+00,5.439176665669757105e-01,5.000018295214468944e-01,5.059689879417419434e-01
2.108433734939759052e+00,1.000000000000000000e+00,5.428887034478803164e-01,5.000016212992264286e-01,5.060127377510070801e-01
2.128514056224899420e+00,1.000000000000000000e+00,5.418838471148527125e-01,5.000014367752757538e-01,5.060561299324035645e-01
2.148594377510040232e+00,1.000000000000000000e+00,5.409025329204723009e-01,5.000012732524385939e-01,5.060992836952209473e-01
2.168674698795180600e+00,1.000000000000000000e+00,5.399442094280930693e-01,5.000011283405276785e-01,5.061424374580383301e-01
2.188755020080321412e+00,1.000000000000000000e+00,5.390083381044269428e-01,5.000009999213889111e-01,5.061849951744079590e-01
2.208835341365461780e+00,1.000000000000000000e+00,5.380943930190943414e-01,5.000008861179404684e-01,5.062275528907775879e-01
2.228915662650602592e+00,1.000000000000000000e+00,5.372018605510016087e-01,5.000007852667346375e-01,5.062696337699890137e-01
2.248995983935742959e+00,1.000000000000000000e+00,5.363302391014130865e-01,5.000006958936463741e-01,5.063114762306213379e-01
2.269076305220883327e+00,1.000000000000000000e+00,5.354790388135779455e-01,5.000006166923235407e-01,5.063529610633850098e-01
2.289156626506024139e+00,1.000000000000000000e+00,5.346477812987820988e-01,5.000005465050928466e-01,5.063939690589904785e-01
2.309236947791164507e+00,1.000000000000000000e+00,5.338359993686838667e-01,5.000004843060393833e-01,5.064350962638854980e-01
2.329317269076305319e+00,1.000000000000000000e+00,5.330432367738084931e-01,5.000004291860090655e-01,5.064761042594909668e-01
2.349397590361445687e+00,1.000000000000000000e+00,5.322690479480647330e-01,5.000003803393218149e-01,5.065171122550964355e-01
2.369477911646586499e+00,1.000000000000000000e+00,5.315129977591579458e-01,5.000003370519930934e-01,5.065570473670959473e-01
2.389558232931726867e+00,1.000000000000000000e+00,5.307746612647673556e-01,5.000002986912988057e-01,5.065973401069641113e-01
2.409638554216867234e+00,1.000000000000000000e+00,5.300536234743666864e-01,5.000002646965271413e-01,5.066372752189636230e-01
2.429718875502008046e+00,1.000000000000000000e+00,5.293494791165601621e-01,5.000002345707820206e-01,5.066768527030944824e-01
2.449799196787148414e+00,1.000000000000000000e+00,5.286618324118133039e-01,5.000002078737197930e-01,5.067158341407775879e-01
2.469879518072289226e+00,1.000000000000000000e+00,5.279902968504581739e-01,5.000001842151147180e-01,5.067551732063293457e-01
2.489959839357429594e+00,1.000000000000000000e+00,5.273344949758558275e-01,5.000001632491518633e-01,5.067942738533020020e-01
2.510040160642570406e+00,1.000000000000000000e+00,5.266940581725992887e-01,5.000001446693754792e-01,5.068328976631164551e-01
2.530120481927710774e+00,1.000000000000000000e+00,5.260686264596439177e-01,5.000001282042083606e-01,5.068709254264831543e-01
2.550200803212851586e+00,1.000000000000000000e+00,5.254578482882531487e-01,5.000001136129818002e-01,5.069093108177185059e-01
2.570281124497991954e+00,1.000000000000000000e+00,5.248613803446514625e-01,5.000001006824175143e-01,5.069474577903747559e-01
2.590361445783132321e+00,1.000000000000000000e+00,5.242788873572757913e-01,5.000000892235115790e-01,5.069852471351623535e-01
2.610441767068273133e+00,1.000000000000000000e+00,5.237100419085213288e-01,5.000000790687713081e-01,5.070223212242126465e-01
2.630522088353413501e+00,1.000000000000000000e+00,5.231545242508796045e-01,5.000000700697663225e-01,5.070595145225524902e-01
2.650602409638554313e+00,1.000000000000000000e+00,5.226120221273662381e-01,5.000000620949595076e-01,5.070962309837341309e-01
2.670682730923694681e+00,1.000000000000000000e+00,5.220822305961413390e-01,5.000000550277844402e-01,5.071334242820739746e-01
2.690763052208835493e+00,1.000000000000000000e+00,5.215648518592258531e-01,5.000000487649417513e-01,5.071694254875183105e-01
2.710843373493975861e+00,1.000000000000000000e+00,5.210595950952178201e-01,5.000000432148881124e-01,5.072057843208312988e-01
2.730923694779116673e+00,1.000000000000000000e+00,5.205661762959196137e-01,5.000000382964997492e-01,5.072414278984069824e-01
2.751004016064257041e+00,1.000000000000000000e+00,5.200843181067819065e-01,5.000000339378848357e-01,5.072776675224304199e-01
2.771084337349397408e+00,1.000000000000000000e+00,5.196137496710776515e-01,5.000000300753342231e-01,5.073129534721374512e-01
2.791164658634538220e+00,1.000000000000000000e+00,5.191542064777212584e-01,5.000000266523899617e-01,5.073484778404235840e-01
2.811244979919678588e+00,1.000000000000000000e+00,5.187054302126451466e-01,5.000000236190190739e-01,5.073834061622619629e-01
2.831325301204819400e+00,1.000000000000000000e+00,5.182671686136541833e-01,5.000000209308830268e-01,5.074176192283630371e-01
2.851405622489959768e+00,1.000000000000000000e+00,5.178391753286749610e-01,5.000000185486902504e-01,5.074523091316223145e-01
2.871485943775100580e+00,1.000000000000000000e+00,5.174212097773217556e-01,5.000000164376204870e-01,5.074867606163024902e-01
2.891566265060240948e+00,1.000000000000000000e+00,5.170130370157031141e-01,5.000000145668167528e-01,5.075203776359558105e-01
2.911646586345381316e+00,1.000000000000000000e+00,5.166144276043922456e-01,5.000000129089340328e-01,5.075541138648986816e-01
2.931726907630522128e+00,1.000000000000000000e+00,5.162251574794867182e-01,5.000000114397392670e-01,5.075880885124206543e-01
2.951807228915662495e+00,1.000000000000000000e+00,5.158450078266897387e-01,5.000000101377567452e-01,5.076208710670471191e-01
2.971887550200803307e+00,1.000000000000000000e+00,5.154737649583355230e-01,5.000000089839555795e-01,5.076541304588317871e-01
2.991967871485943675e+00,1.000000000000000000e+00,5.151112201932985801e-01,5.000000079614713711e-01,5.076869130134582520e-01
3.012048192771084487e+00,1.000000000000000000e+00,5.147571697397118617e-01,5.000000070553586307e-01,5.077189803123474121e-01
3.032128514056224855e+00,1.000000000000000000e+00,5.144114145804346006e-01,5.000000062523728417e-01,5.077512860298156738e-01
3.052208835341365223e+00,1.000000000000000000e+00,5.140737603612001161e-01,5.000000055407763933e-01,5.077833533287048340e-01
3.072289156626506035e+00,1.000000000000000000e+00,5.137440172813867445e-01,5.000000049101688271e-01,5.078150629997253418e-01
3.092369477911646403e+00,1.000000000000000000e+00,5.134219999873461671e-01,5.000000043513319614e-01,5.078465342521667480e-01
3.112449799196787215e+00,1.000000000000000000e+00,5.131075274682322940e-01,5.000000038560976634e-01,5.078777670860290527e-01
3.132530120481927582e+00,1.000000000000000000e+00,5.128004229542713066e-01,5.000000034172272789e-01,5.079087615013122559e-01
3.152610441767068394e+00,1.000000000000000000e+00,5.125005138174161257e-01,5.000000030283056063e-01,5.079390406608581543e-01
3.172690763052208762e+00,1.000000000000000000e+00,5.122076314743306824e-01,5.000000026836479705e-01,5.079695582389831543e-01
3.192771084337349574e+00,1.000000000000000000e+00,5.119216112916485928e-01,5.000000023782166236e-01,5.079995989799499512e-01
3.212851405622489942e+00,1.000000000000000000e+00,5.116422924934546090e-01,5.000000021075471368e-01,5.080295205116271973e-01
3.232931726907630310e+00,1.000000000000000000e+00,5.113695180709373345e-01,5.000000018676834523e-01,5.080590844154357910e-01
3.253012048192771122e+00,1.000000000000000000e+00,5.111031346941614650e-01,5.000000016551191528e-01,5.080890059471130371e-01
3.273092369477911490e+00,1.000000000000000000e+00,5.108429926259124843e-01,5.000000014667475012e-01,5.081176161766052246e-01
3.293172690763052302e+00,1.000000000000000000e+00,5.105889456375664048e-01,5.000000012998151444e-01,5.081470608711242676e-01
3.313253012048192669e+00,1.000000000000000000e+00,5.103408509269349302e-01,5.000000011518819232e-01,5.081756711006164551e-01
3.333333333333333481e+00,1.000000000000000000e+00,5.100985690380456239e-01,5.000000010207854562e-01,5.082036852836608887e-01
3.353413654618473849e+00,1.000000000000000000e+00,5.098619637828089024e-01,5.000000009046092764e-01,5.082321763038635254e-01
3.373493975903614661e+00,1.000000000000000000e+00,5.096309021645321069e-01,5.000000008016550757e-01,5.082601904869079590e-01
3.393574297188755029e+00,1.000000000000000000e+00,5.094052543032373537e-01,5.000000007104179467e-01,5.082873702049255371e-01
3.413654618473895397e+00,1.000000000000000000e+00,5.091848933627443063e-01,5.000000006295650667e-01,5.083151459693908691e-01
3.433734939759036209e+00,1.000000000000000000e+00,5.089696954794784567e-01,5.000000005579144924e-01,5.083420872688293457e-01
3.453815261044176577e+00,1.000000000000000000e+00,5.087595396929670555e-01,5.000000004944186172e-01,5.083689093589782715e-01
3.473895582329317389e+00,1.000000000000000000e+00,5.085543078779873882e-01,5.000000004381490726e-01,5.083956122398376465e-01
3.493975903614457756e+00,1.000000000000000000e+00,5.083538846783310916e-01,5.000000003882834054e-01,5.084219574928283691e-01
3.514056224899598568e+00,1.000000000000000000e+00,5.081581574421535352e-01,5.000000003440931984e-01,5.084481835365295410e-01
3.534136546184738936e+00,1.000000000000000000e+00,5.079670161588742960e-01,5.000000003049327457e-01,5.084741711616516113e-01
3.554216867469879304e+00,1.000000000000000000e+00,5.077803533975993044e-01,5.000000002702287283e-01,5.084998011589050293e-01
3.574297188755020116e+00,1.000000000000000000e+00,5.075980642470363513e-01,5.000000002394743293e-01,5.085251927375793457e-01
3.594377510040160484e+00,1.000000000000000000e+00,5.074200462568781989e-01,5.000000002122203524e-01,5.085501074790954590e-01
3.614457831325301296e+00,1.000000000000000000e+00,5.072461993806270941e-01,5.000000001880683387e-01,5.085749030113220215e-01
3.634538152610441664e+00,1.000000000000000000e+00,5.070764259198387025e-01,5.000000001666655702e-01,5.085996985435485840e-01
3.654618473895582476e+00,1.000000000000000000e+00,5.069106304697669207e-01,5.000000001476988531e-01,5.086238980293273926e-01
3.674698795180722843e+00,1.000000000000000000e+00,5.067487198663919168e-01,5.000000001308905206e-01,5.086480975151062012e-01
3.694779116465863211e+00,1.000000000000000000e+00,5.065906031348144101e-01,5.000000001159951024e-01,5.086725354194641113e-01
3.714859437751004023e+00,1.000000000000000000e+00,5.064361914390101971e-01,5.000000001027949947e-01,5.086963772773742676e-01
3.734939759036144391e+00,1.000000000000000000e+00,5.062853980329330428e-01,5.000000000910972409e-01,5.087196230888366699e-01
3.755020080321285203e+00,1.000000000000000000e+00,5.061381382129669371e-01,5.000000000807306444e-01,5.087429881095886230e-01
3.775100401606425571e+00,1.000000000000000000e+00,5.059943292717261620e-01,5.000000000715435489e-01,5.087663531303405762e-01
3.795180722891566383e+00,1.000000000000000000e+00,5.058538904532138281e-01,5.000000000634019504e-01,5.087890028953552246e-01
3.815261044176706751e+00,1.000000000000000000e+00,5.057167429093512023e-01,5.000000000561871660e-01,5.088116526603698730e-01
3.835341365461847563e+00,1.000000000000000000e+00,5.055828096578973696e-01,5.000000000497929475e-01,5.088343024253845215e-01
3.855421686746987930e+00,1.000000000000000000e+00,5.054520155417928651e-01,5.000000000441267023e-01,5.088561177253723145e-01
3.875502008032128298e+00,1.000000000000000000e+00,5.053242871899622513e-01,5.000000000391054966e-01,5.088782906532287598e-01
3.895582329317269110e+00,1.000000000000000000e+00,5.051995529796272644e-01,5.000000000346557227e-01,5.089002251625061035e-01
3.915662650602409478e+00,1.000000000000000000e+00,5.050777430001934798e-01,5.000000000307119885e-01,5.089218020439147949e-01
3.935742971887550290e+00,1.000000000000000000e+00,5.049587890187889894e-01,5.000000000272173395e-01,5.089430212974548340e-01
3.955823293172690658e+00,1.000000000000000000e+00,5.048426244475482383e-01,5.000000000241203724e-01,5.089642405509948730e-01
3.975903614457831470e+00,1.000000000000000000e+00,5.047291843127562627e-01,5.000000000213764562e-01,5.089852213859558105e-01
3.995983935742971838e+00,1.000000000000000000e+00,5.046184052259944375e-01,5.000000000189446236e-01,5.090059638023376465e-01
4.016064257028112650e+00,1.000000000000000000e+00,5.045102253574470508e-01,5.000000000167897918e-01,5.090265870094299316e-01
4.036144578313252573e+00,1.000000000000000000e+00,5.044045844115685462e-01,5.000000000148799861e-01,5.090468525886535645e-01
4.056224899598393385e+00,1.000000000000000000e+00,5.043014236053428023e-01,5.000000000131878952e-01,5.090669989585876465e-01
4.076305220883534197e+00,1.000000000000000000e+00,5.042006856494063438e-01,5.000000000116883170e-01,5.090870261192321777e-01
4.096385542168675009e+00,1.000000000000000000e+00,5.041023147323633324e-01,5.000000000103594910e-01,5.091066956520080566e-01
4.116465863453814933e+00,1.000000000000000000e+00,5.040062565086649293e-01,5.000000000091818775e-01,5.091263651847839355e-01
4.136546184738955745e+00,1.000000000000000000e+00,5.039124580905045558e-01,5.000000000081383789e-01,5.091459155082702637e-01
4.156626506024096557e+00,1.000000000000000000e+00,5.038208680442481935e-01,5.000000000072133410e-01,5.091648697853088379e-01
4.176706827309237369e+00,1.000000000000000000e+00,5.037314363920099014e-01,5.000000000063934413e-01,5.091840624809265137e-01
4.196787148594377292e+00,1.000000000000000000e+00,5.036441146190878682e-01,5.000000000056670224e-01,5.092025399208068848e-01
4.216867469879518104e+00,1.000000000000000000e+00,5.035588556880928879e-01,5.000000000050233151e-01,5.092213749885559082e-01
4.236947791164658916e+00,1.000000000000000000e+00,5.034756140607392627e-01,5.000000000044531046e-01,5.092400908470153809e-01
4.257028112449798840e+00,1.000000000000000000e+00,5.033943457284330014e-01,5.000000000039475090e-01,5.092580914497375488e-01
4.277108433734939652e+00,1.000000000000000000e+00,5.033150082529682656e-01,5.000000000034993120e-01,5.092760920524597168e-01
4.297188755020080464e+00,1.000000000000000000e+00,5.032375608188665028e-01,5.000000000031020742e-01,5.092943310737609863e-01
4.317269076305221276e+00,1.000000000000000000e+00,5.031619642991297381e-01,5.000000000027499114e-01,5.093118548393249512e-01
4.337349397590361200e+00,1.000000000000000000e+00,5.030881813364690425e-01,5.000000000024382718e-01,5.093294978141784668e-01
4.357429718875502012e+00,1.000000000000000000e+00,5.030161764423874970e-01,5.000000000021618263e-01,5.093473792076110840e-01
4.377510040160642824e+00,1.000000000000000000e+00,5.029459161168743364e-01,5.000000000019170221e-01,5.093645453453063965e-01
4.397590361445782747e+00,1.000000000000000000e+00,5.028773689918820677e-01,5.000000000017004176e-01,5.093817114830017090e-01
4.417670682730923559e+00,1.000000000000000000e+00,5.028105060022418638e-01,5.000000000015081270e-01,5.093986392021179199e-01
4.437751004016064371e+00,1.000000000000000000e+00,5.027453005882120962e-01,5.000000000013380408e-01,5.094154477119445801e-01
4.457831325301205183e+00,1.000000000000000000e+00,5.026817289344569506e-01,5.000000000011871615e-01,5.094324946403503418e-01
4.477911646586345107e+00,1.000000000000000000e+00,5.026197702509264120e-01,5.000000000010534906e-01,5.094485878944396973e-01
4.497991967871485919e+00,1.000000000000000000e+00,5.025594071018409936e-01,5.000000000009353629e-01,5.094649195671081543e-01
4.518072289156626731e+00,1.000000000000000000e+00,5.025006257897889350e-01,5.000000000008302248e-01,5.094813704490661621e-01
4.538152610441766655e+00,1.000000000000000000e+00,5.024434168027777092e-01,5.000000000007369660e-01,5.094975829124450684e-01
4.558232931726907466e+00,1.000000000000000000e+00,5.023877753329608620e-01,5.000000000006545875e-01,5.095133185386657715e-01
4.578313253012048278e+00,1.000000000000000000e+00,5.023337018766146356e-01,5.000000000005813128e-01,5.095295310020446777e-01
4.598393574297189090e+00,1.000000000000000000e+00,5.022812029257323063e-01,5.000000000005169198e-01,5.095445513725280762e-01
4.618473895582329014e+00,1.000000000000000000e+00,5.022302917622408769e-01,5.000000000004596323e-01,5.095602869987487793e-01
4.638554216867469826e+00,1.000000000000000000e+00,5.021809893662035895e-01,5.000000000004090062e-01,5.095756649971008301e-01
4.658634538152610638e+00,1.000000000000000000e+00,5.021333254492637010e-01,5.000000000003641532e-01,5.095908045768737793e-01
4.678714859437750562e+00,1.000000000000000000e+00,5.020873396237557351e-01,5.000000000003241851e-01,5.096059441566467285e-01
4.698795180722891374e+00,1.000000000000000000e+00,5.020430827159838572e-01,5.000000000002888800e-01,5.096208453178405762e-01
4.718875502008032186e+00,1.000000000000000000e+00,5.020006182286214091e-01,5.000000000002573497e-01,5.096359848976135254e-01
4.738955823293172998e+00,1.000000000000000000e+00,5.019600239512951312e-01,5.000000000002294831e-01,5.096508860588073730e-01
4.759036144578312921e+00,1.000000000000000000e+00,5.019213937091632216e-01,5.000000000002052802e-01,5.096654295921325684e-01
4.779116465863453733e+00,1.000000000000000000e+00,5.018848392252431845e-01,5.000000000001837419e-01,5.096802115440368652e-01
4.799196787148594545e+00,1.000000000000000000e+00,5.018504920514442746e-01,5.000000000001649791e-01,5.096942782402038574e-01
4.819277108433734469e+00,1.000000000000000000e+00,5.018185054928724353e-01,5.000000000001486589e-01,5.097085833549499512e-01
4.839357429718875281e+00,1.000000000000000000e+00,5.017890564061198155e-01,5.000000000001348921e-01,5.097225308418273926e-01
4.859437751004016093e+00,1.000000000000000000e+00,5.017623466892238149e-01,5.000000000001226796e-01,5.097368359565734863e-01
4.879518072289156905e+00,1.000000000000000000e+00,5.017386041905609328e-01,5.000000000001120215e-01,5.097504258155822754e-01
4.899598393574296828e+00,1.000000000000000000e+00,5.017180826337018784e-01,5.000000000001032507e-01,5.097641348838806152e-01
4.919678714859437640e+00,1.000000000000000000e+00,5.017010599659514902e-01,5.000000000000960343e-01,5.097779631614685059e-01
4.939759036144578452e+00,1.000000000000000000e+00,5.016878342587448580e-01,5.000000000000903722e-01,5.097920298576354980e-01
4.959839357429719264e+00,1.000000000000000000e+00,5.016787158653877032e-01,5.000000000000864864e-01,5.098053812980651855e-01
4.979919678714859188e+00,1.000000000000000000e+00,5.016740138816396799e-01,5.000000000000843769e-01,5.098186135292053223e-01
5.000000000000000000e+00,1.000000000000000000e+00,5.016740138816396799e-01,5.000000000000843769e-01,5.098319649696350098e-01
